ISO-10303-21;
HEADER;
/* Generated by software containing ST-Developer
 * from STEP Tools, Inc. (www.steptools.com) 
 */

FILE_DESCRIPTION(
/* description */ (''),
/* implementation_level */ '2;1');

FILE_NAME(
/* name */ 'Satellite mount rod.step',
/* time_stamp */ '2026-09-08T22:25:00+05:30',
/* author */ (''),
/* organization */ (''),
/* preprocessor_version */ 'ST-DEVELOPER v20.2',
/* originating_system */ 'Autodesk Translation Framework v15.15.0.0',
/* authorisation */ '');

FILE_SCHEMA (('AUTOMOTIVE_DESIGN { 1 0 10303 214 3 1 1 }'));
ENDSEC;

DATA;
#10=MECHANICAL_DESIGN_GEOMETRIC_PRESENTATION_REPRESENTATION('',(#13),#2317);
#11=SHAPE_REPRESENTATION_RELATIONSHIP('SRR','None',#2324,#12);
#12=ADVANCED_BREP_SHAPE_REPRESENTATION('',(#14),#2316);
#13=STYLED_ITEM('',(#2333),#14);
#14=MANIFOLD_SOLID_BREP('Body1',#781);
#15=FACE_BOUND('',#74,.T.);
#16=FACE_BOUND('',#78,.T.);
#17=FACE_BOUND('',#79,.T.);
#18=FACE_BOUND('',#80,.T.);
#19=FACE_BOUND('',#81,.T.);
#20=FACE_BOUND('',#82,.T.);
#21=FACE_BOUND('',#83,.T.);
#22=FACE_BOUND('',#84,.T.);
#23=FACE_BOUND('',#85,.T.);
#24=FACE_BOUND('',#87,.T.);
#25=FACE_BOUND('',#88,.T.);
#26=FACE_BOUND('',#89,.T.);
#27=FACE_BOUND('',#90,.T.);
#28=FACE_BOUND('',#91,.T.);
#29=FACE_BOUND('',#92,.T.);
#30=FACE_BOUND('',#93,.T.);
#31=FACE_BOUND('',#94,.T.);
#32=FACE_BOUND('',#96,.T.);
#33=CIRCLE('',#810,17.5);
#34=CIRCLE('',#811,15.5);
#35=CIRCLE('',#815,15.5);
#36=CIRCLE('',#817,17.5);
#37=PLANE('',#809);
#38=PLANE('',#818);
#39=FACE_OUTER_BOUND('',#59,.T.);
#40=FACE_OUTER_BOUND('',#60,.T.);
#41=FACE_OUTER_BOUND('',#61,.T.);
#42=FACE_OUTER_BOUND('',#62,.T.);
#43=FACE_OUTER_BOUND('',#63,.T.);
#44=FACE_OUTER_BOUND('',#64,.T.);
#45=FACE_OUTER_BOUND('',#65,.T.);
#46=FACE_OUTER_BOUND('',#66,.T.);
#47=FACE_OUTER_BOUND('',#67,.T.);
#48=FACE_OUTER_BOUND('',#68,.T.);
#49=FACE_OUTER_BOUND('',#69,.T.);
#50=FACE_OUTER_BOUND('',#70,.T.);
#51=FACE_OUTER_BOUND('',#71,.T.);
#52=FACE_OUTER_BOUND('',#72,.T.);
#53=FACE_OUTER_BOUND('',#73,.T.);
#54=FACE_OUTER_BOUND('',#75,.T.);
#55=FACE_OUTER_BOUND('',#76,.T.);
#56=FACE_OUTER_BOUND('',#77,.T.);
#57=FACE_OUTER_BOUND('',#86,.T.);
#58=FACE_OUTER_BOUND('',#95,.T.);
#59=EDGE_LOOP('',(#483,#484,#485,#486,#487,#488,#489,#490,#491,#492));
#60=EDGE_LOOP('',(#493,#494,#495,#496,#497,#498));
#61=EDGE_LOOP('',(#499,#500,#501,#502,#503,#504,#505,#506,#507,#508));
#62=EDGE_LOOP('',(#509,#510,#511,#512,#513,#514));
#63=EDGE_LOOP('',(#515,#516,#517,#518,#519,#520,#521,#522,#523,#524));
#64=EDGE_LOOP('',(#525,#526,#527,#528,#529,#530));
#65=EDGE_LOOP('',(#531,#532,#533,#534,#535,#536,#537,#538,#539,#540));
#66=EDGE_LOOP('',(#541,#542,#543,#544,#545,#546));
#67=EDGE_LOOP('',(#547,#548,#549,#550,#551,#552,#553,#554,#555,#556));
#68=EDGE_LOOP('',(#557,#558,#559,#560,#561,#562));
#69=EDGE_LOOP('',(#563,#564,#565,#566,#567,#568,#569,#570,#571,#572));
#70=EDGE_LOOP('',(#573,#574,#575,#576,#577,#578));
#71=EDGE_LOOP('',(#579,#580,#581,#582,#583,#584,#585,#586,#587,#588));
#72=EDGE_LOOP('',(#589,#590,#591,#592,#593,#594));
#73=EDGE_LOOP('',(#595));
#74=EDGE_LOOP('',(#596));
#75=EDGE_LOOP('',(#597,#598,#599,#600));
#76=EDGE_LOOP('',(#601,#602,#603,#604,#605,#606,#607,#608));
#77=EDGE_LOOP('',(#609,#610,#611,#612,#613,#614,#615,#616,#617,#618,#619,
#620,#621,#622,#623,#624,#625,#626,#627,#628,#629,#630,#631,#632,#633,#634,
#635,#636,#637,#638,#639,#640,#641,#642,#643,#644,#645,#646,#647,#648,#649,
#650,#651,#652,#653,#654,#655,#656,#657,#658,#659));
#78=EDGE_LOOP('',(#660,#661));
#79=EDGE_LOOP('',(#662,#663));
#80=EDGE_LOOP('',(#664,#665));
#81=EDGE_LOOP('',(#666,#667));
#82=EDGE_LOOP('',(#668,#669));
#83=EDGE_LOOP('',(#670,#671));
#84=EDGE_LOOP('',(#672,#673));
#85=EDGE_LOOP('',(#674));
#86=EDGE_LOOP('',(#675,#676,#677,#678,#679,#680,#681,#682,#683,#684,#685,
#686,#687,#688,#689,#690,#691,#692,#693,#694,#695,#696,#697,#698,#699,#700,
#701,#702,#703,#704,#705,#706,#707,#708,#709,#710,#711,#712,#713,#714,#715,
#716,#717,#718,#719,#720,#721,#722,#723,#724,#725));
#87=EDGE_LOOP('',(#726,#727));
#88=EDGE_LOOP('',(#728,#729));
#89=EDGE_LOOP('',(#730,#731));
#90=EDGE_LOOP('',(#732,#733));
#91=EDGE_LOOP('',(#734,#735));
#92=EDGE_LOOP('',(#736,#737));
#93=EDGE_LOOP('',(#738,#739));
#94=EDGE_LOOP('',(#740));
#95=EDGE_LOOP('',(#741));
#96=EDGE_LOOP('',(#742));
#97=LINE('',#944,#131);
#98=LINE('',#1042,#132);
#99=LINE('',#1116,#133);
#100=LINE('',#1210,#134);
#101=LINE('',#1288,#135);
#102=LINE('',#1386,#136);
#103=LINE('',#1464,#137);
#104=LINE('',#1562,#138);
#105=LINE('',#1640,#139);
#106=LINE('',#1738,#140);
#107=LINE('',#1816,#141);
#108=LINE('',#1914,#142);
#109=LINE('',#1992,#143);
#110=LINE('',#2090,#144);
#111=LINE('',#2170,#145);
#112=LINE('',#2219,#146);
#113=LINE('',#2290,#147);
#114=LINE('',#2291,#148);
#115=LINE('',#2292,#149);
#116=LINE('',#2293,#150);
#117=LINE('',#2294,#151);
#118=LINE('',#2295,#152);
#119=LINE('',#2296,#153);
#120=LINE('',#2297,#154);
#121=LINE('',#2299,#155);
#122=LINE('',#2302,#156);
#123=LINE('',#2303,#157);
#124=LINE('',#2304,#158);
#125=LINE('',#2305,#159);
#126=LINE('',#2306,#160);
#127=LINE('',#2307,#161);
#128=LINE('',#2308,#162);
#129=LINE('',#2309,#163);
#130=LINE('',#2311,#164);
#131=VECTOR('',#823,2.12499999999999);
#132=VECTOR('',#826,2.12499999999999);
#133=VECTOR('',#829,2.12500000000001);
#134=VECTOR('',#832,2.12500000000001);
#135=VECTOR('',#835,2.12500000000001);
#136=VECTOR('',#838,2.12500000000001);
#137=VECTOR('',#841,2.125);
#138=VECTOR('',#844,2.125);
#139=VECTOR('',#847,2.12499999999999);
#140=VECTOR('',#850,2.12499999999999);
#141=VECTOR('',#853,2.12500000000001);
#142=VECTOR('',#856,2.12500000000001);
#143=VECTOR('',#859,2.125);
#144=VECTOR('',#862,2.125);
#145=VECTOR('',#871,2.125);
#146=VECTOR('',#874,2.125);
#147=VECTOR('',#877,15.5);
#148=VECTOR('',#878,15.5);
#149=VECTOR('',#879,15.5);
#150=VECTOR('',#880,15.5);
#151=VECTOR('',#881,15.5);
#152=VECTOR('',#882,15.5);
#153=VECTOR('',#883,15.5);
#154=VECTOR('',#884,15.5);
#155=VECTOR('',#885,15.5);
#156=VECTOR('',#890,17.5);
#157=VECTOR('',#891,17.5);
#158=VECTOR('',#892,17.5);
#159=VECTOR('',#893,17.5);
#160=VECTOR('',#894,17.5);
#161=VECTOR('',#895,17.5);
#162=VECTOR('',#896,17.5);
#163=VECTOR('',#897,17.5);
#164=VECTOR('',#898,17.5);
#165=B_SPLINE_CURVE_WITH_KNOTS('',3,(#907,#908,#909,#910,#911,#912,#913,
#914,#915,#916,#917,#918),.UNSPECIFIED.,.F.,.F.,(4,2,2,2,2,4),(0.,0.0801311677798813,
0.160262335559763,0.240392917964952,0.320523500370141,0.320528793679741),
 .UNSPECIFIED.);
#166=B_SPLINE_CURVE_WITH_KNOTS('',3,(#920,#921,#922,#923,#924,#925,#926,
#927,#928,#929,#930,#931),.UNSPECIFIED.,.F.,.F.,(4,2,2,2,2,4),(0.961565106207151,
0.961570399516749,1.04170098192194,1.12183156432713,1.20196273210701,1.28209389988689),
 .UNSPECIFIED.);
#167=B_SPLINE_CURVE_WITH_KNOTS('',3,(#933,#934,#935,#936,#937,#938,#939,
#940,#941,#942),.UNSPECIFIED.,.F.,.F.,(4,2,2,2,4),(0.641046949943445,0.721178115288347,
0.801309280633249,0.881439840074999,0.961565106207151),.UNSPECIFIED.);
#168=B_SPLINE_CURVE_WITH_KNOTS('',3,(#946,#947,#948,#949,#950,#951,#952,
#953,#954,#955),.UNSPECIFIED.,.F.,.F.,(4,2,2,2,4),(0.320622998953646,0.400771623350066,
0.480925541056086,0.561080443688113,0.64123534632014),.UNSPECIFIED.);
#169=B_SPLINE_CURVE_WITH_KNOTS('',3,(#957,#958,#959,#960,#961,#962,#963,
#964,#965,#966,#967,#968),.UNSPECIFIED.,.F.,.F.,(4,2,2,2,2,4),(0.,0.0801549057960901,
0.16030981159218,0.240463758618113,0.320617705644047,0.320622998953646),
 .UNSPECIFIED.);
#170=B_SPLINE_CURVE_WITH_KNOTS('',3,(#970,#971,#972,#973,#974,#975,#976,
#977,#978,#979,#980,#981),.UNSPECIFIED.,.F.,.F.,(4,2,2,2,2,4),(0.961847693686634,
0.961852986996233,1.04200693402217,1.1221608810481,1.20231578684419,1.28247069264028),
 .UNSPECIFIED.);
#171=B_SPLINE_CURVE_WITH_KNOTS('',3,(#982,#983,#984,#985,#986,#987,#988,
#989,#990,#991),.UNSPECIFIED.,.F.,.F.,(4,2,2,2,4),(0.64123534632014,0.721390248952167,
0.801545151584193,0.881699069290213,0.961847693686634),.UNSPECIFIED.);
#172=B_SPLINE_CURVE_WITH_KNOTS('',3,(#992,#993,#994,#995,#996,#997,#998,
#999,#1000,#1001),.UNSPECIFIED.,.F.,.F.,(4,2,2,2,4),(0.320528793679741,
0.400654059811891,0.480784619253641,0.560915784598543,0.641046949943445),
 .UNSPECIFIED.);
#173=B_SPLINE_CURVE_WITH_KNOTS('',3,(#1005,#1006,#1007,#1008,#1009,#1010,
#1011,#1012,#1013,#1014,#1015,#1016,#1017,#1018,#1019,#1020,#1021,#1022),
 .UNSPECIFIED.,.F.,.F.,(4,2,2,2,2,2,2,2,4),(0.,0.08015490579609,0.16030981159218,
0.240463758618113,0.320617705644047,0.400771623350066,0.480925541056086,
0.561080443688113,0.64123534632014),.UNSPECIFIED.);
#174=B_SPLINE_CURVE_WITH_KNOTS('',3,(#1023,#1024,#1025,#1026,#1027,#1028,
#1029,#1030,#1031,#1032,#1033,#1034,#1035,#1036,#1037,#1038,#1039,#1040),
 .UNSPECIFIED.,.F.,.F.,(4,2,2,2,2,2,2,2,4),(0.64123534632014,0.721390248952167,
0.801545151584194,0.881699069290213,0.961852986996233,1.04200693402217,
1.1221608810481,1.20231578684419,1.28247069264028),.UNSPECIFIED.);
#175=B_SPLINE_CURVE_WITH_KNOTS('',3,(#1044,#1045,#1046,#1047,#1048,#1049,
#1050,#1051,#1052,#1053,#1054,#1055,#1056,#1057,#1058,#1059,#1060,#1061),
 .UNSPECIFIED.,.F.,.F.,(4,2,2,2,2,2,2,2,4),(0.,0.0801311677798813,0.160262335559763,
0.240392917964952,0.320523500370141,0.400654059811891,0.480784619253641,
0.560915784598543,0.641046949943445),.UNSPECIFIED.);
#176=B_SPLINE_CURVE_WITH_KNOTS('',3,(#1062,#1063,#1064,#1065,#1066,#1067,
#1068,#1069,#1070,#1071,#1072,#1073,#1074,#1075,#1076,#1077,#1078,#1079),
 .UNSPECIFIED.,.F.,.F.,(4,2,2,2,2,2,2,2,4),(0.641046949943445,0.721178115288347,
0.801309280633249,0.881439840074999,0.961570399516749,1.04170098192194,
1.12183156432713,1.20196273210701,1.28209389988689),.UNSPECIFIED.);
#177=B_SPLINE_CURVE_WITH_KNOTS('',3,(#1083,#1084,#1085,#1086,#1087,#1088,
#1089,#1090,#1091,#1092),.UNSPECIFIED.,.F.,.F.,(4,2,2,2,4),(0.,0.0801311665624094,
0.160262333124819,0.240392904047899,0.32052347497098),.UNSPECIFIED.);
#178=B_SPLINE_CURVE_WITH_KNOTS('',3,(#1094,#1095,#1096,#1097,#1098,#1099,
#1100,#1101,#1102,#1103),.UNSPECIFIED.,.F.,.F.,(4,2,2,2,4),(0.961570424912939,
1.04170099583602,1.1218315667591,1.20196273332151,1.28209389988392),
 .UNSPECIFIED.);
#179=B_SPLINE_CURVE_WITH_KNOTS('',3,(#1105,#1106,#1107,#1108,#1109,#1110,
#1111,#1112,#1113,#1114),.UNSPECIFIED.,.F.,.F.,(4,2,2,2,4),(0.64104694994196,
0.721178116504369,0.801309283066778,0.881439853989858,0.961570424912939),
 .UNSPECIFIED.);
#180=B_SPLINE_CURVE_WITH_KNOTS('',3,(#1118,#1119,#1120,#1121,#1122,#1123,
#1124,#1125,#1126,#1127),.UNSPECIFIED.,.F.,.F.,(4,2,2,2,4),(0.320617673159116,
0.400771605524593,0.480925537890071,0.561080442104151,0.641235346318231),
 .UNSPECIFIED.);
#181=B_SPLINE_CURVE_WITH_KNOTS('',3,(#1129,#1130,#1131,#1132,#1133,#1134,
#1135,#1136,#1137,#1138),.UNSPECIFIED.,.F.,.F.,(4,2,2,2,4),(0.,0.08015490421408,
0.16030980842816,0.240463740793638,0.320617673159116),.UNSPECIFIED.);
#182=B_SPLINE_CURVE_WITH_KNOTS('',3,(#1140,#1141,#1142,#1143,#1144,#1145,
#1146,#1147,#1148,#1149),.UNSPECIFIED.,.F.,.F.,(4,2,2,2,4),(0.961853019477345,
1.04200695184282,1.1221608842083,1.20231578842238,1.28247069263646),
 .UNSPECIFIED.);
#183=B_SPLINE_CURVE_WITH_KNOTS('',3,(#1150,#1151,#1152,#1153,#1154,#1155,
#1156,#1157,#1158,#1159),.UNSPECIFIED.,.F.,.F.,(4,2,2,2,4),(0.641235346318231,
0.72139025053231,0.801545154746388,0.881699087111866,0.961853019477345),
 .UNSPECIFIED.);
#184=B_SPLINE_CURVE_WITH_KNOTS('',3,(#1160,#1161,#1162,#1163,#1164,#1165,
#1166,#1167,#1168,#1169),.UNSPECIFIED.,.F.,.F.,(4,2,2,2,4),(0.32052347497098,
0.40065404589406,0.480784616817141,0.56091578337955,0.64104694994196),
 .UNSPECIFIED.);
#185=B_SPLINE_CURVE_WITH_KNOTS('',3,(#1173,#1174,#1175,#1176,#1177,#1178,
#1179,#1180,#1181,#1182,#1183,#1184,#1185,#1186,#1187,#1188,#1189,#1190),
 .UNSPECIFIED.,.F.,.F.,(4,2,2,2,2,2,2,2,4),(0.,0.0801549042140783,0.160309808428157,
0.240463740793635,0.320617673159114,0.400771605524592,0.480925537890071,
0.561080442104149,0.641235346318227),.UNSPECIFIED.);
#186=B_SPLINE_CURVE_WITH_KNOTS('',3,(#1191,#1192,#1193,#1194,#1195,#1196,
#1197,#1198,#1199,#1200,#1201,#1202,#1203,#1204,#1205,#1206,#1207,#1208),
 .UNSPECIFIED.,.F.,.F.,(4,2,2,2,2,2,2,2,4),(0.641235346318227,0.721390250532307,
0.801545154746387,0.881699087111865,0.961853019477343,1.04200695184282,
1.1221608842083,1.20231578842238,1.28247069263646),.UNSPECIFIED.);
#187=B_SPLINE_CURVE_WITH_KNOTS('',3,(#1212,#1213,#1214,#1215,#1216,#1217,
#1218,#1219,#1220,#1221,#1222,#1223,#1224,#1225,#1226,#1227,#1228,#1229),
 .UNSPECIFIED.,.F.,.F.,(4,2,2,2,2,2,2,2,4),(0.,0.0801311665624093,0.160262333124819,
0.240392904047899,0.320523474970979,0.400654045894059,0.480784616817139,
0.560915783379548,0.641046949941958),.UNSPECIFIED.);
#188=B_SPLINE_CURVE_WITH_KNOTS('',3,(#1230,#1231,#1232,#1233,#1234,#1235,
#1236,#1237,#1238,#1239,#1240,#1241,#1242,#1243,#1244,#1245,#1246,#1247),
 .UNSPECIFIED.,.F.,.F.,(4,2,2,2,2,2,2,2,4),(0.641046949941958,0.721178116504367,
0.801309283066776,0.881439853989857,0.961570424912937,1.04170099583602,
1.1218315667591,1.20196273332151,1.28209389988392),.UNSPECIFIED.);
#189=B_SPLINE_CURVE_WITH_KNOTS('',3,(#1251,#1252,#1253,#1254,#1255,#1256,
#1257,#1258,#1259,#1260,#1261,#1262),.UNSPECIFIED.,.F.,.F.,(4,2,2,2,2,4),
(0.,0.0801311670673925,0.160262334134785,0.24039290982028,0.320523485505775,
0.320525681046333),.UNSPECIFIED.);
#190=B_SPLINE_CURVE_WITH_KNOTS('',3,(#1264,#1265,#1266,#1267,#1268,#1269,
#1270,#1271,#1272,#1273,#1274,#1275),.UNSPECIFIED.,.F.,.F.,(4,2,2,2,2,4),
(0.961568218838092,0.96157041437865,1.04170099006414,1.12183156574964,1.20196273281703,
1.28209389988442),.UNSPECIFIED.);
#191=B_SPLINE_CURVE_WITH_KNOTS('',3,(#1277,#1278,#1279,#1280,#1281,#1282,
#1283,#1284,#1285,#1286),.UNSPECIFIED.,.F.,.F.,(4,2,2,2,4),(0.641046949942212,
0.721178115999631,0.80130928205705,0.88143984821785,0.961568218838092),
 .UNSPECIFIED.);
#192=B_SPLINE_CURVE_WITH_KNOTS('',3,(#1290,#1291,#1292,#1293,#1294,#1295,
#1296,#1297,#1298,#1299),.UNSPECIFIED.,.F.,.F.,(4,2,2,2,4),(0.320619882173428,
0.400771612917828,0.480925539202786,0.561080442760672,0.641235346318558),
 .UNSPECIFIED.);
#193=B_SPLINE_CURVE_WITH_KNOTS('',3,(#1301,#1302,#1303,#1304,#1305,#1306,
#1307,#1308,#1309,#1310,#1311,#1312),.UNSPECIFIED.,.F.,.F.,(4,2,2,2,2,4),
(0.,0.0801549048702651,0.16030980974053,0.2404637481867,0.32061768663287,
0.320619882173428),.UNSPECIFIED.);
#194=B_SPLINE_CURVE_WITH_KNOTS('',3,(#1314,#1315,#1316,#1317,#1318,#1319,
#1320,#1321,#1322,#1323,#1324,#1325),.UNSPECIFIED.,.F.,.F.,(4,2,2,2,2,4),
(0.961850810463688,0.961853006004246,1.04200694445042,1.12216088289659,
1.20231578776685,1.28247069263712),.UNSPECIFIED.);
#195=B_SPLINE_CURVE_WITH_KNOTS('',3,(#1326,#1327,#1328,#1329,#1330,#1331,
#1332,#1333,#1334,#1335),.UNSPECIFIED.,.F.,.F.,(4,2,2,2,4),(0.641235346318558,
0.721390249876444,0.80154515343433,0.881699079719288,0.961850810463688),
 .UNSPECIFIED.);
#196=B_SPLINE_CURVE_WITH_KNOTS('',3,(#1336,#1337,#1338,#1339,#1340,#1341,
#1342,#1343,#1344,#1345),.UNSPECIFIED.,.F.,.F.,(4,2,2,2,4),(0.320525681046333,
0.400654051666575,0.480784617827374,0.560915783884793,0.641046949942212),
 .UNSPECIFIED.);
#197=B_SPLINE_CURVE_WITH_KNOTS('',3,(#1349,#1350,#1351,#1352,#1353,#1354,
#1355,#1356,#1357,#1358,#1359,#1360,#1361,#1362,#1363,#1364,#1365,#1366),
 .UNSPECIFIED.,.F.,.F.,(4,2,2,2,2,2,2,2,4),(0.,0.0801549048702651,0.16030980974053,
0.2404637481867,0.32061768663287,0.400771612917828,0.480925539202786,0.561080442760672,
0.641235346318558),.UNSPECIFIED.);
#198=B_SPLINE_CURVE_WITH_KNOTS('',3,(#1367,#1368,#1369,#1370,#1371,#1372,
#1373,#1374,#1375,#1376,#1377,#1378,#1379,#1380,#1381,#1382,#1383,#1384),
 .UNSPECIFIED.,.F.,.F.,(4,2,2,2,2,2,2,2,4),(0.641235346318558,0.721390249876444,
0.80154515343433,0.881699079719288,0.961853006004246,1.04200694445042,1.12216088289659,
1.20231578776685,1.28247069263712),.UNSPECIFIED.);
#199=B_SPLINE_CURVE_WITH_KNOTS('',3,(#1388,#1389,#1390,#1391,#1392,#1393,
#1394,#1395,#1396,#1397,#1398,#1399,#1400,#1401,#1402,#1403,#1404,#1405),
 .UNSPECIFIED.,.F.,.F.,(4,2,2,2,2,2,2,2,4),(0.,0.0801311670673925,0.160262334134785,
0.24039290982028,0.320523485505775,0.400654051666575,0.480784617827374,
0.560915783884793,0.641046949942212),.UNSPECIFIED.);
#200=B_SPLINE_CURVE_WITH_KNOTS('',3,(#1406,#1407,#1408,#1409,#1410,#1411,
#1412,#1413,#1414,#1415,#1416,#1417,#1418,#1419,#1420,#1421,#1422,#1423),
 .UNSPECIFIED.,.F.,.F.,(4,2,2,2,2,2,2,2,4),(0.641046949942212,0.721178115999631,
0.80130928205705,0.88143984821785,0.96157041437865,1.04170099006414,1.12183156574964,
1.20196273281703,1.28209389988442),.UNSPECIFIED.);
#201=B_SPLINE_CURVE_WITH_KNOTS('',3,(#1427,#1428,#1429,#1430,#1431,#1432,
#1433,#1434,#1435,#1436,#1437,#1438),.UNSPECIFIED.,.F.,.F.,(4,2,2,2,2,4),
(0.,0.0801311684923613,0.160262336984723,0.240392926109874,0.320523515235026,
0.320531906313635),.UNSPECIFIED.);
#202=B_SPLINE_CURVE_WITH_KNOTS('',3,(#1440,#1441,#1442,#1443,#1444,#1445,
#1446,#1447,#1448,#1449,#1450,#1451),.UNSPECIFIED.,.F.,.F.,(4,2,2,2,2,4),
(0.961561993577786,0.961570384656395,1.04170097378155,1.1218315629067,1.20196273139906,
1.28209389989142),.UNSPECIFIED.);
#203=B_SPLINE_CURVE_WITH_KNOTS('',3,(#1453,#1454,#1455,#1456,#1457,#1458,
#1459,#1460,#1461,#1462),.UNSPECIFIED.,.F.,.F.,(4,2,2,2,4),(0.64104694994571,
0.721178114578083,0.801309279210456,0.881439831933425,0.961561993577786),
 .UNSPECIFIED.);
#204=B_SPLINE_CURVE_WITH_KNOTS('',3,(#1466,#1467,#1468,#1469,#1470,#1471,
#1472,#1473,#1474,#1475),.UNSPECIFIED.,.F.,.F.,(4,2,2,2,4),(0.320626115734494,
0.400771633783309,0.480925542910734,0.561080444616889,0.641235346323044),
 .UNSPECIFIED.);
#205=B_SPLINE_CURVE_WITH_KNOTS('',3,(#1477,#1478,#1479,#1480,#1481,#1482,
#1483,#1484,#1485,#1486,#1487,#1488),.UNSPECIFIED.,.F.,.F.,(4,2,2,2,2,4),
(0.,0.0801549067219026,0.160309813443805,0.240463769049845,0.320617724655884,
0.320626115734494),.UNSPECIFIED.);
#206=B_SPLINE_CURVE_WITH_KNOTS('',3,(#1490,#1491,#1492,#1493,#1494,#1495,
#1496,#1497,#1498,#1499,#1500,#1501),.UNSPECIFIED.,.F.,.F.,(4,2,2,2,2,4),
(0.961844576911594,0.961852967990204,1.04200692359624,1.12216087920228,
1.20231578592419,1.28247069264609),.UNSPECIFIED.);
#207=B_SPLINE_CURVE_WITH_KNOTS('',3,(#1502,#1503,#1504,#1505,#1506,#1507,
#1508,#1509,#1510,#1511),.UNSPECIFIED.,.F.,.F.,(4,2,2,2,4),(0.641235346323044,
0.721390248029199,0.801545149735354,0.881699058862779,0.961844576911594),
 .UNSPECIFIED.);
#208=B_SPLINE_CURVE_WITH_KNOTS('',3,(#1512,#1513,#1514,#1515,#1516,#1517,
#1518,#1519,#1520,#1521),.UNSPECIFIED.,.F.,.F.,(4,2,2,2,4),(0.320531906313635,
0.400654067957995,0.480784620680965,0.560915785313338,0.64104694994571),
 .UNSPECIFIED.);
#209=B_SPLINE_CURVE_WITH_KNOTS('',3,(#1525,#1526,#1527,#1528,#1529,#1530,
#1531,#1532,#1533,#1534,#1535,#1536,#1537,#1538,#1539,#1540,#1541,#1542),
 .UNSPECIFIED.,.F.,.F.,(4,2,2,2,2,2,2,2,4),(0.,0.0801549067219026,0.160309813443805,
0.240463769049845,0.320617724655884,0.400771633783309,0.480925542910734,
0.561080444616889,0.641235346323044),.UNSPECIFIED.);
#210=B_SPLINE_CURVE_WITH_KNOTS('',3,(#1543,#1544,#1545,#1546,#1547,#1548,
#1549,#1550,#1551,#1552,#1553,#1554,#1555,#1556,#1557,#1558,#1559,#1560),
 .UNSPECIFIED.,.F.,.F.,(4,2,2,2,2,2,2,2,4),(0.641235346323044,0.721390248029199,
0.801545149735354,0.881699058862779,0.961852967990204,1.04200692359624,
1.12216087920228,1.20231578592419,1.28247069264609),.UNSPECIFIED.);
#211=B_SPLINE_CURVE_WITH_KNOTS('',3,(#1564,#1565,#1566,#1567,#1568,#1569,
#1570,#1571,#1572,#1573,#1574,#1575,#1576,#1577,#1578,#1579,#1580,#1581),
 .UNSPECIFIED.,.F.,.F.,(4,2,2,2,2,2,2,2,4),(0.,0.0801311684923613,0.160262336984723,
0.240392926109874,0.320523515235026,0.400654067957995,0.480784620680965,
0.560915785313338,0.64104694994571),.UNSPECIFIED.);
#212=B_SPLINE_CURVE_WITH_KNOTS('',3,(#1582,#1583,#1584,#1585,#1586,#1587,
#1588,#1589,#1590,#1591,#1592,#1593,#1594,#1595,#1596,#1597,#1598,#1599),
 .UNSPECIFIED.,.F.,.F.,(4,2,2,2,2,2,2,2,4),(0.64104694994571,0.721178114578083,
0.801309279210456,0.881439831933425,0.961570384656395,1.04170097378155,
1.1218315629067,1.20196273139906,1.28209389989142),.UNSPECIFIED.);
#213=B_SPLINE_CURVE_WITH_KNOTS('',3,(#1603,#1604,#1605,#1606,#1607,#1608,
#1609,#1610,#1611,#1612,#1613,#1614),.UNSPECIFIED.,.F.,.F.,(4,2,2,2,2,4),
(0.,0.0801311669484052,0.16026233389681,0.240392908460149,0.320523483023487,
0.320525161239932),.UNSPECIFIED.);
#214=B_SPLINE_CURVE_WITH_KNOTS('',3,(#1616,#1617,#1618,#1619,#1620,#1621,
#1622,#1623,#1624,#1625,#1626,#1627),.UNSPECIFIED.,.F.,.F.,(4,2,2,2,2,4),
(0.961568738644268,0.961570416860712,1.04170099142405,1.12183156598739,
1.20196273293579,1.2820938998842),.UNSPECIFIED.);
#215=B_SPLINE_CURVE_WITH_KNOTS('',3,(#1629,#1630,#1631,#1632,#1633,#1634,
#1635,#1636,#1637,#1638),.UNSPECIFIED.,.F.,.F.,(4,2,2,2,4),(0.6410469499421,
0.721178116118507,0.801309282294915,0.881439849577814,0.961568738644268),
 .UNSPECIFIED.);
#216=B_SPLINE_CURVE_WITH_KNOTS('',3,(#1642,#1643,#1644,#1645,#1646,#1647,
#1648,#1649,#1650,#1651),.UNSPECIFIED.,.F.,.F.,(4,2,2,2,4),(0.320619361674532,
0.400771611175751,0.480925538893415,0.561080442605917,0.641235346318418),
 .UNSPECIFIED.);
#217=B_SPLINE_CURVE_WITH_KNOTS('',3,(#1653,#1654,#1655,#1656,#1657,#1658,
#1659,#1660,#1661,#1662,#1663,#1664),.UNSPECIFIED.,.F.,.F.,(4,2,2,2,2,4),
(0.,0.0801549047156543,0.160309809431309,0.240463746444698,0.320617683458087,
0.320619361674532),.UNSPECIFIED.);
#218=B_SPLINE_CURVE_WITH_KNOTS('',3,(#1666,#1667,#1668,#1669,#1670,#1671,
#1672,#1673,#1674,#1675,#1676,#1677),.UNSPECIFIED.,.F.,.F.,(4,2,2,2,2,4),
(0.961851330962305,0.961853009178749,1.04200694619214,1.12216088320553,
1.20231578792118,1.28247069263684),.UNSPECIFIED.);
#219=B_SPLINE_CURVE_WITH_KNOTS('',3,(#1678,#1679,#1680,#1681,#1682,#1683,
#1684,#1685,#1686,#1687),.UNSPECIFIED.,.F.,.F.,(4,2,2,2,4),(0.641235346318418,
0.721390250030919,0.801545153743421,0.881699081461085,0.961851330962305),
 .UNSPECIFIED.);
#220=B_SPLINE_CURVE_WITH_KNOTS('',3,(#1688,#1689,#1690,#1691,#1692,#1693,
#1694,#1695,#1696,#1697),.UNSPECIFIED.,.F.,.F.,(4,2,2,2,4),(0.320525161239932,
0.400654050306386,0.480784617589285,0.560915783765692,0.6410469499421),
 .UNSPECIFIED.);
#221=B_SPLINE_CURVE_WITH_KNOTS('',3,(#1701,#1702,#1703,#1704,#1705,#1706,
#1707,#1708,#1709,#1710,#1711,#1712,#1713,#1714,#1715,#1716,#1717,#1718),
 .UNSPECIFIED.,.F.,.F.,(4,2,2,2,2,2,2,2,4),(0.,0.0801549047156526,0.160309809431305,
0.240463746444696,0.320617683458087,0.400771611175751,0.480925538893415,
0.561080442605917,0.641235346318418),.UNSPECIFIED.);
#222=B_SPLINE_CURVE_WITH_KNOTS('',3,(#1719,#1720,#1721,#1722,#1723,#1724,
#1725,#1726,#1727,#1728,#1729,#1730,#1731,#1732,#1733,#1734,#1735,#1736),
 .UNSPECIFIED.,.F.,.F.,(4,2,2,2,2,2,2,2,4),(0.641235346318418,0.721390250030919,
0.801545153743421,0.881699081461085,0.961853009178749,1.04200694619214,
1.12216088320553,1.20231578792118,1.28247069263684),.UNSPECIFIED.);
#223=B_SPLINE_CURVE_WITH_KNOTS('',3,(#1740,#1741,#1742,#1743,#1744,#1745,
#1746,#1747,#1748,#1749,#1750,#1751,#1752,#1753,#1754,#1755,#1756,#1757),
 .UNSPECIFIED.,.F.,.F.,(4,2,2,2,2,2,2,2,4),(0.,0.0801311669484052,0.16026233389681,
0.240392908460149,0.320523483023487,0.400654050306386,0.480784617589285,
0.560915783765692,0.6410469499421),.UNSPECIFIED.);
#224=B_SPLINE_CURVE_WITH_KNOTS('',3,(#1758,#1759,#1760,#1761,#1762,#1763,
#1764,#1765,#1766,#1767,#1768,#1769,#1770,#1771,#1772,#1773,#1774,#1775),
 .UNSPECIFIED.,.F.,.F.,(4,2,2,2,2,2,2,2,4),(0.6410469499421,0.721178116118507,
0.801309282294915,0.881439849577814,0.961570416860712,1.04170099142405,
1.12183156598739,1.20196273293579,1.2820938998842),.UNSPECIFIED.);
#225=B_SPLINE_CURVE_WITH_KNOTS('',3,(#1779,#1780,#1781,#1782,#1783,#1784,
#1785,#1786,#1787,#1788,#1789,#1790),.UNSPECIFIED.,.F.,.F.,(4,2,2,2,2,4),
(0.,0.0801311670078982,0.160262334015796,0.240392909140211,0.320523484264627,
0.320525421142362),.UNSPECIFIED.);
#226=B_SPLINE_CURVE_WITH_KNOTS('',3,(#1792,#1793,#1794,#1795,#1796,#1797,
#1798,#1799,#1800,#1801,#1802,#1803),.UNSPECIFIED.,.F.,.F.,(4,2,2,2,2,4),
(0.961568478741951,0.961570415619686,1.0417009907441,1.12183156586852,1.20196273287641,
1.28209389988431),.UNSPECIFIED.);
#227=B_SPLINE_CURVE_WITH_KNOTS('',3,(#1805,#1806,#1807,#1808,#1809,#1810,
#1811,#1812,#1813,#1814),.UNSPECIFIED.,.F.,.F.,(4,2,2,2,4),(0.641046949942156,
0.721178116059071,0.801309282175986,0.881439848897836,0.961568478741951),
 .UNSPECIFIED.);
#228=B_SPLINE_CURVE_WITH_KNOTS('',3,(#1818,#1819,#1820,#1821,#1822,#1823,
#1824,#1825,#1826,#1827),.UNSPECIFIED.,.F.,.F.,(4,2,2,2,4),(0.320619621923211,
0.400771612046787,0.4809255390481,0.561080442683295,0.64123534631849),
 .UNSPECIFIED.);
#229=B_SPLINE_CURVE_WITH_KNOTS('',3,(#1829,#1830,#1831,#1832,#1833,#1834,
#1835,#1836,#1837,#1838,#1839,#1840),.UNSPECIFIED.,.F.,.F.,(4,2,2,2,2,4),
(0.,0.0801549047929614,0.160309809585923,0.240463747315699,0.320617685045475,
0.320619621923211),.UNSPECIFIED.);
#230=B_SPLINE_CURVE_WITH_KNOTS('',3,(#1842,#1843,#1844,#1845,#1846,#1847,
#1848,#1849,#1850,#1851,#1852,#1853),.UNSPECIFIED.,.F.,.F.,(4,2,2,2,2,4),
(0.961851070713768,0.961853007591503,1.04200694532128,1.12216088305106,
1.20231578784402,1.28247069263698),.UNSPECIFIED.);
#231=B_SPLINE_CURVE_WITH_KNOTS('',3,(#1854,#1855,#1856,#1857,#1858,#1859,
#1860,#1861,#1862,#1863),.UNSPECIFIED.,.F.,.F.,(4,2,2,2,4),(0.64123534631849,
0.721390249953684,0.801545153588877,0.88169908059019,0.961851070713768),
 .UNSPECIFIED.);
#232=B_SPLINE_CURVE_WITH_KNOTS('',3,(#1864,#1865,#1866,#1867,#1868,#1869,
#1870,#1871,#1872,#1873),.UNSPECIFIED.,.F.,.F.,(4,2,2,2,4),(0.320525421142362,
0.400654050986477,0.480784617708327,0.560915783825242,0.641046949942156),
 .UNSPECIFIED.);
#233=B_SPLINE_CURVE_WITH_KNOTS('',3,(#1877,#1878,#1879,#1880,#1881,#1882,
#1883,#1884,#1885,#1886,#1887,#1888,#1889,#1890,#1891,#1892,#1893,#1894),
 .UNSPECIFIED.,.F.,.F.,(4,2,2,2,2,2,2,2,4),(0.,0.0801549047929597,0.160309809585919,
0.240463747315696,0.320617685045473,0.400771612046786,0.480925539048099,
0.561080442683293,0.641235346318486),.UNSPECIFIED.);
#234=B_SPLINE_CURVE_WITH_KNOTS('',3,(#1895,#1896,#1897,#1898,#1899,#1900,
#1901,#1902,#1903,#1904,#1905,#1906,#1907,#1908,#1909,#1910,#1911,#1912),
 .UNSPECIFIED.,.F.,.F.,(4,2,2,2,2,2,2,2,4),(0.641235346318486,0.721390249953682,
0.801545153588877,0.881699080590189,0.961853007591501,1.04200694532128,
1.12216088305105,1.20231578784401,1.28247069263698),.UNSPECIFIED.);
#235=B_SPLINE_CURVE_WITH_KNOTS('',3,(#1916,#1917,#1918,#1919,#1920,#1921,
#1922,#1923,#1924,#1925,#1926,#1927,#1928,#1929,#1930,#1931,#1932,#1933),
 .UNSPECIFIED.,.F.,.F.,(4,2,2,2,2,2,2,2,4),(0.,0.0801311670078982,0.160262334015796,
0.240392909140212,0.320523484264627,0.400654050986477,0.480784617708327,
0.560915783825242,0.641046949942156),.UNSPECIFIED.);
#236=B_SPLINE_CURVE_WITH_KNOTS('',3,(#1934,#1935,#1936,#1937,#1938,#1939,
#1940,#1941,#1942,#1943,#1944,#1945,#1946,#1947,#1948,#1949,#1950,#1951),
 .UNSPECIFIED.,.F.,.F.,(4,2,2,2,2,2,2,2,4),(0.641046949942156,0.721178116059071,
0.801309282175986,0.881439848897836,0.961570415619686,1.0417009907441,1.12183156586852,
1.20196273287641,1.28209389988431),.UNSPECIFIED.);
#237=B_SPLINE_CURVE_WITH_KNOTS('',3,(#1955,#1956,#1957,#1958,#1959,#1960,
#1961,#1962,#1963,#1964,#1965,#1966),.UNSPECIFIED.,.F.,.F.,(4,2,2,2,2,4),
(0.,0.0801311692048288,0.160262338409658,0.240392934255039,0.32052353010042,
0.320535018948039),.UNSPECIFIED.);
#238=B_SPLINE_CURVE_WITH_KNOTS('',3,(#1968,#1969,#1970,#1971,#1972,#1973,
#1974,#1975,#1976,#1977,#1978,#1979),.UNSPECIFIED.,.F.,.F.,(4,2,2,2,2,4),
(0.961558880949953,0.961570369797573,1.04170096564295,1.12183156148834,
1.20196273069316,1.28209389989799),.UNSPECIFIED.);
#239=B_SPLINE_CURVE_WITH_KNOTS('',3,(#1981,#1982,#1983,#1984,#1985,#1986,
#1987,#1988,#1989,#1990),.UNSPECIFIED.,.F.,.F.,(4,2,2,2,4),(0.641046949948996,
0.721178113868829,0.801309277788662,0.881439823793118,0.961558880949953),
 .UNSPECIFIED.);
#240=B_SPLINE_CURVE_WITH_KNOTS('',3,(#1994,#1995,#1996,#1997,#1998,#1999,
#2000,#2001,#2002,#2003),.UNSPECIFIED.,.F.,.F.,(4,2,2,2,4),(0.320629232515997,
0.400771644217548,0.480925544766719,0.561080445546988,0.641235346327257),
 .UNSPECIFIED.);
#241=B_SPLINE_CURVE_WITH_KNOTS('',3,(#2005,#2006,#2007,#2008,#2009,#2010,
#2011,#2012,#2013,#2014,#2015,#2016),.UNSPECIFIED.,.F.,.F.,(4,2,2,2,2,4),
(0.,0.0801549076477008,0.160309815295402,0.240463779481889,0.320617743668377,
0.320629232515997),.UNSPECIFIED.);
#242=B_SPLINE_CURVE_WITH_KNOTS('',3,(#2018,#2019,#2020,#2021,#2022,#2023,
#2024,#2025,#2026,#2027,#2028,#2029),.UNSPECIFIED.,.F.,.F.,(4,2,2,2,2,4),
(0.961841460138518,0.961852948986138,1.04200691317263,1.12216087735911,
1.20231578500681,1.28247069265451),.UNSPECIFIED.);
#243=B_SPLINE_CURVE_WITH_KNOTS('',3,(#2030,#2031,#2032,#2033,#2034,#2035,
#2036,#2037,#2038,#2039),.UNSPECIFIED.,.F.,.F.,(4,2,2,2,4),(0.641235346327257,
0.721390247107527,0.801545147887796,0.881699048436967,0.961841460138518),
 .UNSPECIFIED.);
#244=B_SPLINE_CURVE_WITH_KNOTS('',3,(#2040,#2041,#2042,#2043,#2044,#2045,
#2046,#2047,#2048,#2049),.UNSPECIFIED.,.F.,.F.,(4,2,2,2,4),(0.320535018948039,
0.400654076104875,0.480784622109331,0.560915786029163,0.641046949948996),
 .UNSPECIFIED.);
#245=B_SPLINE_CURVE_WITH_KNOTS('',3,(#2053,#2054,#2055,#2056,#2057,#2058,
#2059,#2060,#2061,#2062,#2063,#2064,#2065,#2066,#2067,#2068,#2069,#2070),
 .UNSPECIFIED.,.F.,.F.,(4,2,2,2,2,2,2,2,4),(0.,0.0801549076477008,0.160309815295402,
0.240463779481889,0.320617743668377,0.400771644217548,0.480925544766719,
0.561080445546988,0.641235346327257),.UNSPECIFIED.);
#246=B_SPLINE_CURVE_WITH_KNOTS('',3,(#2071,#2072,#2073,#2074,#2075,#2076,
#2077,#2078,#2079,#2080,#2081,#2082,#2083,#2084,#2085,#2086,#2087,#2088),
 .UNSPECIFIED.,.F.,.F.,(4,2,2,2,2,2,2,2,4),(0.641235346327257,0.721390247107526,
0.801545147887796,0.881699048436967,0.961852948986138,1.04200691317263,
1.12216087735911,1.20231578500681,1.28247069265451),.UNSPECIFIED.);
#247=B_SPLINE_CURVE_WITH_KNOTS('',3,(#2092,#2093,#2094,#2095,#2096,#2097,
#2098,#2099,#2100,#2101,#2102,#2103,#2104,#2105,#2106,#2107,#2108,#2109),
 .UNSPECIFIED.,.F.,.F.,(4,2,2,2,2,2,2,2,4),(0.,0.0801311692048288,0.160262338409658,
0.240392934255039,0.32052353010042,0.400654076104875,0.480784622109331,
0.560915786029163,0.641046949948996),.UNSPECIFIED.);
#248=B_SPLINE_CURVE_WITH_KNOTS('',3,(#2110,#2111,#2112,#2113,#2114,#2115,
#2116,#2117,#2118,#2119,#2120,#2121,#2122,#2123,#2124,#2125,#2126,#2127),
 .UNSPECIFIED.,.F.,.F.,(4,2,2,2,2,2,2,2,4),(0.641046949948996,0.721178113868829,
0.801309277788662,0.881439823793118,0.961570369797573,1.04170096564295,
1.12183156148834,1.20196273069316,1.28209389989799),.UNSPECIFIED.);
#249=B_SPLINE_CURVE_WITH_KNOTS('',3,(#2135,#2136,#2137,#2138,#2139,#2140,
#2141,#2142,#2143,#2144,#2145,#2146,#2147,#2148,#2149,#2150,#2151,#2152,
#2153,#2154,#2155,#2156,#2157,#2158,#2159,#2160,#2161,#2162,#2163,#2164,
#2165,#2166,#2167,#2168),.UNSPECIFIED.,.T.,.F.,(4,2,2,2,2,2,2,2,2,2,2,2,
2,2,2,2,4),(0.,0.0801311665624083,0.160262333124817,0.240392904047896,0.320523474970976,
0.400654045894056,0.480784616817135,0.560915783379544,0.641046949941952,
0.72117811650436,0.801309283066769,0.881439853989848,0.961570424912928,
1.04170099583601,1.12183156675909,1.2019627333215,1.2820938998839),
 .UNSPECIFIED.);
#250=B_SPLINE_CURVE_WITH_KNOTS('',3,(#2171,#2172,#2173,#2174,#2175,#2176,
#2177,#2178,#2179,#2180,#2181,#2182,#2183,#2184,#2185,#2186,#2187,#2188,
#2189,#2190,#2191,#2192,#2193,#2194,#2195,#2196,#2197,#2198,#2199,#2200,
#2201,#2202,#2203,#2204),.UNSPECIFIED.,.T.,.F.,(4,2,2,2,2,2,2,2,2,2,2,2,
2,2,2,2,4),(0.,0.0801549042140798,0.16030980842816,0.240463740793637,0.320617673159115,
0.400771605524593,0.48092553789007,0.56108044210415,0.64123534631823,0.721390250532308,
0.801545154746387,0.881699087111864,0.961853019477341,1.04200695184282,
1.1221608842083,1.20231578842237,1.28247069263645),.UNSPECIFIED.);
#251=B_SPLINE_CURVE_WITH_KNOTS('',3,(#2208,#2209,#2210,#2211,#2212,#2213,
#2214,#2215,#2216,#2217),.UNSPECIFIED.,.F.,.F.,(4,2,2,2,4),(0.,0.0801549042140783,
0.160309808428157,0.240463740793634,0.320617673159111),.UNSPECIFIED.);
#252=B_SPLINE_CURVE_WITH_KNOTS('',3,(#2221,#2222,#2223,#2224,#2225,#2226,
#2227,#2228,#2229,#2230),.UNSPECIFIED.,.F.,.F.,(4,2,2,2,4),(0.961570424912928,
1.04170099583601,1.12183156675909,1.2019627333215,1.2820938998839),
 .UNSPECIFIED.);
#253=B_SPLINE_CURVE_WITH_KNOTS('',3,(#2232,#2233,#2234,#2235,#2236,#2237,
#2238,#2239,#2240,#2241,#2242,#2243,#2244,#2245,#2246,#2247,#2248,#2249),
 .UNSPECIFIED.,.F.,.F.,(4,2,2,2,2,2,2,2,4),(0.320523474970976,0.400654045894056,
0.480784616817135,0.560915783379544,0.641046949941952,0.72117811650436,
0.801309283066769,0.881439853989848,0.961570424912928),.UNSPECIFIED.);
#254=B_SPLINE_CURVE_WITH_KNOTS('',3,(#2250,#2251,#2252,#2253,#2254,#2255,
#2256,#2257,#2258,#2259),.UNSPECIFIED.,.F.,.F.,(4,2,2,2,4),(0.,0.0801311665624084,
0.160262333124817,0.240392904047896,0.320523474970976),.UNSPECIFIED.);
#255=B_SPLINE_CURVE_WITH_KNOTS('',3,(#2261,#2262,#2263,#2264,#2265,#2266,
#2267,#2268,#2269,#2270),.UNSPECIFIED.,.F.,.F.,(4,2,2,2,4),(0.961853019477337,
1.04200695184281,1.12216088420829,1.20231578842237,1.28247069263645),
 .UNSPECIFIED.);
#256=B_SPLINE_CURVE_WITH_KNOTS('',3,(#2271,#2272,#2273,#2274,#2275,#2276,
#2277,#2278,#2279,#2280,#2281,#2282,#2283,#2284,#2285,#2286,#2287,#2288),
 .UNSPECIFIED.,.F.,.F.,(4,2,2,2,2,2,2,2,4),(0.320617673159111,0.400771605524588,
0.480925537890065,0.561080442104143,0.641235346318222,0.721390250532302,
0.801545154746381,0.881699087111859,0.961853019477337),.UNSPECIFIED.);
#257=VERTEX_POINT('',#905);
#258=VERTEX_POINT('',#906);
#259=VERTEX_POINT('',#919);
#260=VERTEX_POINT('',#932);
#261=VERTEX_POINT('',#943);
#262=VERTEX_POINT('',#945);
#263=VERTEX_POINT('',#956);
#264=VERTEX_POINT('',#969);
#265=VERTEX_POINT('',#1003);
#266=VERTEX_POINT('',#1004);
#267=VERTEX_POINT('',#1041);
#268=VERTEX_POINT('',#1043);
#269=VERTEX_POINT('',#1081);
#270=VERTEX_POINT('',#1082);
#271=VERTEX_POINT('',#1093);
#272=VERTEX_POINT('',#1104);
#273=VERTEX_POINT('',#1115);
#274=VERTEX_POINT('',#1117);
#275=VERTEX_POINT('',#1128);
#276=VERTEX_POINT('',#1139);
#277=VERTEX_POINT('',#1171);
#278=VERTEX_POINT('',#1172);
#279=VERTEX_POINT('',#1209);
#280=VERTEX_POINT('',#1211);
#281=VERTEX_POINT('',#1249);
#282=VERTEX_POINT('',#1250);
#283=VERTEX_POINT('',#1263);
#284=VERTEX_POINT('',#1276);
#285=VERTEX_POINT('',#1287);
#286=VERTEX_POINT('',#1289);
#287=VERTEX_POINT('',#1300);
#288=VERTEX_POINT('',#1313);
#289=VERTEX_POINT('',#1347);
#290=VERTEX_POINT('',#1348);
#291=VERTEX_POINT('',#1385);
#292=VERTEX_POINT('',#1387);
#293=VERTEX_POINT('',#1425);
#294=VERTEX_POINT('',#1426);
#295=VERTEX_POINT('',#1439);
#296=VERTEX_POINT('',#1452);
#297=VERTEX_POINT('',#1463);
#298=VERTEX_POINT('',#1465);
#299=VERTEX_POINT('',#1476);
#300=VERTEX_POINT('',#1489);
#301=VERTEX_POINT('',#1523);
#302=VERTEX_POINT('',#1524);
#303=VERTEX_POINT('',#1561);
#304=VERTEX_POINT('',#1563);
#305=VERTEX_POINT('',#1601);
#306=VERTEX_POINT('',#1602);
#307=VERTEX_POINT('',#1615);
#308=VERTEX_POINT('',#1628);
#309=VERTEX_POINT('',#1639);
#310=VERTEX_POINT('',#1641);
#311=VERTEX_POINT('',#1652);
#312=VERTEX_POINT('',#1665);
#313=VERTEX_POINT('',#1699);
#314=VERTEX_POINT('',#1700);
#315=VERTEX_POINT('',#1737);
#316=VERTEX_POINT('',#1739);
#317=VERTEX_POINT('',#1777);
#318=VERTEX_POINT('',#1778);
#319=VERTEX_POINT('',#1791);
#320=VERTEX_POINT('',#1804);
#321=VERTEX_POINT('',#1815);
#322=VERTEX_POINT('',#1817);
#323=VERTEX_POINT('',#1828);
#324=VERTEX_POINT('',#1841);
#325=VERTEX_POINT('',#1875);
#326=VERTEX_POINT('',#1876);
#327=VERTEX_POINT('',#1913);
#328=VERTEX_POINT('',#1915);
#329=VERTEX_POINT('',#1953);
#330=VERTEX_POINT('',#1954);
#331=VERTEX_POINT('',#1967);
#332=VERTEX_POINT('',#1980);
#333=VERTEX_POINT('',#1991);
#334=VERTEX_POINT('',#1993);
#335=VERTEX_POINT('',#2004);
#336=VERTEX_POINT('',#2017);
#337=VERTEX_POINT('',#2051);
#338=VERTEX_POINT('',#2052);
#339=VERTEX_POINT('',#2089);
#340=VERTEX_POINT('',#2091);
#341=VERTEX_POINT('',#2129);
#342=VERTEX_POINT('',#2131);
#343=VERTEX_POINT('',#2134);
#344=VERTEX_POINT('',#2169);
#345=VERTEX_POINT('',#2206);
#346=VERTEX_POINT('',#2207);
#347=VERTEX_POINT('',#2218);
#348=VERTEX_POINT('',#2220);
#349=VERTEX_POINT('',#2231);
#350=VERTEX_POINT('',#2260);
#351=VERTEX_POINT('',#2298);
#352=VERTEX_POINT('',#2310);
#353=EDGE_CURVE('',#257,#258,#165,.T.);
#354=EDGE_CURVE('',#259,#257,#166,.T.);
#355=EDGE_CURVE('',#260,#259,#167,.T.);
#356=EDGE_CURVE('',#260,#261,#97,.T.);
#357=EDGE_CURVE('',#262,#261,#168,.T.);
#358=EDGE_CURVE('',#263,#262,#169,.T.);
#359=EDGE_CURVE('',#264,#263,#170,.T.);
#360=EDGE_CURVE('',#261,#264,#171,.T.);
#361=EDGE_CURVE('',#258,#260,#172,.T.);
#362=EDGE_CURVE('',#265,#266,#173,.T.);
#363=EDGE_CURVE('',#266,#265,#174,.T.);
#364=EDGE_CURVE('',#266,#267,#98,.T.);
#365=EDGE_CURVE('',#268,#267,#175,.T.);
#366=EDGE_CURVE('',#267,#268,#176,.T.);
#367=EDGE_CURVE('',#269,#270,#177,.T.);
#368=EDGE_CURVE('',#271,#269,#178,.T.);
#369=EDGE_CURVE('',#272,#271,#179,.T.);
#370=EDGE_CURVE('',#272,#273,#99,.T.);
#371=EDGE_CURVE('',#274,#273,#180,.T.);
#372=EDGE_CURVE('',#275,#274,#181,.T.);
#373=EDGE_CURVE('',#276,#275,#182,.T.);
#374=EDGE_CURVE('',#273,#276,#183,.T.);
#375=EDGE_CURVE('',#270,#272,#184,.T.);
#376=EDGE_CURVE('',#277,#278,#185,.T.);
#377=EDGE_CURVE('',#278,#277,#186,.T.);
#378=EDGE_CURVE('',#278,#279,#100,.T.);
#379=EDGE_CURVE('',#280,#279,#187,.T.);
#380=EDGE_CURVE('',#279,#280,#188,.T.);
#381=EDGE_CURVE('',#281,#282,#189,.T.);
#382=EDGE_CURVE('',#283,#281,#190,.T.);
#383=EDGE_CURVE('',#284,#283,#191,.T.);
#384=EDGE_CURVE('',#284,#285,#101,.T.);
#385=EDGE_CURVE('',#286,#285,#192,.T.);
#386=EDGE_CURVE('',#287,#286,#193,.T.);
#387=EDGE_CURVE('',#288,#287,#194,.T.);
#388=EDGE_CURVE('',#285,#288,#195,.T.);
#389=EDGE_CURVE('',#282,#284,#196,.T.);
#390=EDGE_CURVE('',#289,#290,#197,.T.);
#391=EDGE_CURVE('',#290,#289,#198,.T.);
#392=EDGE_CURVE('',#290,#291,#102,.T.);
#393=EDGE_CURVE('',#292,#291,#199,.T.);
#394=EDGE_CURVE('',#291,#292,#200,.T.);
#395=EDGE_CURVE('',#293,#294,#201,.T.);
#396=EDGE_CURVE('',#295,#293,#202,.T.);
#397=EDGE_CURVE('',#296,#295,#203,.T.);
#398=EDGE_CURVE('',#296,#297,#103,.T.);
#399=EDGE_CURVE('',#298,#297,#204,.T.);
#400=EDGE_CURVE('',#299,#298,#205,.T.);
#401=EDGE_CURVE('',#300,#299,#206,.T.);
#402=EDGE_CURVE('',#297,#300,#207,.T.);
#403=EDGE_CURVE('',#294,#296,#208,.T.);
#404=EDGE_CURVE('',#301,#302,#209,.T.);
#405=EDGE_CURVE('',#302,#301,#210,.T.);
#406=EDGE_CURVE('',#302,#303,#104,.T.);
#407=EDGE_CURVE('',#304,#303,#211,.T.);
#408=EDGE_CURVE('',#303,#304,#212,.T.);
#409=EDGE_CURVE('',#305,#306,#213,.T.);
#410=EDGE_CURVE('',#307,#305,#214,.T.);
#411=EDGE_CURVE('',#308,#307,#215,.T.);
#412=EDGE_CURVE('',#308,#309,#105,.T.);
#413=EDGE_CURVE('',#310,#309,#216,.T.);
#414=EDGE_CURVE('',#311,#310,#217,.T.);
#415=EDGE_CURVE('',#312,#311,#218,.T.);
#416=EDGE_CURVE('',#309,#312,#219,.T.);
#417=EDGE_CURVE('',#306,#308,#220,.T.);
#418=EDGE_CURVE('',#313,#314,#221,.T.);
#419=EDGE_CURVE('',#314,#313,#222,.T.);
#420=EDGE_CURVE('',#314,#315,#106,.T.);
#421=EDGE_CURVE('',#316,#315,#223,.T.);
#422=EDGE_CURVE('',#315,#316,#224,.T.);
#423=EDGE_CURVE('',#317,#318,#225,.T.);
#424=EDGE_CURVE('',#319,#317,#226,.T.);
#425=EDGE_CURVE('',#320,#319,#227,.T.);
#426=EDGE_CURVE('',#320,#321,#107,.T.);
#427=EDGE_CURVE('',#322,#321,#228,.T.);
#428=EDGE_CURVE('',#323,#322,#229,.T.);
#429=EDGE_CURVE('',#324,#323,#230,.T.);
#430=EDGE_CURVE('',#321,#324,#231,.T.);
#431=EDGE_CURVE('',#318,#320,#232,.T.);
#432=EDGE_CURVE('',#325,#326,#233,.T.);
#433=EDGE_CURVE('',#326,#325,#234,.T.);
#434=EDGE_CURVE('',#326,#327,#108,.T.);
#435=EDGE_CURVE('',#328,#327,#235,.T.);
#436=EDGE_CURVE('',#327,#328,#236,.T.);
#437=EDGE_CURVE('',#329,#330,#237,.T.);
#438=EDGE_CURVE('',#331,#329,#238,.T.);
#439=EDGE_CURVE('',#332,#331,#239,.T.);
#440=EDGE_CURVE('',#332,#333,#109,.T.);
#441=EDGE_CURVE('',#334,#333,#240,.T.);
#442=EDGE_CURVE('',#335,#334,#241,.T.);
#443=EDGE_CURVE('',#336,#335,#242,.T.);
#444=EDGE_CURVE('',#333,#336,#243,.T.);
#445=EDGE_CURVE('',#330,#332,#244,.T.);
#446=EDGE_CURVE('',#337,#338,#245,.T.);
#447=EDGE_CURVE('',#338,#337,#246,.T.);
#448=EDGE_CURVE('',#338,#339,#110,.T.);
#449=EDGE_CURVE('',#340,#339,#247,.T.);
#450=EDGE_CURVE('',#339,#340,#248,.T.);
#451=EDGE_CURVE('',#341,#341,#33,.T.);
#452=EDGE_CURVE('',#342,#342,#34,.T.);
#453=EDGE_CURVE('',#343,#343,#249,.T.);
#454=EDGE_CURVE('',#343,#344,#111,.T.);
#455=EDGE_CURVE('',#344,#344,#250,.T.);
#456=EDGE_CURVE('',#345,#346,#251,.T.);
#457=EDGE_CURVE('',#345,#347,#112,.T.);
#458=EDGE_CURVE('',#348,#347,#252,.T.);
#459=EDGE_CURVE('',#349,#348,#253,.T.);
#460=EDGE_CURVE('',#347,#349,#254,.T.);
#461=EDGE_CURVE('',#350,#345,#255,.T.);
#462=EDGE_CURVE('',#346,#350,#256,.T.);
#463=EDGE_CURVE('',#342,#276,#113,.T.);
#464=EDGE_CURVE('',#274,#312,#114,.T.);
#465=EDGE_CURVE('',#310,#324,#115,.T.);
#466=EDGE_CURVE('',#322,#288,#116,.T.);
#467=EDGE_CURVE('',#286,#264,#117,.T.);
#468=EDGE_CURVE('',#262,#300,#118,.T.);
#469=EDGE_CURVE('',#298,#336,#119,.T.);
#470=EDGE_CURVE('',#334,#346,#120,.T.);
#471=EDGE_CURVE('',#350,#351,#121,.T.);
#472=EDGE_CURVE('',#351,#351,#35,.T.);
#473=EDGE_CURVE('',#341,#270,#122,.T.);
#474=EDGE_CURVE('',#271,#306,#123,.T.);
#475=EDGE_CURVE('',#307,#318,#124,.T.);
#476=EDGE_CURVE('',#319,#282,#125,.T.);
#477=EDGE_CURVE('',#283,#258,#126,.T.);
#478=EDGE_CURVE('',#259,#294,#127,.T.);
#479=EDGE_CURVE('',#295,#330,#128,.T.);
#480=EDGE_CURVE('',#331,#348,#129,.T.);
#481=EDGE_CURVE('',#349,#352,#130,.T.);
#482=EDGE_CURVE('',#352,#352,#36,.T.);
#483=ORIENTED_EDGE('',*,*,#353,.F.);
#484=ORIENTED_EDGE('',*,*,#354,.F.);
#485=ORIENTED_EDGE('',*,*,#355,.F.);
#486=ORIENTED_EDGE('',*,*,#356,.T.);
#487=ORIENTED_EDGE('',*,*,#357,.F.);
#488=ORIENTED_EDGE('',*,*,#358,.F.);
#489=ORIENTED_EDGE('',*,*,#359,.F.);
#490=ORIENTED_EDGE('',*,*,#360,.F.);
#491=ORIENTED_EDGE('',*,*,#356,.F.);
#492=ORIENTED_EDGE('',*,*,#361,.F.);
#493=ORIENTED_EDGE('',*,*,#362,.F.);
#494=ORIENTED_EDGE('',*,*,#363,.F.);
#495=ORIENTED_EDGE('',*,*,#364,.T.);
#496=ORIENTED_EDGE('',*,*,#365,.F.);
#497=ORIENTED_EDGE('',*,*,#366,.F.);
#498=ORIENTED_EDGE('',*,*,#364,.F.);
#499=ORIENTED_EDGE('',*,*,#367,.F.);
#500=ORIENTED_EDGE('',*,*,#368,.F.);
#501=ORIENTED_EDGE('',*,*,#369,.F.);
#502=ORIENTED_EDGE('',*,*,#370,.T.);
#503=ORIENTED_EDGE('',*,*,#371,.F.);
#504=ORIENTED_EDGE('',*,*,#372,.F.);
#505=ORIENTED_EDGE('',*,*,#373,.F.);
#506=ORIENTED_EDGE('',*,*,#374,.F.);
#507=ORIENTED_EDGE('',*,*,#370,.F.);
#508=ORIENTED_EDGE('',*,*,#375,.F.);
#509=ORIENTED_EDGE('',*,*,#376,.F.);
#510=ORIENTED_EDGE('',*,*,#377,.F.);
#511=ORIENTED_EDGE('',*,*,#378,.T.);
#512=ORIENTED_EDGE('',*,*,#379,.F.);
#513=ORIENTED_EDGE('',*,*,#380,.F.);
#514=ORIENTED_EDGE('',*,*,#378,.F.);
#515=ORIENTED_EDGE('',*,*,#381,.F.);
#516=ORIENTED_EDGE('',*,*,#382,.F.);
#517=ORIENTED_EDGE('',*,*,#383,.F.);
#518=ORIENTED_EDGE('',*,*,#384,.T.);
#519=ORIENTED_EDGE('',*,*,#385,.F.);
#520=ORIENTED_EDGE('',*,*,#386,.F.);
#521=ORIENTED_EDGE('',*,*,#387,.F.);
#522=ORIENTED_EDGE('',*,*,#388,.F.);
#523=ORIENTED_EDGE('',*,*,#384,.F.);
#524=ORIENTED_EDGE('',*,*,#389,.F.);
#525=ORIENTED_EDGE('',*,*,#390,.F.);
#526=ORIENTED_EDGE('',*,*,#391,.F.);
#527=ORIENTED_EDGE('',*,*,#392,.T.);
#528=ORIENTED_EDGE('',*,*,#393,.F.);
#529=ORIENTED_EDGE('',*,*,#394,.F.);
#530=ORIENTED_EDGE('',*,*,#392,.F.);
#531=ORIENTED_EDGE('',*,*,#395,.F.);
#532=ORIENTED_EDGE('',*,*,#396,.F.);
#533=ORIENTED_EDGE('',*,*,#397,.F.);
#534=ORIENTED_EDGE('',*,*,#398,.T.);
#535=ORIENTED_EDGE('',*,*,#399,.F.);
#536=ORIENTED_EDGE('',*,*,#400,.F.);
#537=ORIENTED_EDGE('',*,*,#401,.F.);
#538=ORIENTED_EDGE('',*,*,#402,.F.);
#539=ORIENTED_EDGE('',*,*,#398,.F.);
#540=ORIENTED_EDGE('',*,*,#403,.F.);
#541=ORIENTED_EDGE('',*,*,#404,.F.);
#542=ORIENTED_EDGE('',*,*,#405,.F.);
#543=ORIENTED_EDGE('',*,*,#406,.T.);
#544=ORIENTED_EDGE('',*,*,#407,.F.);
#545=ORIENTED_EDGE('',*,*,#408,.F.);
#546=ORIENTED_EDGE('',*,*,#406,.F.);
#547=ORIENTED_EDGE('',*,*,#409,.F.);
#548=ORIENTED_EDGE('',*,*,#410,.F.);
#549=ORIENTED_EDGE('',*,*,#411,.F.);
#550=ORIENTED_EDGE('',*,*,#412,.T.);
#551=ORIENTED_EDGE('',*,*,#413,.F.);
#552=ORIENTED_EDGE('',*,*,#414,.F.);
#553=ORIENTED_EDGE('',*,*,#415,.F.);
#554=ORIENTED_EDGE('',*,*,#416,.F.);
#555=ORIENTED_EDGE('',*,*,#412,.F.);
#556=ORIENTED_EDGE('',*,*,#417,.F.);
#557=ORIENTED_EDGE('',*,*,#418,.F.);
#558=ORIENTED_EDGE('',*,*,#419,.F.);
#559=ORIENTED_EDGE('',*,*,#420,.T.);
#560=ORIENTED_EDGE('',*,*,#421,.F.);
#561=ORIENTED_EDGE('',*,*,#422,.F.);
#562=ORIENTED_EDGE('',*,*,#420,.F.);
#563=ORIENTED_EDGE('',*,*,#423,.F.);
#564=ORIENTED_EDGE('',*,*,#424,.F.);
#565=ORIENTED_EDGE('',*,*,#425,.F.);
#566=ORIENTED_EDGE('',*,*,#426,.T.);
#567=ORIENTED_EDGE('',*,*,#427,.F.);
#568=ORIENTED_EDGE('',*,*,#428,.F.);
#569=ORIENTED_EDGE('',*,*,#429,.F.);
#570=ORIENTED_EDGE('',*,*,#430,.F.);
#571=ORIENTED_EDGE('',*,*,#426,.F.);
#572=ORIENTED_EDGE('',*,*,#431,.F.);
#573=ORIENTED_EDGE('',*,*,#432,.F.);
#574=ORIENTED_EDGE('',*,*,#433,.F.);
#575=ORIENTED_EDGE('',*,*,#434,.T.);
#576=ORIENTED_EDGE('',*,*,#435,.F.);
#577=ORIENTED_EDGE('',*,*,#436,.F.);
#578=ORIENTED_EDGE('',*,*,#434,.F.);
#579=ORIENTED_EDGE('',*,*,#437,.F.);
#580=ORIENTED_EDGE('',*,*,#438,.F.);
#581=ORIENTED_EDGE('',*,*,#439,.F.);
#582=ORIENTED_EDGE('',*,*,#440,.T.);
#583=ORIENTED_EDGE('',*,*,#441,.F.);
#584=ORIENTED_EDGE('',*,*,#442,.F.);
#585=ORIENTED_EDGE('',*,*,#443,.F.);
#586=ORIENTED_EDGE('',*,*,#444,.F.);
#587=ORIENTED_EDGE('',*,*,#440,.F.);
#588=ORIENTED_EDGE('',*,*,#445,.F.);
#589=ORIENTED_EDGE('',*,*,#446,.F.);
#590=ORIENTED_EDGE('',*,*,#447,.F.);
#591=ORIENTED_EDGE('',*,*,#448,.T.);
#592=ORIENTED_EDGE('',*,*,#449,.F.);
#593=ORIENTED_EDGE('',*,*,#450,.F.);
#594=ORIENTED_EDGE('',*,*,#448,.F.);
#595=ORIENTED_EDGE('',*,*,#451,.T.);
#596=ORIENTED_EDGE('',*,*,#452,.T.);
#597=ORIENTED_EDGE('',*,*,#453,.F.);
#598=ORIENTED_EDGE('',*,*,#454,.T.);
#599=ORIENTED_EDGE('',*,*,#455,.F.);
#600=ORIENTED_EDGE('',*,*,#454,.F.);
#601=ORIENTED_EDGE('',*,*,#456,.F.);
#602=ORIENTED_EDGE('',*,*,#457,.T.);
#603=ORIENTED_EDGE('',*,*,#458,.F.);
#604=ORIENTED_EDGE('',*,*,#459,.F.);
#605=ORIENTED_EDGE('',*,*,#460,.F.);
#606=ORIENTED_EDGE('',*,*,#457,.F.);
#607=ORIENTED_EDGE('',*,*,#461,.F.);
#608=ORIENTED_EDGE('',*,*,#462,.F.);
#609=ORIENTED_EDGE('',*,*,#452,.F.);
#610=ORIENTED_EDGE('',*,*,#463,.T.);
#611=ORIENTED_EDGE('',*,*,#373,.T.);
#612=ORIENTED_EDGE('',*,*,#372,.T.);
#613=ORIENTED_EDGE('',*,*,#464,.T.);
#614=ORIENTED_EDGE('',*,*,#415,.T.);
#615=ORIENTED_EDGE('',*,*,#414,.T.);
#616=ORIENTED_EDGE('',*,*,#465,.T.);
#617=ORIENTED_EDGE('',*,*,#429,.T.);
#618=ORIENTED_EDGE('',*,*,#428,.T.);
#619=ORIENTED_EDGE('',*,*,#466,.T.);
#620=ORIENTED_EDGE('',*,*,#387,.T.);
#621=ORIENTED_EDGE('',*,*,#386,.T.);
#622=ORIENTED_EDGE('',*,*,#467,.T.);
#623=ORIENTED_EDGE('',*,*,#359,.T.);
#624=ORIENTED_EDGE('',*,*,#358,.T.);
#625=ORIENTED_EDGE('',*,*,#468,.T.);
#626=ORIENTED_EDGE('',*,*,#401,.T.);
#627=ORIENTED_EDGE('',*,*,#400,.T.);
#628=ORIENTED_EDGE('',*,*,#469,.T.);
#629=ORIENTED_EDGE('',*,*,#443,.T.);
#630=ORIENTED_EDGE('',*,*,#442,.T.);
#631=ORIENTED_EDGE('',*,*,#470,.T.);
#632=ORIENTED_EDGE('',*,*,#462,.T.);
#633=ORIENTED_EDGE('',*,*,#471,.T.);
#634=ORIENTED_EDGE('',*,*,#472,.T.);
#635=ORIENTED_EDGE('',*,*,#471,.F.);
#636=ORIENTED_EDGE('',*,*,#461,.T.);
#637=ORIENTED_EDGE('',*,*,#456,.T.);
#638=ORIENTED_EDGE('',*,*,#470,.F.);
#639=ORIENTED_EDGE('',*,*,#441,.T.);
#640=ORIENTED_EDGE('',*,*,#444,.T.);
#641=ORIENTED_EDGE('',*,*,#469,.F.);
#642=ORIENTED_EDGE('',*,*,#399,.T.);
#643=ORIENTED_EDGE('',*,*,#402,.T.);
#644=ORIENTED_EDGE('',*,*,#468,.F.);
#645=ORIENTED_EDGE('',*,*,#357,.T.);
#646=ORIENTED_EDGE('',*,*,#360,.T.);
#647=ORIENTED_EDGE('',*,*,#467,.F.);
#648=ORIENTED_EDGE('',*,*,#385,.T.);
#649=ORIENTED_EDGE('',*,*,#388,.T.);
#650=ORIENTED_EDGE('',*,*,#466,.F.);
#651=ORIENTED_EDGE('',*,*,#427,.T.);
#652=ORIENTED_EDGE('',*,*,#430,.T.);
#653=ORIENTED_EDGE('',*,*,#465,.F.);
#654=ORIENTED_EDGE('',*,*,#413,.T.);
#655=ORIENTED_EDGE('',*,*,#416,.T.);
#656=ORIENTED_EDGE('',*,*,#464,.F.);
#657=ORIENTED_EDGE('',*,*,#371,.T.);
#658=ORIENTED_EDGE('',*,*,#374,.T.);
#659=ORIENTED_EDGE('',*,*,#463,.F.);
#660=ORIENTED_EDGE('',*,*,#362,.T.);
#661=ORIENTED_EDGE('',*,*,#363,.T.);
#662=ORIENTED_EDGE('',*,*,#376,.T.);
#663=ORIENTED_EDGE('',*,*,#377,.T.);
#664=ORIENTED_EDGE('',*,*,#390,.T.);
#665=ORIENTED_EDGE('',*,*,#391,.T.);
#666=ORIENTED_EDGE('',*,*,#404,.T.);
#667=ORIENTED_EDGE('',*,*,#405,.T.);
#668=ORIENTED_EDGE('',*,*,#418,.T.);
#669=ORIENTED_EDGE('',*,*,#419,.T.);
#670=ORIENTED_EDGE('',*,*,#432,.T.);
#671=ORIENTED_EDGE('',*,*,#433,.T.);
#672=ORIENTED_EDGE('',*,*,#446,.T.);
#673=ORIENTED_EDGE('',*,*,#447,.T.);
#674=ORIENTED_EDGE('',*,*,#455,.T.);
#675=ORIENTED_EDGE('',*,*,#451,.F.);
#676=ORIENTED_EDGE('',*,*,#473,.T.);
#677=ORIENTED_EDGE('',*,*,#375,.T.);
#678=ORIENTED_EDGE('',*,*,#369,.T.);
#679=ORIENTED_EDGE('',*,*,#474,.T.);
#680=ORIENTED_EDGE('',*,*,#417,.T.);
#681=ORIENTED_EDGE('',*,*,#411,.T.);
#682=ORIENTED_EDGE('',*,*,#475,.T.);
#683=ORIENTED_EDGE('',*,*,#431,.T.);
#684=ORIENTED_EDGE('',*,*,#425,.T.);
#685=ORIENTED_EDGE('',*,*,#476,.T.);
#686=ORIENTED_EDGE('',*,*,#389,.T.);
#687=ORIENTED_EDGE('',*,*,#383,.T.);
#688=ORIENTED_EDGE('',*,*,#477,.T.);
#689=ORIENTED_EDGE('',*,*,#361,.T.);
#690=ORIENTED_EDGE('',*,*,#355,.T.);
#691=ORIENTED_EDGE('',*,*,#478,.T.);
#692=ORIENTED_EDGE('',*,*,#403,.T.);
#693=ORIENTED_EDGE('',*,*,#397,.T.);
#694=ORIENTED_EDGE('',*,*,#479,.T.);
#695=ORIENTED_EDGE('',*,*,#445,.T.);
#696=ORIENTED_EDGE('',*,*,#439,.T.);
#697=ORIENTED_EDGE('',*,*,#480,.T.);
#698=ORIENTED_EDGE('',*,*,#458,.T.);
#699=ORIENTED_EDGE('',*,*,#460,.T.);
#700=ORIENTED_EDGE('',*,*,#481,.T.);
#701=ORIENTED_EDGE('',*,*,#482,.T.);
#702=ORIENTED_EDGE('',*,*,#481,.F.);
#703=ORIENTED_EDGE('',*,*,#459,.T.);
#704=ORIENTED_EDGE('',*,*,#480,.F.);
#705=ORIENTED_EDGE('',*,*,#438,.T.);
#706=ORIENTED_EDGE('',*,*,#437,.T.);
#707=ORIENTED_EDGE('',*,*,#479,.F.);
#708=ORIENTED_EDGE('',*,*,#396,.T.);
#709=ORIENTED_EDGE('',*,*,#395,.T.);
#710=ORIENTED_EDGE('',*,*,#478,.F.);
#711=ORIENTED_EDGE('',*,*,#354,.T.);
#712=ORIENTED_EDGE('',*,*,#353,.T.);
#713=ORIENTED_EDGE('',*,*,#477,.F.);
#714=ORIENTED_EDGE('',*,*,#382,.T.);
#715=ORIENTED_EDGE('',*,*,#381,.T.);
#716=ORIENTED_EDGE('',*,*,#476,.F.);
#717=ORIENTED_EDGE('',*,*,#424,.T.);
#718=ORIENTED_EDGE('',*,*,#423,.T.);
#719=ORIENTED_EDGE('',*,*,#475,.F.);
#720=ORIENTED_EDGE('',*,*,#410,.T.);
#721=ORIENTED_EDGE('',*,*,#409,.T.);
#722=ORIENTED_EDGE('',*,*,#474,.F.);
#723=ORIENTED_EDGE('',*,*,#368,.T.);
#724=ORIENTED_EDGE('',*,*,#367,.T.);
#725=ORIENTED_EDGE('',*,*,#473,.F.);
#726=ORIENTED_EDGE('',*,*,#365,.T.);
#727=ORIENTED_EDGE('',*,*,#366,.T.);
#728=ORIENTED_EDGE('',*,*,#379,.T.);
#729=ORIENTED_EDGE('',*,*,#380,.T.);
#730=ORIENTED_EDGE('',*,*,#393,.T.);
#731=ORIENTED_EDGE('',*,*,#394,.T.);
#732=ORIENTED_EDGE('',*,*,#407,.T.);
#733=ORIENTED_EDGE('',*,*,#408,.T.);
#734=ORIENTED_EDGE('',*,*,#421,.T.);
#735=ORIENTED_EDGE('',*,*,#422,.T.);
#736=ORIENTED_EDGE('',*,*,#435,.T.);
#737=ORIENTED_EDGE('',*,*,#436,.T.);
#738=ORIENTED_EDGE('',*,*,#449,.T.);
#739=ORIENTED_EDGE('',*,*,#450,.T.);
#740=ORIENTED_EDGE('',*,*,#453,.T.);
#741=ORIENTED_EDGE('',*,*,#482,.F.);
#742=ORIENTED_EDGE('',*,*,#472,.F.);
#743=CYLINDRICAL_SURFACE('',#795,2.12499999999999);
#744=CYLINDRICAL_SURFACE('',#796,2.12499999999999);
#745=CYLINDRICAL_SURFACE('',#797,2.12500000000001);
#746=CYLINDRICAL_SURFACE('',#798,2.12500000000001);
#747=CYLINDRICAL_SURFACE('',#799,2.12500000000001);
#748=CYLINDRICAL_SURFACE('',#800,2.12500000000001);
#749=CYLINDRICAL_SURFACE('',#801,2.125);
#750=CYLINDRICAL_SURFACE('',#802,2.125);
#751=CYLINDRICAL_SURFACE('',#803,2.12499999999999);
#752=CYLINDRICAL_SURFACE('',#804,2.12499999999999);
#753=CYLINDRICAL_SURFACE('',#805,2.12500000000001);
#754=CYLINDRICAL_SURFACE('',#806,2.12500000000001);
#755=CYLINDRICAL_SURFACE('',#807,2.125);
#756=CYLINDRICAL_SURFACE('',#808,2.125);
#757=CYLINDRICAL_SURFACE('',#812,2.125);
#758=CYLINDRICAL_SURFACE('',#813,2.125);
#759=CYLINDRICAL_SURFACE('',#814,15.5);
#760=CYLINDRICAL_SURFACE('',#816,17.5);
#761=ADVANCED_FACE('',(#39),#743,.F.);
#762=ADVANCED_FACE('',(#40),#744,.F.);
#763=ADVANCED_FACE('',(#41),#745,.F.);
#764=ADVANCED_FACE('',(#42),#746,.F.);
#765=ADVANCED_FACE('',(#43),#747,.F.);
#766=ADVANCED_FACE('',(#44),#748,.F.);
#767=ADVANCED_FACE('',(#45),#749,.F.);
#768=ADVANCED_FACE('',(#46),#750,.F.);
#769=ADVANCED_FACE('',(#47),#751,.F.);
#770=ADVANCED_FACE('',(#48),#752,.F.);
#771=ADVANCED_FACE('',(#49),#753,.F.);
#772=ADVANCED_FACE('',(#50),#754,.F.);
#773=ADVANCED_FACE('',(#51),#755,.F.);
#774=ADVANCED_FACE('',(#52),#756,.F.);
#775=ADVANCED_FACE('',(#53,#15),#37,.T.);
#776=ADVANCED_FACE('',(#54),#757,.F.);
#777=ADVANCED_FACE('',(#55),#758,.F.);
#778=ADVANCED_FACE('',(#56,#16,#17,#18,#19,#20,#21,#22,#23),#759,.F.);
#779=ADVANCED_FACE('',(#57,#24,#25,#26,#27,#28,#29,#30,#31),#760,.T.);
#780=ADVANCED_FACE('',(#58,#32),#38,.F.);
#781=CLOSED_SHELL('',(#761,#762,#763,#764,#765,#766,#767,#768,#769,#770,
#771,#772,#773,#774,#775,#776,#777,#778,#779,#780));
#782=DERIVED_UNIT_ELEMENT(#784,1.);
#783=DERIVED_UNIT_ELEMENT(#2319,-3.);
#784=(
MASS_UNIT()
NAMED_UNIT(*)
SI_UNIT(.KILO.,.GRAM.)
);
#785=DERIVED_UNIT((#782,#783));
#786=MEASURE_REPRESENTATION_ITEM('density measure',
POSITIVE_RATIO_MEASURE(7850.),#785);
#787=PROPERTY_DEFINITION_REPRESENTATION(#792,#789);
#788=PROPERTY_DEFINITION_REPRESENTATION(#793,#790);
#789=REPRESENTATION('material name',(#791),#2316);
#790=REPRESENTATION('density',(#786),#2316);
#791=DESCRIPTIVE_REPRESENTATION_ITEM('Steel','Steel');
#792=PROPERTY_DEFINITION('material property','material name',#2326);
#793=PROPERTY_DEFINITION('material property','density of part',#2326);
#794=AXIS2_PLACEMENT_3D('',#903,#819,#820);
#795=AXIS2_PLACEMENT_3D('',#904,#821,#822);
#796=AXIS2_PLACEMENT_3D('',#1002,#824,#825);
#797=AXIS2_PLACEMENT_3D('',#1080,#827,#828);
#798=AXIS2_PLACEMENT_3D('',#1170,#830,#831);
#799=AXIS2_PLACEMENT_3D('',#1248,#833,#834);
#800=AXIS2_PLACEMENT_3D('',#1346,#836,#837);
#801=AXIS2_PLACEMENT_3D('',#1424,#839,#840);
#802=AXIS2_PLACEMENT_3D('',#1522,#842,#843);
#803=AXIS2_PLACEMENT_3D('',#1600,#845,#846);
#804=AXIS2_PLACEMENT_3D('',#1698,#848,#849);
#805=AXIS2_PLACEMENT_3D('',#1776,#851,#852);
#806=AXIS2_PLACEMENT_3D('',#1874,#854,#855);
#807=AXIS2_PLACEMENT_3D('',#1952,#857,#858);
#808=AXIS2_PLACEMENT_3D('',#2050,#860,#861);
#809=AXIS2_PLACEMENT_3D('',#2128,#863,#864);
#810=AXIS2_PLACEMENT_3D('',#2130,#865,#866);
#811=AXIS2_PLACEMENT_3D('',#2132,#867,#868);
#812=AXIS2_PLACEMENT_3D('',#2133,#869,#870);
#813=AXIS2_PLACEMENT_3D('',#2205,#872,#873);
#814=AXIS2_PLACEMENT_3D('',#2289,#875,#876);
#815=AXIS2_PLACEMENT_3D('',#2300,#886,#887);
#816=AXIS2_PLACEMENT_3D('',#2301,#888,#889);
#817=AXIS2_PLACEMENT_3D('',#2312,#899,#900);
#818=AXIS2_PLACEMENT_3D('',#2313,#901,#902);
#819=DIRECTION('axis',(0.,0.,1.));
#820=DIRECTION('refdir',(1.,0.,0.));
#821=DIRECTION('center_axis',(1.,0.,0.));
#822=DIRECTION('ref_axis',(0.,1.,0.));
#823=DIRECTION('',(1.,0.,0.));
#824=DIRECTION('center_axis',(1.,0.,0.));
#825=DIRECTION('ref_axis',(0.,1.,0.));
#826=DIRECTION('',(1.,0.,0.));
#827=DIRECTION('center_axis',(1.,0.,0.));
#828=DIRECTION('ref_axis',(0.,1.,0.));
#829=DIRECTION('',(1.,0.,0.));
#830=DIRECTION('center_axis',(1.,0.,0.));
#831=DIRECTION('ref_axis',(0.,1.,0.));
#832=DIRECTION('',(1.,0.,0.));
#833=DIRECTION('center_axis',(1.,0.,0.));
#834=DIRECTION('ref_axis',(0.,1.,0.));
#835=DIRECTION('',(1.,0.,0.));
#836=DIRECTION('center_axis',(1.,0.,0.));
#837=DIRECTION('ref_axis',(0.,1.,0.));
#838=DIRECTION('',(1.,0.,0.));
#839=DIRECTION('center_axis',(1.,0.,0.));
#840=DIRECTION('ref_axis',(0.,1.,0.));
#841=DIRECTION('',(1.,0.,0.));
#842=DIRECTION('center_axis',(1.,0.,0.));
#843=DIRECTION('ref_axis',(0.,1.,0.));
#844=DIRECTION('',(1.,0.,0.));
#845=DIRECTION('center_axis',(1.,0.,0.));
#846=DIRECTION('ref_axis',(0.,1.,0.));
#847=DIRECTION('',(1.,0.,0.));
#848=DIRECTION('center_axis',(1.,0.,0.));
#849=DIRECTION('ref_axis',(0.,1.,0.));
#850=DIRECTION('',(1.,0.,0.));
#851=DIRECTION('center_axis',(1.,0.,0.));
#852=DIRECTION('ref_axis',(0.,1.,0.));
#853=DIRECTION('',(1.,0.,0.));
#854=DIRECTION('center_axis',(1.,0.,0.));
#855=DIRECTION('ref_axis',(0.,1.,0.));
#856=DIRECTION('',(1.,0.,0.));
#857=DIRECTION('center_axis',(1.,0.,0.));
#858=DIRECTION('ref_axis',(0.,1.,0.));
#859=DIRECTION('',(1.,0.,0.));
#860=DIRECTION('center_axis',(1.,0.,0.));
#861=DIRECTION('ref_axis',(0.,1.,0.));
#862=DIRECTION('',(1.,0.,0.));
#863=DIRECTION('center_axis',(0.,0.,1.));
#864=DIRECTION('ref_axis',(1.,0.,0.));
#865=DIRECTION('center_axis',(0.,0.,1.));
#866=DIRECTION('ref_axis',(1.,0.,0.));
#867=DIRECTION('center_axis',(0.,0.,-1.));
#868=DIRECTION('ref_axis',(1.,0.,0.));
#869=DIRECTION('center_axis',(-1.,0.,0.));
#870=DIRECTION('ref_axis',(0.,1.,0.));
#871=DIRECTION('',(-1.,0.,0.));
#872=DIRECTION('center_axis',(-1.,0.,0.));
#873=DIRECTION('ref_axis',(0.,1.,0.));
#874=DIRECTION('',(-1.,0.,0.));
#875=DIRECTION('center_axis',(0.,0.,1.));
#876=DIRECTION('ref_axis',(1.,0.,0.));
#877=DIRECTION('',(0.,0.,-1.));
#878=DIRECTION('',(0.,0.,-1.));
#879=DIRECTION('',(0.,0.,-1.));
#880=DIRECTION('',(0.,0.,-1.));
#881=DIRECTION('',(0.,0.,-1.));
#882=DIRECTION('',(0.,0.,-1.));
#883=DIRECTION('',(0.,0.,-1.));
#884=DIRECTION('',(0.,0.,-1.));
#885=DIRECTION('',(0.,0.,-1.));
#886=DIRECTION('center_axis',(0.,0.,-1.));
#887=DIRECTION('ref_axis',(1.,0.,0.));
#888=DIRECTION('center_axis',(0.,0.,1.));
#889=DIRECTION('ref_axis',(1.,0.,0.));
#890=DIRECTION('',(0.,0.,-1.));
#891=DIRECTION('',(0.,0.,-1.));
#892=DIRECTION('',(0.,0.,-1.));
#893=DIRECTION('',(0.,0.,-1.));
#894=DIRECTION('',(0.,0.,-1.));
#895=DIRECTION('',(0.,0.,-1.));
#896=DIRECTION('',(0.,0.,-1.));
#897=DIRECTION('',(0.,0.,-1.));
#898=DIRECTION('',(0.,0.,-1.));
#899=DIRECTION('center_axis',(0.,0.,1.));
#900=DIRECTION('ref_axis',(1.,0.,0.));
#901=DIRECTION('center_axis',(0.,0.,1.));
#902=DIRECTION('ref_axis',(1.,0.,0.));
#903=CARTESIAN_POINT('',(0.,0.,0.));
#904=CARTESIAN_POINT('Origin',(0.,5.29330959885603E-5,209.999999999998));
#905=CARTESIAN_POINT('',(-17.3704965395794,2.12505293309598,209.999999999998));
#906=CARTESIAN_POINT('',(-17.5,-1.15360390885224E-10,212.124999999339));
#907=CARTESIAN_POINT('Ctrl Pts',(-17.3704965395794,2.12505293309598,209.999999999998));
#908=CARTESIAN_POINT('Ctrl Pts',(-17.3704965395794,2.12505293309598,210.267103892598));
#909=CARTESIAN_POINT('Ctrl Pts',(-17.3772930765617,2.0716181289215,210.551829669565));
#910=CARTESIAN_POINT('Ctrl Pts',(-17.4017845619949,1.85467256475538,211.075306680104));
#911=CARTESIAN_POINT('Ctrl Pts',(-17.4191195981196,1.6911761174725,211.314080622031));
#912=CARTESIAN_POINT('Ctrl Pts',(-17.4516146178231,1.31413505461665,211.691121712154));
#913=CARTESIAN_POINT('Ctrl Pts',(-17.4688939492694,1.07536049197667,211.854619280433));
#914=CARTESIAN_POINT('Ctrl Pts',(-17.4932582136882,0.551881387461957,212.071565686474));
#915=CARTESIAN_POINT('Ctrl Pts',(-17.4999991920038,0.267154874445398,212.124999999998));
#916=CARTESIAN_POINT('Ctrl Pts',(-17.4999999999733,3.52887306577163E-5,
212.124999999998));
#917=CARTESIAN_POINT('Ctrl Pts',(-17.5,1.76442884172761E-5,212.124999999778));
#918=CARTESIAN_POINT('Ctrl Pts',(-17.5,-2.30720886633826E-10,212.124999999339));
#919=CARTESIAN_POINT('',(-17.5,-1.15357736758306E-10,207.875000000657));
#920=CARTESIAN_POINT('Ctrl Pts',(-17.5,-2.30714799568864E-10,207.875000000657));
#921=CARTESIAN_POINT('Ctrl Pts',(-17.5,1.76442884211312E-5,207.875000000218));
#922=CARTESIAN_POINT('Ctrl Pts',(-17.4999999999733,3.52887306593642E-5,
207.874999999998));
#923=CARTESIAN_POINT('Ctrl Pts',(-17.4999991920038,0.267154874445397,207.874999999998));
#924=CARTESIAN_POINT('Ctrl Pts',(-17.4932582136882,0.551881387461957,207.928434313523));
#925=CARTESIAN_POINT('Ctrl Pts',(-17.4688939492694,1.07536049197667,208.145380719563));
#926=CARTESIAN_POINT('Ctrl Pts',(-17.4516146178231,1.31413505461665,208.308878287842));
#927=CARTESIAN_POINT('Ctrl Pts',(-17.4191195981196,1.6911761174725,208.685919377966));
#928=CARTESIAN_POINT('Ctrl Pts',(-17.4017845619949,1.85467256475538,208.924693319892));
#929=CARTESIAN_POINT('Ctrl Pts',(-17.3772930765617,2.0716181289215,209.448170330431));
#930=CARTESIAN_POINT('Ctrl Pts',(-17.3704965395794,2.12505293309598,209.732896107399));
#931=CARTESIAN_POINT('Ctrl Pts',(-17.3704965395794,2.12505293309598,209.999999999998));
#932=CARTESIAN_POINT('',(-17.3705094905951,-2.124947066904,209.999999999998));
#933=CARTESIAN_POINT('Ctrl Pts',(-17.3705094905951,-2.124947066904,209.999999999998));
#934=CARTESIAN_POINT('Ctrl Pts',(-17.3705094905951,-2.124947066904,209.732896115515));
#935=CARTESIAN_POINT('Ctrl Pts',(-17.3773056961542,-2.07151226633132,209.448170331043));
#936=CARTESIAN_POINT('Ctrl Pts',(-17.4017958467143,-1.85456667720055,208.924693276424));
#937=CARTESIAN_POINT('Ctrl Pts',(-17.4191298805875,-1.69107020002817,208.685919299446));
#938=CARTESIAN_POINT('Ctrl Pts',(-17.4516225972901,-1.3140290706434,208.308878197328));
#939=CARTESIAN_POINT('Ctrl Pts',(-17.468900472743,-1.07525449458357,208.145380646198));
#940=CARTESIAN_POINT('Ctrl Pts',(-17.4932607509079,-0.551792699491159,207.928441451714));
#941=CARTESIAN_POINT('Ctrl Pts',(-17.4999999999965,-0.267086548862599,207.87500665373));
#942=CARTESIAN_POINT('Ctrl Pts',(-17.5,-2.30714579385616E-10,207.875000000657));
#943=CARTESIAN_POINT('',(-15.3536510303854,-2.124947066904,209.999999999998));
#944=CARTESIAN_POINT('',(0.,-2.124947066904,209.999999999998));
#945=CARTESIAN_POINT('',(-15.5,-1.15004268468804E-10,207.875000000657));
#946=CARTESIAN_POINT('Ctrl Pts',(-15.5,-2.30008165291729E-10,207.875000000657));
#947=CARTESIAN_POINT('Ctrl Pts',(-15.499999999996,-0.267164403234269,207.875006655669));
#948=CARTESIAN_POINT('Ctrl Pts',(-15.4923879354103,-0.551904273644738,207.928471908895));
#949=CARTESIAN_POINT('Ctrl Pts',(-15.4648738908783,-1.07534500625027,208.145433946936));
#950=CARTESIAN_POINT('Ctrl Pts',(-15.4453578473958,-1.31407076170813,208.308919892147));
#951=CARTESIAN_POINT('Ctrl Pts',(-15.4086430795705,-1.69102936952951,208.685878465193));
#952=CARTESIAN_POINT('Ctrl Pts',(-15.3890461056073,-1.85451355291113,208.924603244599));
#953=CARTESIAN_POINT('Ctrl Pts',(-15.3613451586641,-2.07148149219779,209.448057935642));
#954=CARTESIAN_POINT('Ctrl Pts',(-15.3536510303854,-2.124947066904,209.732816991225));
#955=CARTESIAN_POINT('Ctrl Pts',(-15.3536510303854,-2.124947066904,209.999999999998));
#956=CARTESIAN_POINT('',(-15.3536363781203,2.12505293309598,209.999999999998));
#957=CARTESIAN_POINT('Ctrl Pts',(-15.3536363781203,2.12505293309598,209.999999999998));
#958=CARTESIAN_POINT('Ctrl Pts',(-15.3536363781203,2.12505293309598,209.732816980678));
#959=CARTESIAN_POINT('Ctrl Pts',(-15.3613308834064,2.07158735373573,209.448057934667));
#960=CARTESIAN_POINT('Ctrl Pts',(-15.3890333447346,1.85461944630226,208.924603299967));
#961=CARTESIAN_POINT('Ctrl Pts',(-15.4086314543404,1.69113530110821,208.685878565356));
#962=CARTESIAN_POINT('Ctrl Pts',(-15.4453488286901,1.31417677825537,208.308920007726));
#963=CARTESIAN_POINT('Ctrl Pts',(-15.4648665193006,1.07545103997258,208.145434040627));
#964=CARTESIAN_POINT('Ctrl Pts',(-15.4923850690129,0.551992998346871,207.928464779631));
#965=CARTESIAN_POINT('Ctrl Pts',(-15.4999990874802,0.267232756514208,207.874999999998));
#966=CARTESIAN_POINT('Ctrl Pts',(-15.4999999999699,3.52887306588785E-5,
207.874999999998));
#967=CARTESIAN_POINT('Ctrl Pts',(-15.5,1.76442886568993E-5,207.875000000218));
#968=CARTESIAN_POINT('Ctrl Pts',(-15.5,-2.30005481517833E-10,207.875000000657));
#969=CARTESIAN_POINT('',(-15.5,-1.15004303163274E-10,212.124999999339));
#970=CARTESIAN_POINT('Ctrl Pts',(-15.5,-2.30006001943357E-10,212.124999999339));
#971=CARTESIAN_POINT('Ctrl Pts',(-15.5,1.76442886563916E-5,212.124999999778));
#972=CARTESIAN_POINT('Ctrl Pts',(-15.4999999999699,3.52887306583581E-5,
212.124999999998));
#973=CARTESIAN_POINT('Ctrl Pts',(-15.4999990874802,0.267232756514208,212.124999999998));
#974=CARTESIAN_POINT('Ctrl Pts',(-15.4923850690129,0.551992998346871,212.071535220365));
#975=CARTESIAN_POINT('Ctrl Pts',(-15.4648665193006,1.07545103997258,211.854565959369));
#976=CARTESIAN_POINT('Ctrl Pts',(-15.4453488286901,1.31417677825537,211.69107999227));
#977=CARTESIAN_POINT('Ctrl Pts',(-15.4086314543404,1.69113530110821,211.31412143464));
#978=CARTESIAN_POINT('Ctrl Pts',(-15.3890333447346,1.85461944630226,211.07539670003));
#979=CARTESIAN_POINT('Ctrl Pts',(-15.3613308834064,2.07158735373573,210.55194206533));
#980=CARTESIAN_POINT('Ctrl Pts',(-15.3536363781203,2.12505293309597,210.267183019319));
#981=CARTESIAN_POINT('Ctrl Pts',(-15.3536363781203,2.12505293309598,209.999999999998));
#982=CARTESIAN_POINT('Ctrl Pts',(-15.3536510303854,-2.124947066904,209.999999999998));
#983=CARTESIAN_POINT('Ctrl Pts',(-15.3536510303854,-2.124947066904,210.267183008772));
#984=CARTESIAN_POINT('Ctrl Pts',(-15.3613451586641,-2.07148149219778,210.551942064354));
#985=CARTESIAN_POINT('Ctrl Pts',(-15.3890461056073,-1.85451355291111,211.075396755397));
#986=CARTESIAN_POINT('Ctrl Pts',(-15.4086430795705,-1.69102936952951,211.314121534803));
#987=CARTESIAN_POINT('Ctrl Pts',(-15.4453578473958,-1.31407076170813,211.691080107849));
#988=CARTESIAN_POINT('Ctrl Pts',(-15.4648738908783,-1.07534500625025,211.85456605306));
#989=CARTESIAN_POINT('Ctrl Pts',(-15.4923879354103,-0.551904273644739,212.071528091102));
#990=CARTESIAN_POINT('Ctrl Pts',(-15.499999999996,-0.267164403234269,212.124993344327));
#991=CARTESIAN_POINT('Ctrl Pts',(-15.5,-2.30008165291729E-10,212.124999999339));
#992=CARTESIAN_POINT('Ctrl Pts',(-17.5,-2.30721414196111E-10,212.124999999339));
#993=CARTESIAN_POINT('Ctrl Pts',(-17.4999999999965,-0.267086548862604,212.124993346266));
#994=CARTESIAN_POINT('Ctrl Pts',(-17.4932607509079,-0.55179269949116,212.071558548282));
#995=CARTESIAN_POINT('Ctrl Pts',(-17.468900472743,-1.07525449458357,211.854619353799));
#996=CARTESIAN_POINT('Ctrl Pts',(-17.4516225972901,-1.3140290706434,211.691121802669));
#997=CARTESIAN_POINT('Ctrl Pts',(-17.4191298805875,-1.69107020002817,211.31408070055));
#998=CARTESIAN_POINT('Ctrl Pts',(-17.4017958467143,-1.85456667720055,211.075306723572));
#999=CARTESIAN_POINT('Ctrl Pts',(-17.3773056961542,-2.07151226633132,210.551829668954));
#1000=CARTESIAN_POINT('Ctrl Pts',(-17.3705094905952,-2.124947066904,210.267103884481));
#1001=CARTESIAN_POINT('Ctrl Pts',(-17.3705094905952,-2.124947066904,209.999999999998));
#1002=CARTESIAN_POINT('Origin',(0.,5.29330959885603E-5,209.999999999998));
#1003=CARTESIAN_POINT('',(15.3536363781203,2.12505293309598,209.999999999998));
#1004=CARTESIAN_POINT('',(15.3536510303854,-2.124947066904,209.999999999998));
#1005=CARTESIAN_POINT('Ctrl Pts',(15.3536363781203,2.12505293309598,209.999999999998));
#1006=CARTESIAN_POINT('Ctrl Pts',(15.3536363781203,2.12505293309597,210.267183019319));
#1007=CARTESIAN_POINT('Ctrl Pts',(15.3613308834064,2.07158735373573,210.55194206533));
#1008=CARTESIAN_POINT('Ctrl Pts',(15.3890333447346,1.85461944630226,211.07539670003));
#1009=CARTESIAN_POINT('Ctrl Pts',(15.4086314543404,1.69113530110821,211.31412143464));
#1010=CARTESIAN_POINT('Ctrl Pts',(15.4453488286901,1.31417677825537,211.69107999227));
#1011=CARTESIAN_POINT('Ctrl Pts',(15.4648665193006,1.07545103997258,211.854565959369));
#1012=CARTESIAN_POINT('Ctrl Pts',(15.4923850690129,0.551992998346871,212.071535220365));
#1013=CARTESIAN_POINT('Ctrl Pts',(15.4999990874802,0.267232756514208,212.124999999998));
#1014=CARTESIAN_POINT('Ctrl Pts',(15.5000009123387,-0.267126792589186,212.124999999998));
#1015=CARTESIAN_POINT('Ctrl Pts',(15.4923888439446,-0.551886989241023,212.07153525535));
#1016=CARTESIAN_POINT('Ctrl Pts',(15.4648738908783,-1.07534500625025,211.85456605306));
#1017=CARTESIAN_POINT('Ctrl Pts',(15.4453578473958,-1.31407076170813,211.691080107849));
#1018=CARTESIAN_POINT('Ctrl Pts',(15.4086430795705,-1.69102936952951,211.314121534803));
#1019=CARTESIAN_POINT('Ctrl Pts',(15.3890461056073,-1.85451355291107,211.075396755397));
#1020=CARTESIAN_POINT('Ctrl Pts',(15.3613451586641,-2.07148149219776,210.551942064354));
#1021=CARTESIAN_POINT('Ctrl Pts',(15.3536510303854,-2.124947066904,210.267183008772));
#1022=CARTESIAN_POINT('Ctrl Pts',(15.3536510303854,-2.124947066904,209.999999999998));
#1023=CARTESIAN_POINT('Ctrl Pts',(15.3536510303854,-2.124947066904,209.999999999998));
#1024=CARTESIAN_POINT('Ctrl Pts',(15.3536510303854,-2.124947066904,209.732816991225));
#1025=CARTESIAN_POINT('Ctrl Pts',(15.3613451586641,-2.07148149219778,209.448057935642));
#1026=CARTESIAN_POINT('Ctrl Pts',(15.3890461056073,-1.85451355291111,208.924603244599));
#1027=CARTESIAN_POINT('Ctrl Pts',(15.4086430795705,-1.69102936952951,208.685878465193));
#1028=CARTESIAN_POINT('Ctrl Pts',(15.4453578473958,-1.31407076170813,208.308919892147));
#1029=CARTESIAN_POINT('Ctrl Pts',(15.4648738908783,-1.07534500625025,208.145433946936));
#1030=CARTESIAN_POINT('Ctrl Pts',(15.4923888439446,-0.551886989241023,207.928464744646));
#1031=CARTESIAN_POINT('Ctrl Pts',(15.5000009123387,-0.267126792589186,207.874999999998));
#1032=CARTESIAN_POINT('Ctrl Pts',(15.4999990874802,0.267232756514208,207.874999999998));
#1033=CARTESIAN_POINT('Ctrl Pts',(15.4923850690129,0.551992998346871,207.928464779631));
#1034=CARTESIAN_POINT('Ctrl Pts',(15.4648665193006,1.07545103997258,208.145434040627));
#1035=CARTESIAN_POINT('Ctrl Pts',(15.4453488286901,1.31417677825537,208.308920007726));
#1036=CARTESIAN_POINT('Ctrl Pts',(15.4086314543404,1.69113530110821,208.685878565356));
#1037=CARTESIAN_POINT('Ctrl Pts',(15.3890333447346,1.85461944630226,208.924603299967));
#1038=CARTESIAN_POINT('Ctrl Pts',(15.3613308834064,2.07158735373573,209.448057934667));
#1039=CARTESIAN_POINT('Ctrl Pts',(15.3536363781203,2.12505293309598,209.732816980678));
#1040=CARTESIAN_POINT('Ctrl Pts',(15.3536363781203,2.12505293309598,209.999999999998));
#1041=CARTESIAN_POINT('',(17.3705094905951,-2.124947066904,209.999999999998));
#1042=CARTESIAN_POINT('',(0.,-2.124947066904,209.999999999998));
#1043=CARTESIAN_POINT('',(17.3704965395794,2.12505293309598,209.999999999998));
#1044=CARTESIAN_POINT('Ctrl Pts',(17.3704965395794,2.12505293309598,209.999999999998));
#1045=CARTESIAN_POINT('Ctrl Pts',(17.3704965395794,2.12505293309598,209.732896107399));
#1046=CARTESIAN_POINT('Ctrl Pts',(17.3772930765617,2.0716181289215,209.448170330431));
#1047=CARTESIAN_POINT('Ctrl Pts',(17.4017845619949,1.85467256475538,208.924693319892));
#1048=CARTESIAN_POINT('Ctrl Pts',(17.4191195981196,1.6911761174725,208.685919377966));
#1049=CARTESIAN_POINT('Ctrl Pts',(17.4516146178231,1.31413505461665,208.308878287842));
#1050=CARTESIAN_POINT('Ctrl Pts',(17.4688939492694,1.07536049197667,208.145380719563));
#1051=CARTESIAN_POINT('Ctrl Pts',(17.4932582136882,0.551881387461956,207.928434313523));
#1052=CARTESIAN_POINT('Ctrl Pts',(17.4999991920038,0.267154874445397,207.874999999998));
#1053=CARTESIAN_POINT('Ctrl Pts',(17.5000008078359,-0.267048931708623,207.874999999998));
#1054=CARTESIAN_POINT('Ctrl Pts',(17.4932615555369,-0.551775409353128,207.928434286132));
#1055=CARTESIAN_POINT('Ctrl Pts',(17.468900472743,-1.07525449458357,208.145380646198));
#1056=CARTESIAN_POINT('Ctrl Pts',(17.4516225972901,-1.3140290706434,208.308878197328));
#1057=CARTESIAN_POINT('Ctrl Pts',(17.4191298805875,-1.69107020002817,208.685919299446));
#1058=CARTESIAN_POINT('Ctrl Pts',(17.4017958467143,-1.85456667720055,208.924693276424));
#1059=CARTESIAN_POINT('Ctrl Pts',(17.3773056961542,-2.07151226633132,209.448170331043));
#1060=CARTESIAN_POINT('Ctrl Pts',(17.3705094905951,-2.124947066904,209.732896115515));
#1061=CARTESIAN_POINT('Ctrl Pts',(17.3705094905951,-2.12494706690401,209.999999999998));
#1062=CARTESIAN_POINT('Ctrl Pts',(17.3705094905951,-2.124947066904,209.999999999998));
#1063=CARTESIAN_POINT('Ctrl Pts',(17.3705094905951,-2.124947066904,210.267103884481));
#1064=CARTESIAN_POINT('Ctrl Pts',(17.3773056961542,-2.07151226633132,210.551829668954));
#1065=CARTESIAN_POINT('Ctrl Pts',(17.4017958467143,-1.85456667720055,211.075306723572));
#1066=CARTESIAN_POINT('Ctrl Pts',(17.4191298805875,-1.69107020002817,211.31408070055));
#1067=CARTESIAN_POINT('Ctrl Pts',(17.4516225972901,-1.3140290706434,211.691121802669));
#1068=CARTESIAN_POINT('Ctrl Pts',(17.468900472743,-1.07525449458357,211.854619353799));
#1069=CARTESIAN_POINT('Ctrl Pts',(17.4932615555369,-0.551775409353127,212.071565713864));
#1070=CARTESIAN_POINT('Ctrl Pts',(17.5000008078359,-0.267048931708623,212.124999999998));
#1071=CARTESIAN_POINT('Ctrl Pts',(17.4999991920038,0.267154874445398,212.124999999998));
#1072=CARTESIAN_POINT('Ctrl Pts',(17.4932582136882,0.551881387461957,212.071565686474));
#1073=CARTESIAN_POINT('Ctrl Pts',(17.4688939492694,1.07536049197667,211.854619280433));
#1074=CARTESIAN_POINT('Ctrl Pts',(17.4516146178231,1.31413505461665,211.691121712154));
#1075=CARTESIAN_POINT('Ctrl Pts',(17.4191195981196,1.6911761174725,211.314080622031));
#1076=CARTESIAN_POINT('Ctrl Pts',(17.4017845619949,1.85467256475538,211.075306680104));
#1077=CARTESIAN_POINT('Ctrl Pts',(17.3772930765617,2.0716181289215,210.551829669565));
#1078=CARTESIAN_POINT('Ctrl Pts',(17.3704965395794,2.12505293309598,210.267103892598));
#1079=CARTESIAN_POINT('Ctrl Pts',(17.3704965395794,2.12505293309598,209.999999999998));
#1080=CARTESIAN_POINT('Origin',(0.,-2.22044604925031E-15,290.));
#1081=CARTESIAN_POINT('',(-17.3705030151691,2.12500000000001,290.));
#1082=CARTESIAN_POINT('',(-17.5,-1.9042332177228E-15,292.125));
#1083=CARTESIAN_POINT('Ctrl Pts',(-17.3705030151691,2.12500000000001,290.));
#1084=CARTESIAN_POINT('Ctrl Pts',(-17.3705030151691,2.12500000000001,290.267103888541));
#1085=CARTESIAN_POINT('Ctrl Pts',(-17.3772993864397,2.07156519762643,290.551829669262));
#1086=CARTESIAN_POINT('Ctrl Pts',(-17.4017902044361,1.8546196209776,291.075306701841));
#1087=CARTESIAN_POINT('Ctrl Pts',(-17.4191247394349,1.69112315874964,291.314080661293));
#1088=CARTESIAN_POINT('Ctrl Pts',(-17.4516186076376,1.31408206262896,291.691121757414));
#1089=CARTESIAN_POINT('Ctrl Pts',(-17.4688972110869,1.07530749327939,291.854619317118));
#1090=CARTESIAN_POINT('Ctrl Pts',(-17.4932598846929,0.551828398407293,292.071565700171));
#1091=CARTESIAN_POINT('Ctrl Pts',(-17.5,0.267101903076932,292.125));
#1092=CARTESIAN_POINT('Ctrl Pts',(-17.5,-2.84494650060196E-15,292.125));
#1093=CARTESIAN_POINT('',(-17.5,-2.12974726959979E-15,287.875));
#1094=CARTESIAN_POINT('Ctrl Pts',(-17.5,-1.70002900645727E-15,287.875));
#1095=CARTESIAN_POINT('Ctrl Pts',(-17.5,0.267101903076932,287.875));
#1096=CARTESIAN_POINT('Ctrl Pts',(-17.4932598846929,0.5518283984073,287.928434299829));
#1097=CARTESIAN_POINT('Ctrl Pts',(-17.4688972110869,1.07530749327939,288.145380682882));
#1098=CARTESIAN_POINT('Ctrl Pts',(-17.4516186076376,1.31408206262897,288.308878242586));
#1099=CARTESIAN_POINT('Ctrl Pts',(-17.4191247394349,1.69112315874964,288.685919338707));
#1100=CARTESIAN_POINT('Ctrl Pts',(-17.4017902044361,1.8546196209776,288.924693298159));
#1101=CARTESIAN_POINT('Ctrl Pts',(-17.3772993864397,2.07156519762643,289.448170330738));
#1102=CARTESIAN_POINT('Ctrl Pts',(-17.3705030151691,2.12500000000001,289.732896111459));
#1103=CARTESIAN_POINT('Ctrl Pts',(-17.3705030151691,2.12500000000001,290.));
#1104=CARTESIAN_POINT('',(-17.3705030151691,-2.12500000000002,290.));
#1105=CARTESIAN_POINT('Ctrl Pts',(-17.3705030151691,-2.12500000000002,290.));
#1106=CARTESIAN_POINT('Ctrl Pts',(-17.3705030151691,-2.12500000000002,289.732896111459));
#1107=CARTESIAN_POINT('Ctrl Pts',(-17.3772993864397,-2.07156519762643,289.448170330738));
#1108=CARTESIAN_POINT('Ctrl Pts',(-17.4017902044361,-1.85461962097761,288.924693298159));
#1109=CARTESIAN_POINT('Ctrl Pts',(-17.4191247394349,-1.69112315874965,288.685919338707));
#1110=CARTESIAN_POINT('Ctrl Pts',(-17.4516186076376,-1.31408206262897,288.308878242586));
#1111=CARTESIAN_POINT('Ctrl Pts',(-17.4688972110869,-1.07530749327939,288.145380682882));
#1112=CARTESIAN_POINT('Ctrl Pts',(-17.4932598846929,-0.551828398407305,
287.928434299829));
#1113=CARTESIAN_POINT('Ctrl Pts',(-17.5,-0.267101903076935,287.875));
#1114=CARTESIAN_POINT('Ctrl Pts',(-17.5,-9.71445146547012E-16,287.875));
#1115=CARTESIAN_POINT('',(-15.3536437043459,-2.12500000000002,290.));
#1116=CARTESIAN_POINT('',(0.,-2.12500000000002,290.));
#1117=CARTESIAN_POINT('',(-15.5,-2.85729709291369E-15,287.875));
#1118=CARTESIAN_POINT('Ctrl Pts',(-15.5,-3.40005801291454E-15,287.875));
#1119=CARTESIAN_POINT('Ctrl Pts',(-15.5,-0.267179774551596,287.875));
#1120=CARTESIAN_POINT('Ctrl Pts',(-15.4923869565695,-0.551939993793662,
287.92846476214));
#1121=CARTESIAN_POINT('Ctrl Pts',(-15.4648702051808,-1.0753980231105,288.145433993783));
#1122=CARTESIAN_POINT('Ctrl Pts',(-15.4453533381347,-1.3141237699804,288.308919949938));
#1123=CARTESIAN_POINT('Ctrl Pts',(-15.4086372670477,-1.69108233531798,288.685878515275));
#1124=CARTESIAN_POINT('Ctrl Pts',(-15.3890397252634,-1.85456649960625,288.924603272284));
#1125=CARTESIAN_POINT('Ctrl Pts',(-15.3613380211281,-2.07153442296677,289.448057935156));
#1126=CARTESIAN_POINT('Ctrl Pts',(-15.3536437043459,-2.12500000000001,289.732816985953));
#1127=CARTESIAN_POINT('Ctrl Pts',(-15.3536437043459,-2.12500000000001,290.));
#1128=CARTESIAN_POINT('',(-15.3536437043459,2.12500000000001,290.));
#1129=CARTESIAN_POINT('Ctrl Pts',(-15.3536437043459,2.12500000000001,290.));
#1130=CARTESIAN_POINT('Ctrl Pts',(-15.3536437043459,2.12500000000001,289.732816985953));
#1131=CARTESIAN_POINT('Ctrl Pts',(-15.3613380211281,2.07153442296675,289.448057935156));
#1132=CARTESIAN_POINT('Ctrl Pts',(-15.3890397252634,1.85456649960622,288.924603272284));
#1133=CARTESIAN_POINT('Ctrl Pts',(-15.4086372670477,1.69108233531797,288.685878515275));
#1134=CARTESIAN_POINT('Ctrl Pts',(-15.4453533381347,1.31412376998039,288.308919949938));
#1135=CARTESIAN_POINT('Ctrl Pts',(-15.4648702051808,1.07539802311047,288.145433993783));
#1136=CARTESIAN_POINT('Ctrl Pts',(-15.4923869565695,0.551939993793618,287.92846476214));
#1137=CARTESIAN_POINT('Ctrl Pts',(-15.5,0.26717977455159,287.875));
#1138=CARTESIAN_POINT('Ctrl Pts',(-15.5,-2.63677968348475E-15,287.875));
#1139=CARTESIAN_POINT('',(-15.5,-2.61443580627693E-15,292.125));
#1140=CARTESIAN_POINT('Ctrl Pts',(-15.5,-3.53883589099269E-15,292.125));
#1141=CARTESIAN_POINT('Ctrl Pts',(-15.5,0.267179774551591,292.125));
#1142=CARTESIAN_POINT('Ctrl Pts',(-15.4923869565695,0.55193999379362,292.07153523786));
#1143=CARTESIAN_POINT('Ctrl Pts',(-15.4648702051808,1.07539802311047,291.854566006217));
#1144=CARTESIAN_POINT('Ctrl Pts',(-15.4453533381347,1.31412376998039,291.691080050062));
#1145=CARTESIAN_POINT('Ctrl Pts',(-15.4086372670477,1.69108233531796,291.314121484725));
#1146=CARTESIAN_POINT('Ctrl Pts',(-15.3890397252634,1.85456649960625,291.075396727716));
#1147=CARTESIAN_POINT('Ctrl Pts',(-15.3613380211281,2.07153442296676,290.551942064844));
#1148=CARTESIAN_POINT('Ctrl Pts',(-15.3536437043459,2.12500000000001,290.267183014047));
#1149=CARTESIAN_POINT('Ctrl Pts',(-15.3536437043459,2.12500000000001,290.));
#1150=CARTESIAN_POINT('Ctrl Pts',(-15.3536437043459,-2.12500000000001,290.));
#1151=CARTESIAN_POINT('Ctrl Pts',(-15.3536437043459,-2.12500000000001,290.267183014047));
#1152=CARTESIAN_POINT('Ctrl Pts',(-15.3613380211281,-2.07153442296677,290.551942064844));
#1153=CARTESIAN_POINT('Ctrl Pts',(-15.3890397252634,-1.85456649960626,291.075396727716));
#1154=CARTESIAN_POINT('Ctrl Pts',(-15.4086372670477,-1.69108233531797,291.314121484725));
#1155=CARTESIAN_POINT('Ctrl Pts',(-15.4453533381347,-1.3141237699804,291.691080050062));
#1156=CARTESIAN_POINT('Ctrl Pts',(-15.4648702051808,-1.07539802311048,291.854566006217));
#1157=CARTESIAN_POINT('Ctrl Pts',(-15.4923869565695,-0.551939993793625,
292.07153523786));
#1158=CARTESIAN_POINT('Ctrl Pts',(-15.5,-0.267179774551598,292.125));
#1159=CARTESIAN_POINT('Ctrl Pts',(-15.5,-2.70616862252382E-15,292.125));
#1160=CARTESIAN_POINT('Ctrl Pts',(-17.5,-1.66533453693773E-15,292.125));
#1161=CARTESIAN_POINT('Ctrl Pts',(-17.5,-0.267101903076937,292.125));
#1162=CARTESIAN_POINT('Ctrl Pts',(-17.4932598846929,-0.551828398407297,
292.071565700171));
#1163=CARTESIAN_POINT('Ctrl Pts',(-17.4688972110869,-1.0753074932794,291.854619317118));
#1164=CARTESIAN_POINT('Ctrl Pts',(-17.4516186076376,-1.31408206262897,291.691121757414));
#1165=CARTESIAN_POINT('Ctrl Pts',(-17.4191247394349,-1.69112315874964,291.314080661293));
#1166=CARTESIAN_POINT('Ctrl Pts',(-17.4017902044361,-1.85461962097761,291.075306701841));
#1167=CARTESIAN_POINT('Ctrl Pts',(-17.3772993864397,-2.07156519762643,290.551829669262));
#1168=CARTESIAN_POINT('Ctrl Pts',(-17.3705030151691,-2.12500000000002,290.267103888541));
#1169=CARTESIAN_POINT('Ctrl Pts',(-17.3705030151691,-2.12500000000002,290.));
#1170=CARTESIAN_POINT('Origin',(0.,-2.22044604925031E-15,290.));
#1171=CARTESIAN_POINT('',(15.3536437043459,2.12500000000001,290.));
#1172=CARTESIAN_POINT('',(15.3536437043459,-2.12500000000002,290.));
#1173=CARTESIAN_POINT('Ctrl Pts',(15.3536437043459,2.12500000000001,290.));
#1174=CARTESIAN_POINT('Ctrl Pts',(15.3536437043459,2.12500000000001,290.267183014047));
#1175=CARTESIAN_POINT('Ctrl Pts',(15.3613380211281,2.07153442296676,290.551942064844));
#1176=CARTESIAN_POINT('Ctrl Pts',(15.3890397252634,1.85456649960625,291.075396727716));
#1177=CARTESIAN_POINT('Ctrl Pts',(15.4086372670477,1.69108233531796,291.314121484725));
#1178=CARTESIAN_POINT('Ctrl Pts',(15.4453533381347,1.31412376998039,291.691080050062));
#1179=CARTESIAN_POINT('Ctrl Pts',(15.4648702051808,1.07539802311047,291.854566006217));
#1180=CARTESIAN_POINT('Ctrl Pts',(15.4923869565695,0.55193999379362,292.07153523786));
#1181=CARTESIAN_POINT('Ctrl Pts',(15.5,0.267179774551592,292.125));
#1182=CARTESIAN_POINT('Ctrl Pts',(15.5,-0.267179774551598,292.125));
#1183=CARTESIAN_POINT('Ctrl Pts',(15.4923869565695,-0.551939993793625,292.07153523786));
#1184=CARTESIAN_POINT('Ctrl Pts',(15.4648702051808,-1.07539802311048,291.854566006217));
#1185=CARTESIAN_POINT('Ctrl Pts',(15.4453533381347,-1.3141237699804,291.691080050062));
#1186=CARTESIAN_POINT('Ctrl Pts',(15.4086372670477,-1.69108233531797,291.314121484725));
#1187=CARTESIAN_POINT('Ctrl Pts',(15.3890397252634,-1.85456649960621,291.075396727716));
#1188=CARTESIAN_POINT('Ctrl Pts',(15.3613380211281,-2.07153442296674,290.551942064844));
#1189=CARTESIAN_POINT('Ctrl Pts',(15.3536437043459,-2.12500000000001,290.267183014047));
#1190=CARTESIAN_POINT('Ctrl Pts',(15.3536437043459,-2.12500000000001,290.));
#1191=CARTESIAN_POINT('Ctrl Pts',(15.3536437043459,-2.12500000000001,290.));
#1192=CARTESIAN_POINT('Ctrl Pts',(15.3536437043459,-2.12500000000001,289.732816985953));
#1193=CARTESIAN_POINT('Ctrl Pts',(15.3613380211281,-2.07153442296676,289.448057935156));
#1194=CARTESIAN_POINT('Ctrl Pts',(15.3890397252634,-1.85456649960622,288.924603272284));
#1195=CARTESIAN_POINT('Ctrl Pts',(15.4086372670477,-1.69108233531797,288.685878515275));
#1196=CARTESIAN_POINT('Ctrl Pts',(15.4453533381347,-1.3141237699804,288.308919949938));
#1197=CARTESIAN_POINT('Ctrl Pts',(15.4648702051808,-1.07539802311048,288.145433993783));
#1198=CARTESIAN_POINT('Ctrl Pts',(15.4923869565695,-0.551939993793622,287.92846476214));
#1199=CARTESIAN_POINT('Ctrl Pts',(15.5,-0.267179774551595,287.875));
#1200=CARTESIAN_POINT('Ctrl Pts',(15.5,0.26717977455159,287.875));
#1201=CARTESIAN_POINT('Ctrl Pts',(15.4923869565695,0.551939993793617,287.92846476214));
#1202=CARTESIAN_POINT('Ctrl Pts',(15.4648702051808,1.07539802311047,288.145433993783));
#1203=CARTESIAN_POINT('Ctrl Pts',(15.4453533381347,1.31412376998039,288.308919949938));
#1204=CARTESIAN_POINT('Ctrl Pts',(15.4086372670477,1.69108233531797,288.685878515275));
#1205=CARTESIAN_POINT('Ctrl Pts',(15.3890397252634,1.85456649960622,288.924603272284));
#1206=CARTESIAN_POINT('Ctrl Pts',(15.3613380211281,2.07153442296675,289.448057935156));
#1207=CARTESIAN_POINT('Ctrl Pts',(15.3536437043459,2.12500000000001,289.732816985953));
#1208=CARTESIAN_POINT('Ctrl Pts',(15.3536437043459,2.12500000000001,290.));
#1209=CARTESIAN_POINT('',(17.3705030151691,-2.12500000000002,290.));
#1210=CARTESIAN_POINT('',(0.,-2.12500000000002,290.));
#1211=CARTESIAN_POINT('',(17.3705030151691,2.12500000000001,290.));
#1212=CARTESIAN_POINT('Ctrl Pts',(17.3705030151691,2.12500000000001,290.));
#1213=CARTESIAN_POINT('Ctrl Pts',(17.3705030151691,2.12500000000001,289.732896111459));
#1214=CARTESIAN_POINT('Ctrl Pts',(17.3772993864397,2.07156519762643,289.448170330738));
#1215=CARTESIAN_POINT('Ctrl Pts',(17.4017902044361,1.8546196209776,288.924693298159));
#1216=CARTESIAN_POINT('Ctrl Pts',(17.4191247394349,1.69112315874964,288.685919338707));
#1217=CARTESIAN_POINT('Ctrl Pts',(17.4516186076376,1.31408206262897,288.308878242586));
#1218=CARTESIAN_POINT('Ctrl Pts',(17.4688972110869,1.07530749327939,288.145380682882));
#1219=CARTESIAN_POINT('Ctrl Pts',(17.4932598846929,0.5518283984073,287.928434299829));
#1220=CARTESIAN_POINT('Ctrl Pts',(17.5,0.267101903076931,287.875));
#1221=CARTESIAN_POINT('Ctrl Pts',(17.5,-0.267101903076936,287.875));
#1222=CARTESIAN_POINT('Ctrl Pts',(17.4932598846929,-0.551828398407306,287.928434299829));
#1223=CARTESIAN_POINT('Ctrl Pts',(17.4688972110869,-1.07530749327939,288.145380682882));
#1224=CARTESIAN_POINT('Ctrl Pts',(17.4516186076376,-1.31408206262897,288.308878242586));
#1225=CARTESIAN_POINT('Ctrl Pts',(17.4191247394349,-1.69112315874965,288.685919338707));
#1226=CARTESIAN_POINT('Ctrl Pts',(17.4017902044361,-1.85461962097761,288.924693298159));
#1227=CARTESIAN_POINT('Ctrl Pts',(17.3772993864397,-2.07156519762643,289.448170330738));
#1228=CARTESIAN_POINT('Ctrl Pts',(17.3705030151691,-2.12500000000002,289.732896111459));
#1229=CARTESIAN_POINT('Ctrl Pts',(17.3705030151691,-2.12500000000002,290.));
#1230=CARTESIAN_POINT('Ctrl Pts',(17.3705030151691,-2.12500000000002,290.));
#1231=CARTESIAN_POINT('Ctrl Pts',(17.3705030151691,-2.12500000000002,290.267103888541));
#1232=CARTESIAN_POINT('Ctrl Pts',(17.3772993864397,-2.07156519762643,290.551829669262));
#1233=CARTESIAN_POINT('Ctrl Pts',(17.4017902044361,-1.85461962097761,291.075306701841));
#1234=CARTESIAN_POINT('Ctrl Pts',(17.4191247394349,-1.69112315874964,291.314080661293));
#1235=CARTESIAN_POINT('Ctrl Pts',(17.4516186076376,-1.31408206262897,291.691121757414));
#1236=CARTESIAN_POINT('Ctrl Pts',(17.4688972110869,-1.0753074932794,291.854619317118));
#1237=CARTESIAN_POINT('Ctrl Pts',(17.4932598846929,-0.551828398407297,292.071565700171));
#1238=CARTESIAN_POINT('Ctrl Pts',(17.5,-0.267101903076937,292.125));
#1239=CARTESIAN_POINT('Ctrl Pts',(17.5,0.267101903076933,292.125));
#1240=CARTESIAN_POINT('Ctrl Pts',(17.4932598846929,0.551828398407293,292.071565700171));
#1241=CARTESIAN_POINT('Ctrl Pts',(17.4688972110869,1.07530749327939,291.854619317118));
#1242=CARTESIAN_POINT('Ctrl Pts',(17.4516186076376,1.31408206262896,291.691121757414));
#1243=CARTESIAN_POINT('Ctrl Pts',(17.4191247394349,1.69112315874964,291.314080661293));
#1244=CARTESIAN_POINT('Ctrl Pts',(17.4017902044361,1.8546196209776,291.075306701841));
#1245=CARTESIAN_POINT('Ctrl Pts',(17.3772993864397,2.07156519762643,290.551829669262));
#1246=CARTESIAN_POINT('Ctrl Pts',(17.3705030151691,2.12500000000001,290.267103888541));
#1247=CARTESIAN_POINT('Ctrl Pts',(17.3705030151691,2.12500000000001,290.));
#1248=CARTESIAN_POINT('Origin',(0.,2.19554055790486E-5,229.999999999992));
#1249=CARTESIAN_POINT('',(-17.3705003292664,2.12502195540559,229.999999999992));
#1250=CARTESIAN_POINT('',(-17.5,-1.98488408273989E-11,232.124999999879));
#1251=CARTESIAN_POINT('Ctrl Pts',(-17.3705003292664,2.12502195540559,229.999999999992));
#1252=CARTESIAN_POINT('Ctrl Pts',(-17.3705003292664,2.12502195540559,230.267103890217));
#1253=CARTESIAN_POINT('Ctrl Pts',(-17.3772967692702,2.07158715228502,230.551829669381));
#1254=CARTESIAN_POINT('Ctrl Pts',(-17.4017878641037,1.85464158081366,231.075306692818));
#1255=CARTESIAN_POINT('Ctrl Pts',(-17.4191226069577,1.69114512478448,231.314080645001));
#1256=CARTESIAN_POINT('Ctrl Pts',(-17.4516169527759,1.31410404246118,231.691121738634));
#1257=CARTESIAN_POINT('Ctrl Pts',(-17.4688958581812,1.07532947589467,231.854619301895));
#1258=CARTESIAN_POINT('Ctrl Pts',(-17.4932591916189,0.551850377023156,232.071565694483));
#1259=CARTESIAN_POINT('Ctrl Pts',(-17.4999996648816,0.267123874357019,232.124999999992));
#1260=CARTESIAN_POINT('Ctrl Pts',(-17.4999999999954,1.46369370528435E-5,
232.124999999992));
#1261=CARTESIAN_POINT('Ctrl Pts',(-17.5,7.31845529504132E-6,232.124999999954));
#1262=CARTESIAN_POINT('Ctrl Pts',(-17.5,-3.96933475113831E-11,232.124999999879));
#1263=CARTESIAN_POINT('',(-17.5,-1.98488061329293E-11,227.875000000106));
#1264=CARTESIAN_POINT('Ctrl Pts',(-17.5,-3.96937981484676E-11,227.875000000106));
#1265=CARTESIAN_POINT('Ctrl Pts',(-17.5,7.31845529460225E-6,227.87500000003));
#1266=CARTESIAN_POINT('Ctrl Pts',(-17.4999999999954,1.46369370523924E-5,
227.874999999992));
#1267=CARTESIAN_POINT('Ctrl Pts',(-17.4999996648816,0.267123874357018,227.874999999992));
#1268=CARTESIAN_POINT('Ctrl Pts',(-17.4932591916189,0.551850377023161,227.928434305502));
#1269=CARTESIAN_POINT('Ctrl Pts',(-17.4688958581812,1.07532947589468,228.145380698089));
#1270=CARTESIAN_POINT('Ctrl Pts',(-17.4516169527759,1.31410404246118,228.30887826135));
#1271=CARTESIAN_POINT('Ctrl Pts',(-17.4191226069577,1.69114512478448,228.685919354983));
#1272=CARTESIAN_POINT('Ctrl Pts',(-17.4017878641037,1.85464158081366,228.924693307166));
#1273=CARTESIAN_POINT('Ctrl Pts',(-17.3772967692702,2.07158715228502,229.448170330604));
#1274=CARTESIAN_POINT('Ctrl Pts',(-17.3705003292664,2.12502195540559,229.732896109768));
#1275=CARTESIAN_POINT('Ctrl Pts',(-17.3705003292664,2.12502195540559,229.999999999992));
#1276=CARTESIAN_POINT('',(-17.3705057010437,-2.12497804459443,229.999999999992));
#1277=CARTESIAN_POINT('Ctrl Pts',(-17.3705057010437,-2.12497804459443,229.999999999992));
#1278=CARTESIAN_POINT('Ctrl Pts',(-17.3705057010437,-2.12497804459443,229.732896113134));
#1279=CARTESIAN_POINT('Ctrl Pts',(-17.377302003581,-2.07154324296782,229.448170330858));
#1280=CARTESIAN_POINT('Ctrl Pts',(-17.4017925447404,-1.85459766114171,228.924693289137));
#1281=CARTESIAN_POINT('Ctrl Pts',(-17.4191268718841,-1.69110119271504,228.685919322415));
#1282=CARTESIAN_POINT('Ctrl Pts',(-17.4516202624715,-1.31406008279712,228.308878223807));
#1283=CARTESIAN_POINT('Ctrl Pts',(-17.4688985639649,-1.07528551066436,228.145380667659));
#1284=CARTESIAN_POINT('Ctrl Pts',(-17.4932602439853,-0.551813591334334,
227.928437266256));
#1285=CARTESIAN_POINT('Ctrl Pts',(-17.4999999999994,-0.267095534530336,
227.87500275973));
#1286=CARTESIAN_POINT('Ctrl Pts',(-17.5,-3.96940813551794E-11,227.875000000106));
#1287=CARTESIAN_POINT('',(-15.3536467430377,-2.12497804459442,229.999999999992));
#1288=CARTESIAN_POINT('',(0.,-2.12497804459443,229.999999999992));
#1289=CARTESIAN_POINT('',(-15.5,-1.97872744571998E-11,227.875000000106));
#1290=CARTESIAN_POINT('Ctrl Pts',(-15.5,-3.9570846599446E-11,227.875000000106));
#1291=CARTESIAN_POINT('Ctrl Pts',(-15.4999999999993,-0.267173398910893,
227.875002760534));
#1292=CARTESIAN_POINT('Ctrl Pts',(-15.4923873625773,-0.551925177913695,
227.928467726439));
#1293=CARTESIAN_POINT('Ctrl Pts',(-15.4648717339437,-1.07537603296124,228.145433974345));
#1294=CARTESIAN_POINT('Ctrl Pts',(-15.4453552084926,-1.31410178339313,228.30891992596));
#1295=CARTESIAN_POINT('Ctrl Pts',(-15.4086396779681,-1.6910603663521,228.685878494495));
#1296=CARTESIAN_POINT('Ctrl Pts',(-15.3890423717027,-1.85454453855997,228.924603260794));
#1297=CARTESIAN_POINT('Ctrl Pts',(-15.361340981633,-2.07151246852638,229.44805793535));
#1298=CARTESIAN_POINT('Ctrl Pts',(-15.3536467430377,-2.12497804459443,229.732816988133));
#1299=CARTESIAN_POINT('Ctrl Pts',(-15.3536467430377,-2.12497804459443,229.999999999992));
#1300=CARTESIAN_POINT('',(-15.3536406656221,2.12502195540559,229.999999999992));
#1301=CARTESIAN_POINT('Ctrl Pts',(-15.3536406656221,2.12502195540559,229.999999999992));
#1302=CARTESIAN_POINT('Ctrl Pts',(-15.3536406656221,2.12502195540559,229.732816983758));
#1303=CARTESIAN_POINT('Ctrl Pts',(-15.3613350605913,2.07155637740715,229.448057934946));
#1304=CARTESIAN_POINT('Ctrl Pts',(-15.3890370787923,1.85458846065268,228.924603283759));
#1305=CARTESIAN_POINT('Ctrl Pts',(-15.4086348560955,1.69110430428414,228.68587853604));
#1306=CARTESIAN_POINT('Ctrl Pts',(-15.4453514677452,1.31414575656812,228.3089199739));
#1307=CARTESIAN_POINT('Ctrl Pts',(-15.4648686763864,1.07542001326004,228.145434013206));
#1308=CARTESIAN_POINT('Ctrl Pts',(-15.4923861736774,0.551961978837931,227.928464769388));
#1309=CARTESIAN_POINT('Ctrl Pts',(-15.4999996215302,0.267201750225877,227.874999999992));
#1310=CARTESIAN_POINT('Ctrl Pts',(-15.4999999999948,1.46369370520802E-5,
227.874999999992));
#1311=CARTESIAN_POINT('Ctrl Pts',(-15.5,7.31845533437268E-6,227.87500000003));
#1312=CARTESIAN_POINT('Ctrl Pts',(-15.5,-3.95730889864883E-11,227.875000000106));
#1313=CARTESIAN_POINT('',(-15.5,-1.97876907908341E-11,232.124999999879));
#1314=CARTESIAN_POINT('Ctrl Pts',(-15.5,-3.95746105453135E-11,232.124999999879));
#1315=CARTESIAN_POINT('Ctrl Pts',(-15.5,7.31845533323201E-6,232.124999999954));
#1316=CARTESIAN_POINT('Ctrl Pts',(-15.4999999999948,1.46369370512649E-5,
232.124999999992));
#1317=CARTESIAN_POINT('Ctrl Pts',(-15.4999996215302,0.267201750225877,232.124999999992));
#1318=CARTESIAN_POINT('Ctrl Pts',(-15.4923861736774,0.55196197883793,232.071535230596));
#1319=CARTESIAN_POINT('Ctrl Pts',(-15.4648686763864,1.07542001326004,231.854565986779));
#1320=CARTESIAN_POINT('Ctrl Pts',(-15.4453514677452,1.31414575656812,231.691080026085));
#1321=CARTESIAN_POINT('Ctrl Pts',(-15.4086348560955,1.69110430428414,231.314121463944));
#1322=CARTESIAN_POINT('Ctrl Pts',(-15.3890370787923,1.85458846065268,231.075396716226));
#1323=CARTESIAN_POINT('Ctrl Pts',(-15.3613350605913,2.07155637740715,230.551942065039));
#1324=CARTESIAN_POINT('Ctrl Pts',(-15.3536406656221,2.12502195540559,230.267183016226));
#1325=CARTESIAN_POINT('Ctrl Pts',(-15.3536406656221,2.12502195540559,229.999999999992));
#1326=CARTESIAN_POINT('Ctrl Pts',(-15.3536467430377,-2.12497804459442,229.999999999992));
#1327=CARTESIAN_POINT('Ctrl Pts',(-15.3536467430377,-2.12497804459442,230.267183011852));
#1328=CARTESIAN_POINT('Ctrl Pts',(-15.361340981633,-2.07151246852637,230.551942064634));
#1329=CARTESIAN_POINT('Ctrl Pts',(-15.3890423717027,-1.85454453855994,231.075396739191));
#1330=CARTESIAN_POINT('Ctrl Pts',(-15.4086396779681,-1.6910603663521,231.31412150549));
#1331=CARTESIAN_POINT('Ctrl Pts',(-15.4453552084926,-1.31410178339313,231.691080074024));
#1332=CARTESIAN_POINT('Ctrl Pts',(-15.4648717339437,-1.07537603296121,231.85456602564));
#1333=CARTESIAN_POINT('Ctrl Pts',(-15.4923873625773,-0.551925177913669,
232.071532273545));
#1334=CARTESIAN_POINT('Ctrl Pts',(-15.4999999999993,-0.267173398910895,
232.12499723945));
#1335=CARTESIAN_POINT('Ctrl Pts',(-15.5,-3.95739691017027E-11,232.124999999879));
#1336=CARTESIAN_POINT('Ctrl Pts',(-17.5,-3.96943589109355E-11,232.124999999879));
#1337=CARTESIAN_POINT('Ctrl Pts',(-17.4999999999994,-0.267095534530336,
232.124997240255));
#1338=CARTESIAN_POINT('Ctrl Pts',(-17.4932602439853,-0.551813591334314,
232.071562733728));
#1339=CARTESIAN_POINT('Ctrl Pts',(-17.4688985639649,-1.07528551066434,231.854619332325));
#1340=CARTESIAN_POINT('Ctrl Pts',(-17.4516202624715,-1.31406008279712,231.691121776178));
#1341=CARTESIAN_POINT('Ctrl Pts',(-17.4191268718841,-1.69110119271504,231.314080677569));
#1342=CARTESIAN_POINT('Ctrl Pts',(-17.4017925447404,-1.85459766114171,231.075306710847));
#1343=CARTESIAN_POINT('Ctrl Pts',(-17.377302003581,-2.07154324296782,230.551829669127));
#1344=CARTESIAN_POINT('Ctrl Pts',(-17.3705057010437,-2.12497804459443,230.26710388685));
#1345=CARTESIAN_POINT('Ctrl Pts',(-17.3705057010437,-2.12497804459443,229.999999999992));
#1346=CARTESIAN_POINT('Origin',(0.,2.19554055790486E-5,229.999999999992));
#1347=CARTESIAN_POINT('',(15.3536406656221,2.12502195540559,229.999999999992));
#1348=CARTESIAN_POINT('',(15.3536467430377,-2.12497804459443,229.999999999992));
#1349=CARTESIAN_POINT('Ctrl Pts',(15.3536406656221,2.12502195540559,229.999999999992));
#1350=CARTESIAN_POINT('Ctrl Pts',(15.3536406656221,2.12502195540559,230.267183016226));
#1351=CARTESIAN_POINT('Ctrl Pts',(15.3613350605913,2.07155637740715,230.551942065039));
#1352=CARTESIAN_POINT('Ctrl Pts',(15.3890370787923,1.85458846065268,231.075396716226));
#1353=CARTESIAN_POINT('Ctrl Pts',(15.4086348560955,1.69110430428414,231.314121463944));
#1354=CARTESIAN_POINT('Ctrl Pts',(15.4453514677452,1.31414575656812,231.691080026085));
#1355=CARTESIAN_POINT('Ctrl Pts',(15.4648686763864,1.07542001326004,231.854565986779));
#1356=CARTESIAN_POINT('Ctrl Pts',(15.4923861736774,0.55196197883793,232.071535230596));
#1357=CARTESIAN_POINT('Ctrl Pts',(15.4999996215302,0.267201750225877,232.124999999992));
#1358=CARTESIAN_POINT('Ctrl Pts',(15.5000003784386,-0.267157798877346,232.124999999992));
#1359=CARTESIAN_POINT('Ctrl Pts',(15.4923877394304,-0.551918008749426,232.071535245107));
#1360=CARTESIAN_POINT('Ctrl Pts',(15.4648717339437,-1.0753760329612,231.85456602564));
#1361=CARTESIAN_POINT('Ctrl Pts',(15.4453552084926,-1.31410178339313,231.691080074024));
#1362=CARTESIAN_POINT('Ctrl Pts',(15.4086396779681,-1.6910603663521,231.31412150549));
#1363=CARTESIAN_POINT('Ctrl Pts',(15.3890423717027,-1.8545445385599,231.075396739191));
#1364=CARTESIAN_POINT('Ctrl Pts',(15.361340981633,-2.07151246852635,230.551942064634));
#1365=CARTESIAN_POINT('Ctrl Pts',(15.3536467430377,-2.12497804459442,230.267183011852));
#1366=CARTESIAN_POINT('Ctrl Pts',(15.3536467430377,-2.12497804459442,229.999999999992));
#1367=CARTESIAN_POINT('Ctrl Pts',(15.3536467430377,-2.12497804459443,229.999999999992));
#1368=CARTESIAN_POINT('Ctrl Pts',(15.3536467430377,-2.12497804459443,229.732816988133));
#1369=CARTESIAN_POINT('Ctrl Pts',(15.361340981633,-2.07151246852637,229.44805793535));
#1370=CARTESIAN_POINT('Ctrl Pts',(15.3890423717027,-1.85454453855994,228.924603260794));
#1371=CARTESIAN_POINT('Ctrl Pts',(15.4086396779681,-1.6910603663521,228.685878494495));
#1372=CARTESIAN_POINT('Ctrl Pts',(15.4453552084926,-1.31410178339313,228.30891992596));
#1373=CARTESIAN_POINT('Ctrl Pts',(15.4648717339437,-1.07537603296121,228.145433974345));
#1374=CARTESIAN_POINT('Ctrl Pts',(15.4923877394304,-0.551918008749437,227.928464754877));
#1375=CARTESIAN_POINT('Ctrl Pts',(15.5000003784386,-0.267157798877346,227.874999999992));
#1376=CARTESIAN_POINT('Ctrl Pts',(15.4999996215302,0.267201750225877,227.874999999992));
#1377=CARTESIAN_POINT('Ctrl Pts',(15.4923861736774,0.55196197883793,227.928464769388));
#1378=CARTESIAN_POINT('Ctrl Pts',(15.4648686763864,1.07542001326004,228.145434013206));
#1379=CARTESIAN_POINT('Ctrl Pts',(15.4453514677452,1.31414575656812,228.3089199739));
#1380=CARTESIAN_POINT('Ctrl Pts',(15.4086348560955,1.69110430428414,228.68587853604));
#1381=CARTESIAN_POINT('Ctrl Pts',(15.3890370787923,1.85458846065268,228.924603283759));
#1382=CARTESIAN_POINT('Ctrl Pts',(15.3613350605913,2.07155637740715,229.448057934946));
#1383=CARTESIAN_POINT('Ctrl Pts',(15.3536406656221,2.12502195540558,229.732816983758));
#1384=CARTESIAN_POINT('Ctrl Pts',(15.3536406656221,2.12502195540559,229.999999999992));
#1385=CARTESIAN_POINT('',(17.3705057010437,-2.12497804459443,229.999999999992));
#1386=CARTESIAN_POINT('',(0.,-2.12497804459443,229.999999999992));
#1387=CARTESIAN_POINT('',(17.3705003292664,2.12502195540559,229.999999999992));
#1388=CARTESIAN_POINT('Ctrl Pts',(17.3705003292664,2.12502195540559,229.999999999992));
#1389=CARTESIAN_POINT('Ctrl Pts',(17.3705003292664,2.12502195540559,229.732896109768));
#1390=CARTESIAN_POINT('Ctrl Pts',(17.3772967692702,2.07158715228502,229.448170330604));
#1391=CARTESIAN_POINT('Ctrl Pts',(17.4017878641037,1.85464158081366,228.924693307166));
#1392=CARTESIAN_POINT('Ctrl Pts',(17.4191226069577,1.69114512478448,228.685919354983));
#1393=CARTESIAN_POINT('Ctrl Pts',(17.4516169527759,1.31410404246118,228.30887826135));
#1394=CARTESIAN_POINT('Ctrl Pts',(17.4688958581812,1.07532947589467,228.145380698089));
#1395=CARTESIAN_POINT('Ctrl Pts',(17.4932591916189,0.551850377023156,227.928434305502));
#1396=CARTESIAN_POINT('Ctrl Pts',(17.4999996648816,0.267123874357018,227.874999999992));
#1397=CARTESIAN_POINT('Ctrl Pts',(17.5000003350908,-0.267079931796877,227.874999999992));
#1398=CARTESIAN_POINT('Ctrl Pts',(17.4932605777393,-0.5518064197915,227.928434294141));
#1399=CARTESIAN_POINT('Ctrl Pts',(17.4688985639649,-1.07528551066436,228.145380667659));
#1400=CARTESIAN_POINT('Ctrl Pts',(17.4516202624715,-1.31406008279712,228.308878223807));
#1401=CARTESIAN_POINT('Ctrl Pts',(17.4191268718841,-1.69110119271504,228.685919322415));
#1402=CARTESIAN_POINT('Ctrl Pts',(17.4017925447404,-1.85459766114171,228.924693289137));
#1403=CARTESIAN_POINT('Ctrl Pts',(17.377302003581,-2.07154324296782,229.448170330858));
#1404=CARTESIAN_POINT('Ctrl Pts',(17.3705057010437,-2.12497804459443,229.732896113134));
#1405=CARTESIAN_POINT('Ctrl Pts',(17.3705057010437,-2.12497804459443,229.999999999992));
#1406=CARTESIAN_POINT('Ctrl Pts',(17.3705057010437,-2.12497804459443,229.999999999992));
#1407=CARTESIAN_POINT('Ctrl Pts',(17.3705057010437,-2.12497804459443,230.26710388685));
#1408=CARTESIAN_POINT('Ctrl Pts',(17.377302003581,-2.07154324296782,230.551829669127));
#1409=CARTESIAN_POINT('Ctrl Pts',(17.4017925447404,-1.85459766114171,231.075306710847));
#1410=CARTESIAN_POINT('Ctrl Pts',(17.4191268718841,-1.69110119271504,231.314080677569));
#1411=CARTESIAN_POINT('Ctrl Pts',(17.4516202624715,-1.31406008279712,231.691121776178));
#1412=CARTESIAN_POINT('Ctrl Pts',(17.4688985639649,-1.07528551066436,231.854619332325));
#1413=CARTESIAN_POINT('Ctrl Pts',(17.4932605777393,-0.551806419791499,232.071565705844));
#1414=CARTESIAN_POINT('Ctrl Pts',(17.5000003350908,-0.267079931796877,232.124999999992));
#1415=CARTESIAN_POINT('Ctrl Pts',(17.4999996648816,0.267123874357018,232.124999999992));
#1416=CARTESIAN_POINT('Ctrl Pts',(17.4932591916189,0.551850377023156,232.071565694483));
#1417=CARTESIAN_POINT('Ctrl Pts',(17.4688958581812,1.07532947589467,231.854619301895));
#1418=CARTESIAN_POINT('Ctrl Pts',(17.4516169527759,1.31410404246118,231.691121738634));
#1419=CARTESIAN_POINT('Ctrl Pts',(17.4191226069577,1.69114512478448,231.314080645001));
#1420=CARTESIAN_POINT('Ctrl Pts',(17.4017878641037,1.85464158081366,231.075306692818));
#1421=CARTESIAN_POINT('Ctrl Pts',(17.3772967692702,2.07158715228502,230.551829669381));
#1422=CARTESIAN_POINT('Ctrl Pts',(17.3705003292664,2.12502195540559,230.267103890217));
#1423=CARTESIAN_POINT('Ctrl Pts',(17.3705003292664,2.12502195540559,229.999999999992));
#1424=CARTESIAN_POINT('Origin',(0.,8.39107860905813E-5,190.000000000004));
#1425=CARTESIAN_POINT('',(-17.3704927498364,2.12508391078609,190.000000000004));
#1426=CARTESIAN_POINT('',(-17.5,-2.8988228088034E-10,192.124999998347));
#1427=CARTESIAN_POINT('Ctrl Pts',(-17.3704927498364,2.12508391078609,190.000000000004));
#1428=CARTESIAN_POINT('Ctrl Pts',(-17.3704927498364,2.12508391078609,190.267103894979));
#1429=CARTESIAN_POINT('Ctrl Pts',(-17.3772893837971,2.07164910555771,190.55182966975));
#1430=CARTESIAN_POINT('Ctrl Pts',(-17.4017812598303,1.85470354869705,191.07530666739));
#1431=CARTESIAN_POINT('Ctrl Pts',(-17.4191165892258,1.69120711016073,191.314080599059));
#1432=CARTESIAN_POINT('Ctrl Pts',(-17.4516122828149,1.31416606677255,191.691121685673));
#1433=CARTESIAN_POINT('Ctrl Pts',(-17.4688920403024,1.07539150805889,191.854619258971));
#1434=CARTESIAN_POINT('Ctrl Pts',(-17.4932572357025,0.551912397900604,192.071565678465));
#1435=CARTESIAN_POINT('Ctrl Pts',(-17.4999987190711,0.267185874533525,192.125000000004));
#1436=CARTESIAN_POINT('Ctrl Pts',(-17.4999999999329,5.59405240595397E-5,
192.125000000004));
#1437=CARTESIAN_POINT('Ctrl Pts',(-17.5,2.79700687592054E-5,192.124999999452));
#1438=CARTESIAN_POINT('Ctrl Pts',(-17.5,-5.79763397627397E-10,192.124999998347));
#1439=CARTESIAN_POINT('',(-17.5,-2.89882593130566E-10,187.875000001661));
#1440=CARTESIAN_POINT('Ctrl Pts',(-17.5,-5.79763426531295E-10,187.875000001661));
#1441=CARTESIAN_POINT('Ctrl Pts',(-17.5,2.79700687589879E-5,187.875000000556));
#1442=CARTESIAN_POINT('Ctrl Pts',(-17.4999999999329,5.59405240591233E-5,
187.875000000004));
#1443=CARTESIAN_POINT('Ctrl Pts',(-17.4999987190711,0.267185874533525,187.875000000004));
#1444=CARTESIAN_POINT('Ctrl Pts',(-17.4932572357025,0.551912397900604,187.928434321543));
#1445=CARTESIAN_POINT('Ctrl Pts',(-17.4688920403024,1.07539150805889,188.145380741037));
#1446=CARTESIAN_POINT('Ctrl Pts',(-17.4516122828149,1.31416606677255,188.308878314335));
#1447=CARTESIAN_POINT('Ctrl Pts',(-17.4191165892258,1.69120711016073,188.685919400949));
#1448=CARTESIAN_POINT('Ctrl Pts',(-17.4017812598303,1.85470354869705,188.924693332619));
#1449=CARTESIAN_POINT('Ctrl Pts',(-17.3772893837971,2.07164910555771,189.448170330258));
#1450=CARTESIAN_POINT('Ctrl Pts',(-17.3704927498364,2.12508391078609,189.73289610503));
#1451=CARTESIAN_POINT('Ctrl Pts',(-17.3704927498364,2.12508391078609,190.000000000004));
#1452=CARTESIAN_POINT('',(-17.3705132800905,-2.12491608921391,190.000000000004));
#1453=CARTESIAN_POINT('Ctrl Pts',(-17.3705132800905,-2.12491608921391,190.000000000004));
#1454=CARTESIAN_POINT('Ctrl Pts',(-17.3705132800905,-2.12491608921391,189.732896117896));
#1455=CARTESIAN_POINT('Ctrl Pts',(-17.3773093886713,-2.0714812896952,189.448170331228));
#1456=CARTESIAN_POINT('Ctrl Pts',(-17.4017991486323,-1.85453569326002,188.924693263712));
#1457=CARTESIAN_POINT('Ctrl Pts',(-17.4191328892353,-1.69103920734211,188.685919276478));
#1458=CARTESIAN_POINT('Ctrl Pts',(-17.4516249320533,-1.31399805849073,188.308878170849));
#1459=CARTESIAN_POINT('Ctrl Pts',(-17.4689023814658,-1.07522347850358,188.145380624737));
#1460=CARTESIAN_POINT('Ctrl Pts',(-17.4932612578113,-0.551771807649813,
187.928445637173));
#1461=CARTESIAN_POINT('Ctrl Pts',(-17.4999999999912,-0.267077563135548,
187.87501054794));
#1462=CARTESIAN_POINT('Ctrl Pts',(-17.5,-5.79762765573477E-10,187.875000001661));
#1463=CARTESIAN_POINT('',(-15.3536553176695,-2.12491608921391,190.000000000004));
#1464=CARTESIAN_POINT('',(0.,-2.12491608921391,190.000000000004));
#1465=CARTESIAN_POINT('',(-15.5,-2.88987665602508E-10,187.875000001661));
#1466=CARTESIAN_POINT('Ctrl Pts',(-15.5,-5.77973585170533E-10,187.875000001661));
#1467=CARTESIAN_POINT('Ctrl Pts',(-15.49999999999,-0.267155407498822,187.875010551014));
#1468=CARTESIAN_POINT('Ctrl Pts',(-15.4923885082216,-0.551883369378091,
187.92847609135));
#1469=CARTESIAN_POINT('Ctrl Pts',(-15.4648760477502,-1.07531397954023,188.145433919528));
#1470=CARTESIAN_POINT('Ctrl Pts',(-15.4453604862362,-1.31403974002438,188.308919858335));
#1471=CARTESIAN_POINT('Ctrl Pts',(-15.4086464811098,-1.69099837270787,188.685878435892));
#1472=CARTESIAN_POINT('Ctrl Pts',(-15.3890498394485,-1.8544825672629,188.924603228405));
#1473=CARTESIAN_POINT('Ctrl Pts',(-15.3613493356315,-2.07145051586953,189.448057935934));
#1474=CARTESIAN_POINT('Ctrl Pts',(-15.3536553176695,-2.12491608921391,189.732816994317));
#1475=CARTESIAN_POINT('Ctrl Pts',(-15.3536553176695,-2.12491608921391,190.000000000004));
#1476=CARTESIAN_POINT('',(-15.3536320905549,2.12508391078609,190.000000000004));
#1477=CARTESIAN_POINT('Ctrl Pts',(-15.3536320905549,2.12508391078609,190.000000000004));
#1478=CARTESIAN_POINT('Ctrl Pts',(-15.3536320905549,2.1250839107861,189.732816977598));
#1479=CARTESIAN_POINT('Ctrl Pts',(-15.361326706158,2.07161833006405,189.448057934388));
#1480=CARTESIAN_POINT('Ctrl Pts',(-15.3890296106136,1.85465043195188,188.924603316175));
#1481=CARTESIAN_POINT('Ctrl Pts',(-15.4086280525221,1.69116629793262,188.685878594674));
#1482=CARTESIAN_POINT('Ctrl Pts',(-15.4453461895723,1.31420779994325,188.308920041553));
#1483=CARTESIAN_POINT('Ctrl Pts',(-15.4648643621522,1.07548206668548,188.145434068049));
#1484=CARTESIAN_POINT('Ctrl Pts',(-15.4923839642863,0.55202401785576,187.928464789875));
#1485=CARTESIAN_POINT('Ctrl Pts',(-15.4999985533683,0.267263762802308,187.875000000004));
#1486=CARTESIAN_POINT('Ctrl Pts',(-15.4999999999243,5.59405240597999E-5,
187.875000000004));
#1487=CARTESIAN_POINT('Ctrl Pts',(-15.5,2.79700693560863E-5,187.875000000556));
#1488=CARTESIAN_POINT('Ctrl Pts',(-15.5,-5.77973585170533E-10,187.875000001661));
#1489=CARTESIAN_POINT('',(-15.5,-2.88989296242575E-10,192.124999998347));
#1490=CARTESIAN_POINT('Ctrl Pts',(-15.5,-5.77975315588767E-10,192.124999998347));
#1491=CARTESIAN_POINT('Ctrl Pts',(-15.5,2.79700693547404E-5,192.124999999452));
#1492=CARTESIAN_POINT('Ctrl Pts',(-15.4999999999243,5.59405240588631E-5,
192.125000000004));
#1493=CARTESIAN_POINT('Ctrl Pts',(-15.4999985533683,0.267263762802307,192.125000000004));
#1494=CARTESIAN_POINT('Ctrl Pts',(-15.4923839642863,0.552024017855759,192.071535210134));
#1495=CARTESIAN_POINT('Ctrl Pts',(-15.4648643621522,1.07548206668548,191.854565931959));
#1496=CARTESIAN_POINT('Ctrl Pts',(-15.4453461895723,1.31420779994325,191.691079958455));
#1497=CARTESIAN_POINT('Ctrl Pts',(-15.4086280525221,1.69116629793262,191.314121405335));
#1498=CARTESIAN_POINT('Ctrl Pts',(-15.3890296106136,1.85465043195188,191.075396683833));
#1499=CARTESIAN_POINT('Ctrl Pts',(-15.361326706158,2.07161833006405,190.551942065621));
#1500=CARTESIAN_POINT('Ctrl Pts',(-15.3536320905549,2.12508391078609,190.267183022411));
#1501=CARTESIAN_POINT('Ctrl Pts',(-15.3536320905549,2.12508391078609,190.000000000004));
#1502=CARTESIAN_POINT('Ctrl Pts',(-15.3536553176695,-2.12491608921391,190.000000000004));
#1503=CARTESIAN_POINT('Ctrl Pts',(-15.3536553176695,-2.12491608921391,190.267183005691));
#1504=CARTESIAN_POINT('Ctrl Pts',(-15.3613493356315,-2.07145051586953,190.551942064075));
#1505=CARTESIAN_POINT('Ctrl Pts',(-15.3890498394485,-1.8544825672629,191.075396771603));
#1506=CARTESIAN_POINT('Ctrl Pts',(-15.4086464811098,-1.69099837270787,191.314121564116));
#1507=CARTESIAN_POINT('Ctrl Pts',(-15.4453604862362,-1.31403974002438,191.691080141673));
#1508=CARTESIAN_POINT('Ctrl Pts',(-15.4648760477502,-1.07531397954023,191.854566080481));
#1509=CARTESIAN_POINT('Ctrl Pts',(-15.4923885082216,-0.551883369378092,
192.071523908658));
#1510=CARTESIAN_POINT('Ctrl Pts',(-15.49999999999,-0.267155407498824,192.124989448995));
#1511=CARTESIAN_POINT('Ctrl Pts',(-15.5,-5.77975792226404E-10,192.124999998347));
#1512=CARTESIAN_POINT('Ctrl Pts',(-17.5,-5.79764986019526E-10,192.124999998347));
#1513=CARTESIAN_POINT('Ctrl Pts',(-17.4999999999912,-0.26707756313555,192.124989452068));
#1514=CARTESIAN_POINT('Ctrl Pts',(-17.4932612578113,-0.551771807649813,
192.071554362835));
#1515=CARTESIAN_POINT('Ctrl Pts',(-17.4689023814658,-1.07522347850358,191.854619375272));
#1516=CARTESIAN_POINT('Ctrl Pts',(-17.4516249320533,-1.31399805849073,191.691121829159));
#1517=CARTESIAN_POINT('Ctrl Pts',(-17.4191328892353,-1.69103920734211,191.31408072353));
#1518=CARTESIAN_POINT('Ctrl Pts',(-17.4017991486323,-1.85453569326002,191.075306736296));
#1519=CARTESIAN_POINT('Ctrl Pts',(-17.3773093886713,-2.0714812896952,190.55182966878));
#1520=CARTESIAN_POINT('Ctrl Pts',(-17.3705132800905,-2.12491608921391,190.267103882112));
#1521=CARTESIAN_POINT('Ctrl Pts',(-17.3705132800905,-2.12491608921391,190.000000000004));
#1522=CARTESIAN_POINT('Origin',(0.,8.39107860905813E-5,190.000000000004));
#1523=CARTESIAN_POINT('',(15.3536320905549,2.1250839107861,190.000000000004));
#1524=CARTESIAN_POINT('',(15.3536553176695,-2.12491608921391,190.000000000004));
#1525=CARTESIAN_POINT('Ctrl Pts',(15.3536320905549,2.1250839107861,190.000000000004));
#1526=CARTESIAN_POINT('Ctrl Pts',(15.3536320905549,2.1250839107861,190.267183022411));
#1527=CARTESIAN_POINT('Ctrl Pts',(15.361326706158,2.07161833006405,190.551942065621));
#1528=CARTESIAN_POINT('Ctrl Pts',(15.3890296106136,1.85465043195188,191.075396683833));
#1529=CARTESIAN_POINT('Ctrl Pts',(15.4086280525221,1.69116629793262,191.314121405335));
#1530=CARTESIAN_POINT('Ctrl Pts',(15.4453461895723,1.31420779994325,191.691079958455));
#1531=CARTESIAN_POINT('Ctrl Pts',(15.4648643621522,1.07548206668548,191.854565931959));
#1532=CARTESIAN_POINT('Ctrl Pts',(15.4923839642863,0.552024017855759,192.071535210134));
#1533=CARTESIAN_POINT('Ctrl Pts',(15.4999985533683,0.267263762802307,192.125000000004));
#1534=CARTESIAN_POINT('Ctrl Pts',(15.5000014461766,-0.26709578630141,192.125000000004));
#1535=CARTESIAN_POINT('Ctrl Pts',(15.4923899483965,-0.551855969733103,192.071535265593));
#1536=CARTESIAN_POINT('Ctrl Pts',(15.4648760477502,-1.07531397954023,191.854566080481));
#1537=CARTESIAN_POINT('Ctrl Pts',(15.4453604862362,-1.31403974002438,191.691080141673));
#1538=CARTESIAN_POINT('Ctrl Pts',(15.4086464811098,-1.69099837270787,191.314121564116));
#1539=CARTESIAN_POINT('Ctrl Pts',(15.3890498394485,-1.8544825672629,191.075396771603));
#1540=CARTESIAN_POINT('Ctrl Pts',(15.3613493356315,-2.07145051586953,190.551942064075));
#1541=CARTESIAN_POINT('Ctrl Pts',(15.3536553176695,-2.12491608921391,190.267183005691));
#1542=CARTESIAN_POINT('Ctrl Pts',(15.3536553176695,-2.12491608921391,190.000000000004));
#1543=CARTESIAN_POINT('Ctrl Pts',(15.3536553176695,-2.12491608921391,190.000000000004));
#1544=CARTESIAN_POINT('Ctrl Pts',(15.3536553176695,-2.12491608921391,189.732816994317));
#1545=CARTESIAN_POINT('Ctrl Pts',(15.3613493356315,-2.07145051586953,189.448057935934));
#1546=CARTESIAN_POINT('Ctrl Pts',(15.3890498394485,-1.8544825672629,188.924603228405));
#1547=CARTESIAN_POINT('Ctrl Pts',(15.4086464811098,-1.69099837270787,188.685878435892));
#1548=CARTESIAN_POINT('Ctrl Pts',(15.4453604862362,-1.31403974002438,188.308919858335));
#1549=CARTESIAN_POINT('Ctrl Pts',(15.4648760477502,-1.07531397954023,188.145433919528));
#1550=CARTESIAN_POINT('Ctrl Pts',(15.4923899483965,-0.551855969733103,187.928464734415));
#1551=CARTESIAN_POINT('Ctrl Pts',(15.5000014461766,-0.26709578630141,187.875000000004));
#1552=CARTESIAN_POINT('Ctrl Pts',(15.4999985533683,0.267263762802308,187.875000000004));
#1553=CARTESIAN_POINT('Ctrl Pts',(15.4923839642863,0.552024017855759,187.928464789875));
#1554=CARTESIAN_POINT('Ctrl Pts',(15.4648643621522,1.07548206668548,188.145434068049));
#1555=CARTESIAN_POINT('Ctrl Pts',(15.4453461895723,1.31420779994325,188.308920041553));
#1556=CARTESIAN_POINT('Ctrl Pts',(15.4086280525221,1.69116629793262,188.685878594674));
#1557=CARTESIAN_POINT('Ctrl Pts',(15.3890296106136,1.85465043195188,188.924603316175));
#1558=CARTESIAN_POINT('Ctrl Pts',(15.361326706158,2.07161833006405,189.448057934388));
#1559=CARTESIAN_POINT('Ctrl Pts',(15.3536320905549,2.12508391078609,189.732816977598));
#1560=CARTESIAN_POINT('Ctrl Pts',(15.3536320905549,2.12508391078609,190.000000000004));
#1561=CARTESIAN_POINT('',(17.3705132800905,-2.12491608921391,190.000000000004));
#1562=CARTESIAN_POINT('',(0.,-2.12491608921391,190.000000000004));
#1563=CARTESIAN_POINT('',(17.3704927498364,2.1250839107861,190.000000000004));
#1564=CARTESIAN_POINT('Ctrl Pts',(17.3704927498364,2.1250839107861,190.000000000004));
#1565=CARTESIAN_POINT('Ctrl Pts',(17.3704927498364,2.12508391078609,189.73289610503));
#1566=CARTESIAN_POINT('Ctrl Pts',(17.3772893837971,2.07164910555771,189.448170330258));
#1567=CARTESIAN_POINT('Ctrl Pts',(17.4017812598303,1.85470354869705,188.924693332619));
#1568=CARTESIAN_POINT('Ctrl Pts',(17.4191165892258,1.69120711016073,188.685919400949));
#1569=CARTESIAN_POINT('Ctrl Pts',(17.4516122828149,1.31416606677255,188.308878314335));
#1570=CARTESIAN_POINT('Ctrl Pts',(17.4688920403024,1.07539150805889,188.145380741037));
#1571=CARTESIAN_POINT('Ctrl Pts',(17.4932572357025,0.551912397900604,187.928434321543));
#1572=CARTESIAN_POINT('Ctrl Pts',(17.4999987190711,0.267185874533525,187.875000000004));
#1573=CARTESIAN_POINT('Ctrl Pts',(17.500001280526,-0.267017931620738,187.875000000004));
#1574=CARTESIAN_POINT('Ctrl Pts',(17.4932625332795,-0.551744398915205,187.928434278123));
#1575=CARTESIAN_POINT('Ctrl Pts',(17.4689023814658,-1.07522347850358,188.145380624737));
#1576=CARTESIAN_POINT('Ctrl Pts',(17.4516249320533,-1.31399805849073,188.308878170849));
#1577=CARTESIAN_POINT('Ctrl Pts',(17.4191328892353,-1.69103920734211,188.685919276478));
#1578=CARTESIAN_POINT('Ctrl Pts',(17.4017991486323,-1.85453569326002,188.924693263712));
#1579=CARTESIAN_POINT('Ctrl Pts',(17.3773093886713,-2.0714812896952,189.448170331228));
#1580=CARTESIAN_POINT('Ctrl Pts',(17.3705132800905,-2.12491608921391,189.732896117896));
#1581=CARTESIAN_POINT('Ctrl Pts',(17.3705132800905,-2.12491608921391,190.000000000004));
#1582=CARTESIAN_POINT('Ctrl Pts',(17.3705132800905,-2.12491608921391,190.000000000004));
#1583=CARTESIAN_POINT('Ctrl Pts',(17.3705132800905,-2.12491608921391,190.267103882112));
#1584=CARTESIAN_POINT('Ctrl Pts',(17.3773093886713,-2.0714812896952,190.55182966878));
#1585=CARTESIAN_POINT('Ctrl Pts',(17.4017991486323,-1.85453569326002,191.075306736296));
#1586=CARTESIAN_POINT('Ctrl Pts',(17.4191328892353,-1.69103920734211,191.31408072353));
#1587=CARTESIAN_POINT('Ctrl Pts',(17.4516249320533,-1.31399805849073,191.691121829159));
#1588=CARTESIAN_POINT('Ctrl Pts',(17.4689023814658,-1.07522347850358,191.854619375272));
#1589=CARTESIAN_POINT('Ctrl Pts',(17.4932625332795,-0.551744398915204,192.071565721885));
#1590=CARTESIAN_POINT('Ctrl Pts',(17.500001280526,-0.267017931620737,192.125000000004));
#1591=CARTESIAN_POINT('Ctrl Pts',(17.4999987190711,0.267185874533526,192.125000000004));
#1592=CARTESIAN_POINT('Ctrl Pts',(17.4932572357025,0.551912397900605,192.071565678465));
#1593=CARTESIAN_POINT('Ctrl Pts',(17.4688920403024,1.07539150805889,191.854619258971));
#1594=CARTESIAN_POINT('Ctrl Pts',(17.4516122828149,1.31416606677255,191.691121685673));
#1595=CARTESIAN_POINT('Ctrl Pts',(17.4191165892258,1.69120711016073,191.314080599059));
#1596=CARTESIAN_POINT('Ctrl Pts',(17.4017812598303,1.85470354869705,191.07530666739));
#1597=CARTESIAN_POINT('Ctrl Pts',(17.3772893837971,2.07164910555771,190.55182966975));
#1598=CARTESIAN_POINT('Ctrl Pts',(17.3704927498364,2.1250839107861,190.267103894979));
#1599=CARTESIAN_POINT('Ctrl Pts',(17.3704927498364,2.1250839107861,190.000000000004));
#1600=CARTESIAN_POINT('Origin',(0.,1.67821644413877E-5,269.999999999994));
#1601=CARTESIAN_POINT('',(-17.3705009621346,2.12501678216444,269.999999999994));
#1602=CARTESIAN_POINT('',(-17.5,-1.15981143364884E-11,272.124999999928));
#1603=CARTESIAN_POINT('Ctrl Pts',(-17.3705009621346,2.12501678216444,269.999999999994));
#1604=CARTESIAN_POINT('Ctrl Pts',(-17.3705009621346,2.12501678216444,270.267103889822));
#1605=CARTESIAN_POINT('Ctrl Pts',(-17.3772973859432,2.07158197921988,270.551829669352));
#1606=CARTESIAN_POINT('Ctrl Pts',(-17.4017884155469,1.85463640652855,271.075306694944));
#1607=CARTESIAN_POINT('Ctrl Pts',(-17.4191231094251,1.69113994903879,271.31408064884));
#1608=CARTESIAN_POINT('Ctrl Pts',(-17.4516173427051,1.31409886346448,271.691121743059));
#1609=CARTESIAN_POINT('Ctrl Pts',(-17.468896176962,1.07532429624223,271.854619305482));
#1610=CARTESIAN_POINT('Ctrl Pts',(-17.4932593549269,0.551845198313087,272.071565695823));
#1611=CARTESIAN_POINT('Ctrl Pts',(-17.4999997438463,0.267118697375447,272.124999999994));
#1612=CARTESIAN_POINT('Ctrl Pts',(-17.4999999999973,1.11881096269938E-5,
272.124999999994));
#1613=CARTESIAN_POINT('Ctrl Pts',(-17.5,5.5940470817276E-6,272.124999999972));
#1614=CARTESIAN_POINT('Ctrl Pts',(-17.5,-2.3193874147075E-11,272.124999999928));
#1615=CARTESIAN_POINT('',(-17.5,-1.15972122802809E-11,267.87500000006));
#1616=CARTESIAN_POINT('Ctrl Pts',(-17.5,-2.31921853749551E-11,267.87500000006));
#1617=CARTESIAN_POINT('Ctrl Pts',(-17.5,5.59404708267315E-6,267.875000000016));
#1618=CARTESIAN_POINT('Ctrl Pts',(-17.4999999999973,1.11881096272019E-5,
267.874999999994));
#1619=CARTESIAN_POINT('Ctrl Pts',(-17.4999997438463,0.267118697375447,267.874999999994));
#1620=CARTESIAN_POINT('Ctrl Pts',(-17.4932593549269,0.551845198313087,267.928434304165));
#1621=CARTESIAN_POINT('Ctrl Pts',(-17.468896176962,1.07532429624223,268.145380694506));
#1622=CARTESIAN_POINT('Ctrl Pts',(-17.4516173427051,1.31409886346448,268.308878256929));
#1623=CARTESIAN_POINT('Ctrl Pts',(-17.4191231094251,1.69113994903879,268.685919351148));
#1624=CARTESIAN_POINT('Ctrl Pts',(-17.4017884155469,1.85463640652855,268.924693305044));
#1625=CARTESIAN_POINT('Ctrl Pts',(-17.3772973859432,2.07158197921988,269.448170330636));
#1626=CARTESIAN_POINT('Ctrl Pts',(-17.3705009621346,2.12501678216444,269.732896110166));
#1627=CARTESIAN_POINT('Ctrl Pts',(-17.3705009621346,2.12501678216444,269.999999999994));
#1628=CARTESIAN_POINT('',(-17.3705050681872,-2.12498321783555,269.999999999994));
#1629=CARTESIAN_POINT('Ctrl Pts',(-17.3705050681872,-2.12498321783555,269.999999999994));
#1630=CARTESIAN_POINT('Ctrl Pts',(-17.3705050681872,-2.12498321783555,269.732896112739));
#1631=CARTESIAN_POINT('Ctrl Pts',(-17.3773013869197,-2.07154841603293,269.448170330829));
#1632=CARTESIAN_POINT('Ctrl Pts',(-17.4017919933089,-1.85460283542669,268.924693291263));
#1633=CARTESIAN_POINT('Ctrl Pts',(-17.4191263694284,-1.69110636846061,268.685919326254));
#1634=CARTESIAN_POINT('Ctrl Pts',(-17.4516198725539,-1.31406526179365,268.308878228232));
#1635=CARTESIAN_POINT('Ctrl Pts',(-17.4688982451956,-1.07529069031671,268.145380671246));
#1636=CARTESIAN_POINT('Ctrl Pts',(-17.4932601593279,-0.551817080249981,
267.928436567292));
#1637=CARTESIAN_POINT('Ctrl Pts',(-17.4999999999996,-0.267097035121435,
267.875002109459));
#1638=CARTESIAN_POINT('Ctrl Pts',(-17.5,-2.31924895954805E-11,267.87500000006));
#1639=CARTESIAN_POINT('',(-15.353646027049,-2.12498321783555,269.999999999994));
#1640=CARTESIAN_POINT('',(0.,-2.12498321783555,269.999999999994));
#1641=CARTESIAN_POINT('',(-15.5,-1.15618749290387E-11,267.87500000006));
#1642=CARTESIAN_POINT('Ctrl Pts',(-15.5,-2.31198393763066E-11,267.87500000006));
#1643=CARTESIAN_POINT('Ctrl Pts',(-15.4999999999996,-0.267174901173517,
267.875002110074));
#1644=CARTESIAN_POINT('Ctrl Pts',(-15.4923872669127,-0.551928668904415,
267.928467027976));
#1645=CARTESIAN_POINT('Ctrl Pts',(-15.4648713737319,-1.07538121438882,268.145433978925));
#1646=CARTESIAN_POINT('Ctrl Pts',(-15.4453547677925,-1.3141069639814,268.30891993161));
#1647=CARTESIAN_POINT('Ctrl Pts',(-15.408639109898,-1.69106554278834,268.685878499391));
#1648=CARTESIAN_POINT('Ctrl Pts',(-15.3890417481385,-1.85454971313014,268.924603263501));
#1649=CARTESIAN_POINT('Ctrl Pts',(-15.3613402840671,-2.07151764154007,269.448057935304));
#1650=CARTESIAN_POINT('Ctrl Pts',(-15.353646027049,-2.12498321783555,269.732816987619));
#1651=CARTESIAN_POINT('Ctrl Pts',(-15.353646027049,-2.12498321783555,269.999999999994));
#1652=CARTESIAN_POINT('',(-15.3536413816241,2.12501678216443,269.999999999994));
#1653=CARTESIAN_POINT('Ctrl Pts',(-15.3536413816241,2.12501678216443,269.999999999994));
#1654=CARTESIAN_POINT('Ctrl Pts',(-15.3536413816241,2.12501678216444,269.732816984275));
#1655=CARTESIAN_POINT('Ctrl Pts',(-15.3613357581705,2.07155120439342,269.448057934995));
#1656=CARTESIAN_POINT('Ctrl Pts',(-15.3890377023698,1.85458328608238,268.924603281055));
#1657=CARTESIAN_POINT('Ctrl Pts',(-15.4086354241789,1.69109912784776,268.685878531147));
#1658=CARTESIAN_POINT('Ctrl Pts',(-15.4453519084585,1.31414057597964,268.308919968253));
#1659=CARTESIAN_POINT('Ctrl Pts',(-15.4648690366113,1.07541483183231,268.145434008629));
#1660=CARTESIAN_POINT('Ctrl Pts',(-15.4923863581491,0.551956798613147,267.92846476768));
#1661=CARTESIAN_POINT('Ctrl Pts',(-15.4999997107099,0.267196572208917,267.874999999994));
#1662=CARTESIAN_POINT('Ctrl Pts',(-15.499999999997,1.11881096277223E-5,
267.874999999994));
#1663=CARTESIAN_POINT('Ctrl Pts',(-15.5,5.59404710705494E-6,267.875000000016));
#1664=CARTESIAN_POINT('Ctrl Pts',(-15.5,-2.31200907692563E-11,267.87500000006));
#1665=CARTESIAN_POINT('',(-15.5,-1.15622218737339E-11,272.124999999928));
#1666=CARTESIAN_POINT('Ctrl Pts',(-15.5,-2.3120697622657E-11,272.124999999928));
#1667=CARTESIAN_POINT('Ctrl Pts',(-15.5,5.59404710645313E-6,272.124999999972));
#1668=CARTESIAN_POINT('Ctrl Pts',(-15.499999999997,1.11881096271152E-5,
272.124999999994));
#1669=CARTESIAN_POINT('Ctrl Pts',(-15.4999997107099,0.26719657220892,272.124999999994));
#1670=CARTESIAN_POINT('Ctrl Pts',(-15.4923863581491,0.551956798613136,272.071535232307));
#1671=CARTESIAN_POINT('Ctrl Pts',(-15.4648690366113,1.0754148318323,271.854565991359));
#1672=CARTESIAN_POINT('Ctrl Pts',(-15.4453519084585,1.31414057597964,271.691080031734));
#1673=CARTESIAN_POINT('Ctrl Pts',(-15.4086354241789,1.69109912784775,271.314121468841));
#1674=CARTESIAN_POINT('Ctrl Pts',(-15.3890377023698,1.85458328608238,271.075396718933));
#1675=CARTESIAN_POINT('Ctrl Pts',(-15.3613357581705,2.07155120439341,270.551942064993));
#1676=CARTESIAN_POINT('Ctrl Pts',(-15.3536413816241,2.12501678216443,270.267183015713));
#1677=CARTESIAN_POINT('Ctrl Pts',(-15.3536413816241,2.12501678216443,269.999999999994));
#1678=CARTESIAN_POINT('Ctrl Pts',(-15.353646027049,-2.12498321783555,269.999999999994));
#1679=CARTESIAN_POINT('Ctrl Pts',(-15.353646027049,-2.12498321783555,270.267183012369));
#1680=CARTESIAN_POINT('Ctrl Pts',(-15.3613402840671,-2.07151764154007,270.551942064683));
#1681=CARTESIAN_POINT('Ctrl Pts',(-15.3890417481385,-1.85454971313014,271.075396736487));
#1682=CARTESIAN_POINT('Ctrl Pts',(-15.408639109898,-1.69106554278834,271.314121500597));
#1683=CARTESIAN_POINT('Ctrl Pts',(-15.4453547677925,-1.3141069639814,271.691080068378));
#1684=CARTESIAN_POINT('Ctrl Pts',(-15.4648713737319,-1.07538121438881,271.854566021063));
#1685=CARTESIAN_POINT('Ctrl Pts',(-15.4923872669128,-0.551928668904402,
272.071532972012));
#1686=CARTESIAN_POINT('Ctrl Pts',(-15.4999999999996,-0.26717490117352,272.124997889914));
#1687=CARTESIAN_POINT('Ctrl Pts',(-15.5,-2.31209495993312E-11,272.124999999928));
#1688=CARTESIAN_POINT('Ctrl Pts',(-17.5,-2.31947794304688E-11,272.124999999928));
#1689=CARTESIAN_POINT('Ctrl Pts',(-17.4999999999996,-0.267097035121437,
272.124997890529));
#1690=CARTESIAN_POINT('Ctrl Pts',(-17.4932601593279,-0.551817080249981,
272.071563432696));
#1691=CARTESIAN_POINT('Ctrl Pts',(-17.4688982451956,-1.07529069031671,271.854619328742));
#1692=CARTESIAN_POINT('Ctrl Pts',(-17.4516198725539,-1.31406526179365,271.691121771756));
#1693=CARTESIAN_POINT('Ctrl Pts',(-17.4191263694284,-1.69110636846061,271.314080673734));
#1694=CARTESIAN_POINT('Ctrl Pts',(-17.4017919933089,-1.85460283542669,271.075306708725));
#1695=CARTESIAN_POINT('Ctrl Pts',(-17.3773013869197,-2.07154841603293,270.551829669159));
#1696=CARTESIAN_POINT('Ctrl Pts',(-17.3705050681872,-2.12498321783555,270.267103887249));
#1697=CARTESIAN_POINT('Ctrl Pts',(-17.3705050681872,-2.12498321783555,269.999999999994));
#1698=CARTESIAN_POINT('Origin',(0.,1.67821644413877E-5,269.999999999994));
#1699=CARTESIAN_POINT('',(15.3536413816241,2.12501678216443,269.999999999994));
#1700=CARTESIAN_POINT('',(15.353646027049,-2.12498321783555,269.999999999994));
#1701=CARTESIAN_POINT('Ctrl Pts',(15.3536413816241,2.12501678216443,269.999999999994));
#1702=CARTESIAN_POINT('Ctrl Pts',(15.3536413816241,2.12501678216443,270.267183015713));
#1703=CARTESIAN_POINT('Ctrl Pts',(15.3613357581705,2.07155120439341,270.551942064993));
#1704=CARTESIAN_POINT('Ctrl Pts',(15.3890377023698,1.85458328608238,271.075396718933));
#1705=CARTESIAN_POINT('Ctrl Pts',(15.4086354241789,1.69109912784775,271.314121468841));
#1706=CARTESIAN_POINT('Ctrl Pts',(15.4453519084585,1.31414057597964,271.691080031734));
#1707=CARTESIAN_POINT('Ctrl Pts',(15.4648690366113,1.0754148318323,271.854565991359));
#1708=CARTESIAN_POINT('Ctrl Pts',(15.4923863581491,0.551956798613136,272.071535232307));
#1709=CARTESIAN_POINT('Ctrl Pts',(15.4999997107099,0.26719657220892,272.124999999994));
#1710=CARTESIAN_POINT('Ctrl Pts',(15.5000002892719,-0.267162976894283,272.124999999994));
#1711=CARTESIAN_POINT('Ctrl Pts',(15.4923875549717,-0.551923188974154,272.071535243399));
#1712=CARTESIAN_POINT('Ctrl Pts',(15.4648713737319,-1.07538121438881,271.854566021063));
#1713=CARTESIAN_POINT('Ctrl Pts',(15.4453547677925,-1.3141069639814,271.691080068378));
#1714=CARTESIAN_POINT('Ctrl Pts',(15.408639109898,-1.69106554278834,271.314121500597));
#1715=CARTESIAN_POINT('Ctrl Pts',(15.3890417481385,-1.85454971313014,271.075396736487));
#1716=CARTESIAN_POINT('Ctrl Pts',(15.3613402840671,-2.07151764154007,270.551942064683));
#1717=CARTESIAN_POINT('Ctrl Pts',(15.353646027049,-2.12498321783555,270.267183012369));
#1718=CARTESIAN_POINT('Ctrl Pts',(15.353646027049,-2.12498321783555,269.999999999994));
#1719=CARTESIAN_POINT('Ctrl Pts',(15.353646027049,-2.12498321783555,269.999999999994));
#1720=CARTESIAN_POINT('Ctrl Pts',(15.353646027049,-2.12498321783555,269.732816987619));
#1721=CARTESIAN_POINT('Ctrl Pts',(15.3613402840671,-2.07151764154007,269.448057935304));
#1722=CARTESIAN_POINT('Ctrl Pts',(15.3890417481385,-1.85454971313014,268.924603263501));
#1723=CARTESIAN_POINT('Ctrl Pts',(15.408639109898,-1.69106554278834,268.685878499391));
#1724=CARTESIAN_POINT('Ctrl Pts',(15.4453547677925,-1.3141069639814,268.30891993161));
#1725=CARTESIAN_POINT('Ctrl Pts',(15.4648713737319,-1.07538121438882,268.145433978925));
#1726=CARTESIAN_POINT('Ctrl Pts',(15.4923875549717,-0.551923188974166,267.928464756589));
#1727=CARTESIAN_POINT('Ctrl Pts',(15.5000002892719,-0.267162976894281,267.874999999994));
#1728=CARTESIAN_POINT('Ctrl Pts',(15.4999997107099,0.267196572208917,267.874999999994));
#1729=CARTESIAN_POINT('Ctrl Pts',(15.4923863581491,0.551956798613147,267.92846476768));
#1730=CARTESIAN_POINT('Ctrl Pts',(15.4648690366113,1.07541483183231,268.145434008629));
#1731=CARTESIAN_POINT('Ctrl Pts',(15.4453519084585,1.31414057597964,268.308919968253));
#1732=CARTESIAN_POINT('Ctrl Pts',(15.4086354241789,1.69109912784776,268.685878531147));
#1733=CARTESIAN_POINT('Ctrl Pts',(15.3890377023698,1.85458328608238,268.924603281055));
#1734=CARTESIAN_POINT('Ctrl Pts',(15.3613357581705,2.07155120439342,269.448057934995));
#1735=CARTESIAN_POINT('Ctrl Pts',(15.3536413816241,2.12501678216443,269.732816984275));
#1736=CARTESIAN_POINT('Ctrl Pts',(15.3536413816241,2.12501678216443,269.999999999994));
#1737=CARTESIAN_POINT('',(17.3705050681872,-2.12498321783555,269.999999999994));
#1738=CARTESIAN_POINT('',(0.,-2.12498321783555,269.999999999994));
#1739=CARTESIAN_POINT('',(17.3705009621346,2.12501678216443,269.999999999994));
#1740=CARTESIAN_POINT('Ctrl Pts',(17.3705009621346,2.12501678216443,269.999999999994));
#1741=CARTESIAN_POINT('Ctrl Pts',(17.3705009621346,2.12501678216443,269.732896110166));
#1742=CARTESIAN_POINT('Ctrl Pts',(17.3772973859432,2.07158197921988,269.448170330636));
#1743=CARTESIAN_POINT('Ctrl Pts',(17.4017884155469,1.85463640652855,268.924693305044));
#1744=CARTESIAN_POINT('Ctrl Pts',(17.4191231094251,1.69113994903879,268.685919351148));
#1745=CARTESIAN_POINT('Ctrl Pts',(17.4516173427051,1.31409886346448,268.308878256929));
#1746=CARTESIAN_POINT('Ctrl Pts',(17.468896176962,1.07532429624223,268.145380694506));
#1747=CARTESIAN_POINT('Ctrl Pts',(17.4932593549269,0.551845198313086,267.928434304165));
#1748=CARTESIAN_POINT('Ctrl Pts',(17.4999997438463,0.267118697375446,267.874999999994));
#1749=CARTESIAN_POINT('Ctrl Pts',(17.5000002561375,-0.267085108778432,267.874999999994));
#1750=CARTESIAN_POINT('Ctrl Pts',(17.4932604144427,-0.551811598501568,267.928434295481));
#1751=CARTESIAN_POINT('Ctrl Pts',(17.4688982451956,-1.07529069031671,268.145380671246));
#1752=CARTESIAN_POINT('Ctrl Pts',(17.4516198725539,-1.31406526179365,268.308878228232));
#1753=CARTESIAN_POINT('Ctrl Pts',(17.4191263694284,-1.69110636846061,268.685919326254));
#1754=CARTESIAN_POINT('Ctrl Pts',(17.4017919933089,-1.85460283542669,268.924693291263));
#1755=CARTESIAN_POINT('Ctrl Pts',(17.3773013869197,-2.07154841603293,269.448170330829));
#1756=CARTESIAN_POINT('Ctrl Pts',(17.3705050681872,-2.12498321783555,269.732896112739));
#1757=CARTESIAN_POINT('Ctrl Pts',(17.3705050681872,-2.12498321783555,269.999999999994));
#1758=CARTESIAN_POINT('Ctrl Pts',(17.3705050681872,-2.12498321783555,269.999999999994));
#1759=CARTESIAN_POINT('Ctrl Pts',(17.3705050681872,-2.12498321783555,270.267103887249));
#1760=CARTESIAN_POINT('Ctrl Pts',(17.3773013869197,-2.07154841603293,270.551829669159));
#1761=CARTESIAN_POINT('Ctrl Pts',(17.4017919933089,-1.85460283542669,271.075306708725));
#1762=CARTESIAN_POINT('Ctrl Pts',(17.4191263694284,-1.69110636846061,271.314080673734));
#1763=CARTESIAN_POINT('Ctrl Pts',(17.4516198725539,-1.31406526179365,271.691121771756));
#1764=CARTESIAN_POINT('Ctrl Pts',(17.4688982451956,-1.07529069031671,271.854619328742));
#1765=CARTESIAN_POINT('Ctrl Pts',(17.4932604144427,-0.551811598501568,272.071565704507));
#1766=CARTESIAN_POINT('Ctrl Pts',(17.5000002561375,-0.267085108778431,272.124999999994));
#1767=CARTESIAN_POINT('Ctrl Pts',(17.4999997438463,0.267118697375447,272.124999999994));
#1768=CARTESIAN_POINT('Ctrl Pts',(17.4932593549269,0.551845198313088,272.071565695823));
#1769=CARTESIAN_POINT('Ctrl Pts',(17.468896176962,1.07532429624223,271.854619305482));
#1770=CARTESIAN_POINT('Ctrl Pts',(17.4516173427051,1.31409886346448,271.691121743059));
#1771=CARTESIAN_POINT('Ctrl Pts',(17.4191231094251,1.69113994903879,271.31408064884));
#1772=CARTESIAN_POINT('Ctrl Pts',(17.4017884155469,1.85463640652855,271.075306694944));
#1773=CARTESIAN_POINT('Ctrl Pts',(17.3772973859432,2.07158197921988,270.551829669352));
#1774=CARTESIAN_POINT('Ctrl Pts',(17.3705009621346,2.12501678216443,270.267103889822));
#1775=CARTESIAN_POINT('Ctrl Pts',(17.3705009621346,2.12501678216443,269.999999999994));
#1776=CARTESIAN_POINT('Origin',(0.,1.93687773533842E-5,249.999999999993));
#1777=CARTESIAN_POINT('',(-17.3705006457016,2.12501936877737,249.999999999993));
#1778=CARTESIAN_POINT('',(-17.5,-1.54480208411933E-11,252.124999999905));
#1779=CARTESIAN_POINT('Ctrl Pts',(-17.3705006457016,2.12501936877737,249.999999999993));
#1780=CARTESIAN_POINT('Ctrl Pts',(-17.3705006457016,2.12501936877736,250.267103890019));
#1781=CARTESIAN_POINT('Ctrl Pts',(-17.3772970776078,2.07158456574482,250.551829669366));
#1782=CARTESIAN_POINT('Ctrl Pts',(-17.4017881398264,1.85463899366348,251.075306693881));
#1783=CARTESIAN_POINT('Ctrl Pts',(-17.4191228581923,1.69114253690398,251.314080646921));
#1784=CARTESIAN_POINT('Ctrl Pts',(-17.4516171477413,1.31410145295517,251.691121740847));
#1785=CARTESIAN_POINT('Ctrl Pts',(-17.4688960175723,1.07532688606079,251.854619303689));
#1786=CARTESIAN_POINT('Ctrl Pts',(-17.4932592732733,0.551847787660465,252.071565695153));
#1787=CARTESIAN_POINT('Ctrl Pts',(-17.4999997043643,0.267121285858573,252.124999999993));
#1788=CARTESIAN_POINT('Ctrl Pts',(-17.4999999999964,1.29125182345147E-5,
252.124999999993));
#1789=CARTESIAN_POINT('Ctrl Pts',(-17.5,6.45624881811629E-6,252.124999999964));
#1790=CARTESIAN_POINT('Ctrl Pts',(-17.5,-3.08951159223139E-11,252.124999999905));
#1791=CARTESIAN_POINT('',(-17.5,-1.54465636734735E-11,247.875000000081));
#1792=CARTESIAN_POINT('Ctrl Pts',(-17.5,-3.08950584387092E-11,247.875000000081));
#1793=CARTESIAN_POINT('Ctrl Pts',(-17.5,6.456248817983E-6,247.875000000023));
#1794=CARTESIAN_POINT('Ctrl Pts',(-17.4999999999964,1.29125182342024E-5,
247.874999999993));
#1795=CARTESIAN_POINT('Ctrl Pts',(-17.4999997043643,0.267121285858573,247.874999999993));
#1796=CARTESIAN_POINT('Ctrl Pts',(-17.4932592732733,0.551847787660465,247.928434304833));
#1797=CARTESIAN_POINT('Ctrl Pts',(-17.4688960175723,1.07532688606079,248.145380696298));
#1798=CARTESIAN_POINT('Ctrl Pts',(-17.4516171477413,1.31410145295517,248.308878259139));
#1799=CARTESIAN_POINT('Ctrl Pts',(-17.4191228581923,1.69114253690398,248.685919353066));
#1800=CARTESIAN_POINT('Ctrl Pts',(-17.4017881398264,1.85463899366348,248.924693306105));
#1801=CARTESIAN_POINT('Ctrl Pts',(-17.3772970776078,2.07158456574482,249.44817033062));
#1802=CARTESIAN_POINT('Ctrl Pts',(-17.3705006457016,2.12501936877737,249.732896109967));
#1803=CARTESIAN_POINT('Ctrl Pts',(-17.3705006457016,2.12501936877737,249.999999999993));
#1804=CARTESIAN_POINT('',(-17.3705053846147,-2.12498063122266,249.999999999993));
#1805=CARTESIAN_POINT('Ctrl Pts',(-17.3705053846147,-2.12498063122266,249.999999999993));
#1806=CARTESIAN_POINT('Ctrl Pts',(-17.3705053846147,-2.12498063122266,249.732896112937));
#1807=CARTESIAN_POINT('Ctrl Pts',(-17.3773016952496,-2.07154582950805,249.448170330844));
#1808=CARTESIAN_POINT('Ctrl Pts',(-17.401792269024,-1.85460024829187,248.9246932902));
#1809=CARTESIAN_POINT('Ctrl Pts',(-17.4191266206557,-1.6911037805955,248.685919324335));
#1810=CARTESIAN_POINT('Ctrl Pts',(-17.4516200675123,-1.31406267230306,248.308878226019));
#1811=CARTESIAN_POINT('Ctrl Pts',(-17.46889840458,-1.0752881004982,248.145380669452));
#1812=CARTESIAN_POINT('Ctrl Pts',(-17.4932602016565,-0.551815335797316,
247.928436916773));
#1813=CARTESIAN_POINT('Ctrl Pts',(-17.4999999999995,-0.267096284828316,
247.875002434593));
#1814=CARTESIAN_POINT('Ctrl Pts',(-17.5,-3.08943842730613E-11,247.875000000081));
#1815=CARTESIAN_POINT('',(-15.3536463850425,-2.12498063122266,249.999999999993));
#1816=CARTESIAN_POINT('',(0.,-2.12498063122266,249.999999999993));
#1817=CARTESIAN_POINT('',(-15.5,-1.53999679668721E-11,247.875000000081));
#1818=CARTESIAN_POINT('Ctrl Pts',(-15.5,-3.080133370581E-11,247.875000000081));
#1819=CARTESIAN_POINT('Ctrl Pts',(-15.4999999999995,-0.267174150044639,
247.875002435302));
#1820=CARTESIAN_POINT('Ctrl Pts',(-15.492387314745,-0.551926923414206,247.928467377207));
#1821=CARTESIAN_POINT('Ctrl Pts',(-15.4648715538375,-1.07537862368269,248.145433976635));
#1822=CARTESIAN_POINT('Ctrl Pts',(-15.4453549881421,-1.31410437369494,248.308919928785));
#1823=CARTESIAN_POINT('Ctrl Pts',(-15.4086393939324,-1.6910629545779,248.685878496943));
#1824=CARTESIAN_POINT('Ctrl Pts',(-15.3890420599199,-1.8545471258527,248.924603262147));
#1825=CARTESIAN_POINT('Ctrl Pts',(-15.3613406328493,-2.07151505504087,249.448057935327));
#1826=CARTESIAN_POINT('Ctrl Pts',(-15.3536463850425,-2.12498063122266,249.732816987876));
#1827=CARTESIAN_POINT('Ctrl Pts',(-15.3536463850425,-2.12498063122266,249.999999999993));
#1828=CARTESIAN_POINT('',(-15.3536410236244,2.12501936877736,249.999999999993));
#1829=CARTESIAN_POINT('Ctrl Pts',(-15.3536410236244,2.12501936877736,249.999999999993));
#1830=CARTESIAN_POINT('Ctrl Pts',(-15.3536410236244,2.12501936877736,249.732816984017));
#1831=CARTESIAN_POINT('Ctrl Pts',(-15.3613354093821,2.07155379089263,249.448057934971));
#1832=CARTESIAN_POINT('Ctrl Pts',(-15.3890373905822,1.85458587335986,248.924603282407));
#1833=CARTESIAN_POINT('Ctrl Pts',(-15.4086351401383,1.6911017160583,248.685878533594));
#1834=CARTESIAN_POINT('Ctrl Pts',(-15.4453516881027,1.31414316626622,248.308919971077));
#1835=CARTESIAN_POINT('Ctrl Pts',(-15.4648688564996,1.07541742253851,248.145434010918));
#1836=CARTESIAN_POINT('Ctrl Pts',(-15.4923862659137,0.551959388717867,247.928464768534));
#1837=CARTESIAN_POINT('Ctrl Pts',(-15.4999996661204,0.267199161209732,247.874999999993));
#1838=CARTESIAN_POINT('Ctrl Pts',(-15.499999999996,1.291251823448E-5,247.874999999993));
#1839=CARTESIAN_POINT('Ctrl Pts',(-15.5,6.45624884986116E-6,247.875000000023));
#1840=CARTESIAN_POINT('Ctrl Pts',(-15.5,-3.07998127935198E-11,247.875000000081));
#1841=CARTESIAN_POINT('',(-15.5,-1.53989791744908E-11,252.124999999905));
#1842=CARTESIAN_POINT('Ctrl Pts',(-15.5,-3.07974596899378E-11,252.124999999905));
#1843=CARTESIAN_POINT('Ctrl Pts',(-15.5,6.45624885128106E-6,252.124999999964));
#1844=CARTESIAN_POINT('Ctrl Pts',(-15.499999999996,1.29125182350004E-5,
252.124999999993));
#1845=CARTESIAN_POINT('Ctrl Pts',(-15.4999996661204,0.267199161209734,252.124999999993));
#1846=CARTESIAN_POINT('Ctrl Pts',(-15.4923862659137,0.551959388717869,252.071535231452));
#1847=CARTESIAN_POINT('Ctrl Pts',(-15.4648688564996,1.07541742253851,251.854565989069));
#1848=CARTESIAN_POINT('Ctrl Pts',(-15.4453516881027,1.31414316626622,251.69108002891));
#1849=CARTESIAN_POINT('Ctrl Pts',(-15.4086351401383,1.69110171605829,251.314121466392));
#1850=CARTESIAN_POINT('Ctrl Pts',(-15.3890373905822,1.85458587335989,251.075396717579));
#1851=CARTESIAN_POINT('Ctrl Pts',(-15.3613354093821,2.07155379089265,250.551942065016));
#1852=CARTESIAN_POINT('Ctrl Pts',(-15.3536410236244,2.12501936877736,250.26718301597));
#1853=CARTESIAN_POINT('Ctrl Pts',(-15.3536410236244,2.12501936877736,249.999999999993));
#1854=CARTESIAN_POINT('Ctrl Pts',(-15.3536463850425,-2.12498063122266,249.999999999993));
#1855=CARTESIAN_POINT('Ctrl Pts',(-15.3536463850425,-2.12498063122266,250.26718301211));
#1856=CARTESIAN_POINT('Ctrl Pts',(-15.3613406328493,-2.07151505504087,250.551942064659));
#1857=CARTESIAN_POINT('Ctrl Pts',(-15.3890420599199,-1.8545471258527,251.075396737839));
#1858=CARTESIAN_POINT('Ctrl Pts',(-15.4086393939324,-1.69106295457789,251.314121503043));
#1859=CARTESIAN_POINT('Ctrl Pts',(-15.4453549881421,-1.31410437369494,251.691080071201));
#1860=CARTESIAN_POINT('Ctrl Pts',(-15.4648715538375,-1.0753786236827,251.854566023351));
#1861=CARTESIAN_POINT('Ctrl Pts',(-15.492387314745,-0.551926923414208,252.07153262278));
#1862=CARTESIAN_POINT('Ctrl Pts',(-15.4999999999995,-0.267174150044639,
252.124997564684));
#1863=CARTESIAN_POINT('Ctrl Pts',(-15.5,-3.07974479252238E-11,252.124999999905));
#1864=CARTESIAN_POINT('Ctrl Pts',(-17.5,-3.08957026629031E-11,252.124999999905));
#1865=CARTESIAN_POINT('Ctrl Pts',(-17.4999999999995,-0.267096284828317,
252.124997565393));
#1866=CARTESIAN_POINT('Ctrl Pts',(-17.4932602016565,-0.55181533579729,252.071563083213));
#1867=CARTESIAN_POINT('Ctrl Pts',(-17.46889840458,-1.07528810049817,251.854619330534));
#1868=CARTESIAN_POINT('Ctrl Pts',(-17.4516200675123,-1.31406267230305,251.691121773967));
#1869=CARTESIAN_POINT('Ctrl Pts',(-17.4191266206557,-1.6911037805955,251.314080675652));
#1870=CARTESIAN_POINT('Ctrl Pts',(-17.401792269024,-1.85460024829187,251.075306709786));
#1871=CARTESIAN_POINT('Ctrl Pts',(-17.3773016952496,-2.07154582950805,250.551829669143));
#1872=CARTESIAN_POINT('Ctrl Pts',(-17.3705053846147,-2.12498063122266,250.26710388705));
#1873=CARTESIAN_POINT('Ctrl Pts',(-17.3705053846147,-2.12498063122266,249.999999999993));
#1874=CARTESIAN_POINT('Origin',(0.,1.93687773533842E-5,249.999999999993));
#1875=CARTESIAN_POINT('',(15.3536410236244,2.12501936877736,249.999999999993));
#1876=CARTESIAN_POINT('',(15.3536463850425,-2.12498063122266,249.999999999993));
#1877=CARTESIAN_POINT('Ctrl Pts',(15.3536410236244,2.12501936877736,249.999999999993));
#1878=CARTESIAN_POINT('Ctrl Pts',(15.3536410236244,2.12501936877736,250.26718301597));
#1879=CARTESIAN_POINT('Ctrl Pts',(15.3613354093821,2.07155379089265,250.551942065016));
#1880=CARTESIAN_POINT('Ctrl Pts',(15.3890373905822,1.85458587335989,251.075396717579));
#1881=CARTESIAN_POINT('Ctrl Pts',(15.4086351401383,1.69110171605829,251.314121466392));
#1882=CARTESIAN_POINT('Ctrl Pts',(15.4453516881027,1.31414316626622,251.69108002891));
#1883=CARTESIAN_POINT('Ctrl Pts',(15.4648688564996,1.07541742253851,251.854565989069));
#1884=CARTESIAN_POINT('Ctrl Pts',(15.4923862659137,0.551959388717869,252.071535231452));
#1885=CARTESIAN_POINT('Ctrl Pts',(15.4999996661204,0.267199161209735,252.124999999993));
#1886=CARTESIAN_POINT('Ctrl Pts',(15.5000003338553,-0.267160387893481,252.124999999993));
#1887=CARTESIAN_POINT('Ctrl Pts',(15.492387647201,-0.551920598869475,252.071535244253));
#1888=CARTESIAN_POINT('Ctrl Pts',(15.4648715538375,-1.0753786236827,251.854566023351));
#1889=CARTESIAN_POINT('Ctrl Pts',(15.4453549881421,-1.31410437369494,251.691080071201));
#1890=CARTESIAN_POINT('Ctrl Pts',(15.4086393939324,-1.69106295457789,251.314121503043));
#1891=CARTESIAN_POINT('Ctrl Pts',(15.3890420599199,-1.8545471258527,251.075396737839));
#1892=CARTESIAN_POINT('Ctrl Pts',(15.3613406328493,-2.07151505504087,250.551942064659));
#1893=CARTESIAN_POINT('Ctrl Pts',(15.3536463850425,-2.12498063122266,250.26718301211));
#1894=CARTESIAN_POINT('Ctrl Pts',(15.3536463850425,-2.12498063122266,249.999999999993));
#1895=CARTESIAN_POINT('Ctrl Pts',(15.3536463850425,-2.12498063122266,249.999999999993));
#1896=CARTESIAN_POINT('Ctrl Pts',(15.3536463850425,-2.12498063122266,249.732816987876));
#1897=CARTESIAN_POINT('Ctrl Pts',(15.3613406328493,-2.07151505504087,249.448057935327));
#1898=CARTESIAN_POINT('Ctrl Pts',(15.3890420599199,-1.8545471258527,248.924603262147));
#1899=CARTESIAN_POINT('Ctrl Pts',(15.4086393939324,-1.6910629545779,248.685878496943));
#1900=CARTESIAN_POINT('Ctrl Pts',(15.4453549881421,-1.31410437369494,248.308919928785));
#1901=CARTESIAN_POINT('Ctrl Pts',(15.4648715538375,-1.07537862368269,248.145433976635));
#1902=CARTESIAN_POINT('Ctrl Pts',(15.492387647201,-0.551920598869472,247.928464755733));
#1903=CARTESIAN_POINT('Ctrl Pts',(15.5000003338553,-0.267160387893478,247.874999999993));
#1904=CARTESIAN_POINT('Ctrl Pts',(15.4999996661204,0.267199161209733,247.874999999993));
#1905=CARTESIAN_POINT('Ctrl Pts',(15.4923862659137,0.551959388717867,247.928464768534));
#1906=CARTESIAN_POINT('Ctrl Pts',(15.4648688564996,1.07541742253851,248.145434010918));
#1907=CARTESIAN_POINT('Ctrl Pts',(15.4453516881027,1.31414316626622,248.308919971077));
#1908=CARTESIAN_POINT('Ctrl Pts',(15.4086351401383,1.6911017160583,248.685878533594));
#1909=CARTESIAN_POINT('Ctrl Pts',(15.3890373905822,1.85458587335986,248.924603282407));
#1910=CARTESIAN_POINT('Ctrl Pts',(15.3613354093821,2.07155379089263,249.448057934971));
#1911=CARTESIAN_POINT('Ctrl Pts',(15.3536410236244,2.12501936877736,249.732816984017));
#1912=CARTESIAN_POINT('Ctrl Pts',(15.3536410236244,2.12501936877737,249.999999999993));
#1913=CARTESIAN_POINT('',(17.3705053846147,-2.12498063122266,249.999999999993));
#1914=CARTESIAN_POINT('',(0.,-2.12498063122266,249.999999999993));
#1915=CARTESIAN_POINT('',(17.3705006457016,2.12501936877737,249.999999999993));
#1916=CARTESIAN_POINT('Ctrl Pts',(17.3705006457016,2.12501936877737,249.999999999993));
#1917=CARTESIAN_POINT('Ctrl Pts',(17.3705006457016,2.12501936877736,249.732896109967));
#1918=CARTESIAN_POINT('Ctrl Pts',(17.3772970776078,2.07158456574482,249.44817033062));
#1919=CARTESIAN_POINT('Ctrl Pts',(17.4017881398264,1.85463899366348,248.924693306105));
#1920=CARTESIAN_POINT('Ctrl Pts',(17.4191228581923,1.69114253690398,248.685919353066));
#1921=CARTESIAN_POINT('Ctrl Pts',(17.4516171477413,1.31410145295517,248.308878259139));
#1922=CARTESIAN_POINT('Ctrl Pts',(17.4688960175723,1.07532688606079,248.145380696298));
#1923=CARTESIAN_POINT('Ctrl Pts',(17.4932592732733,0.551847787660465,247.928434304833));
#1924=CARTESIAN_POINT('Ctrl Pts',(17.4999997043643,0.267121285858573,247.874999999993));
#1925=CARTESIAN_POINT('Ctrl Pts',(17.5000002956143,-0.267082520295318,247.874999999993));
#1926=CARTESIAN_POINT('Ctrl Pts',(17.4932604960909,-0.551809009154211,247.928434294811));
#1927=CARTESIAN_POINT('Ctrl Pts',(17.46889840458,-1.07528810049821,248.145380669452));
#1928=CARTESIAN_POINT('Ctrl Pts',(17.4516200675123,-1.31406267230306,248.308878226019));
#1929=CARTESIAN_POINT('Ctrl Pts',(17.4191266206557,-1.6911037805955,248.685919324335));
#1930=CARTESIAN_POINT('Ctrl Pts',(17.401792269024,-1.85460024829187,248.9246932902));
#1931=CARTESIAN_POINT('Ctrl Pts',(17.3773016952496,-2.07154582950805,249.448170330844));
#1932=CARTESIAN_POINT('Ctrl Pts',(17.3705053846147,-2.12498063122266,249.732896112937));
#1933=CARTESIAN_POINT('Ctrl Pts',(17.3705053846147,-2.12498063122266,249.999999999993));
#1934=CARTESIAN_POINT('Ctrl Pts',(17.3705053846147,-2.12498063122266,249.999999999993));
#1935=CARTESIAN_POINT('Ctrl Pts',(17.3705053846147,-2.12498063122266,250.26710388705));
#1936=CARTESIAN_POINT('Ctrl Pts',(17.3773016952496,-2.07154582950805,250.551829669143));
#1937=CARTESIAN_POINT('Ctrl Pts',(17.401792269024,-1.85460024829187,251.075306709786));
#1938=CARTESIAN_POINT('Ctrl Pts',(17.4191266206557,-1.6911037805955,251.314080675652));
#1939=CARTESIAN_POINT('Ctrl Pts',(17.4516200675123,-1.31406267230305,251.691121773967));
#1940=CARTESIAN_POINT('Ctrl Pts',(17.46889840458,-1.0752881004982,251.854619330534));
#1941=CARTESIAN_POINT('Ctrl Pts',(17.4932604960909,-0.551809009154197,252.071565705175));
#1942=CARTESIAN_POINT('Ctrl Pts',(17.5000002956143,-0.267082520295317,252.124999999993));
#1943=CARTESIAN_POINT('Ctrl Pts',(17.4999997043643,0.267121285858573,252.124999999993));
#1944=CARTESIAN_POINT('Ctrl Pts',(17.4932592732733,0.551847787660465,252.071565695153));
#1945=CARTESIAN_POINT('Ctrl Pts',(17.4688960175723,1.07532688606079,251.854619303689));
#1946=CARTESIAN_POINT('Ctrl Pts',(17.4516171477413,1.31410145295517,251.691121740847));
#1947=CARTESIAN_POINT('Ctrl Pts',(17.4191228581923,1.69114253690398,251.314080646921));
#1948=CARTESIAN_POINT('Ctrl Pts',(17.4017881398264,1.85463899366348,251.075306693881));
#1949=CARTESIAN_POINT('Ctrl Pts',(17.3772970776078,2.07158456574482,250.551829669366));
#1950=CARTESIAN_POINT('Ctrl Pts',(17.3705006457016,2.12501936877737,250.267103890019));
#1951=CARTESIAN_POINT('Ctrl Pts',(17.3705006457016,2.12501936877737,249.999999999993));
#1952=CARTESIAN_POINT('Origin',(0.,0.000114888476192612,170.000000000004));
#1953=CARTESIAN_POINT('',(-17.3704889600373,2.12511488847619,170.000000000004));
#1954=CARTESIAN_POINT('',(-17.5,-5.43408369891643E-10,172.124999996898));
#1955=CARTESIAN_POINT('Ctrl Pts',(-17.3704889600373,2.12511488847619,170.000000000004));
#1956=CARTESIAN_POINT('Ctrl Pts',(-17.3704889600373,2.12511488847619,170.267103897354));
#1957=CARTESIAN_POINT('Ctrl Pts',(-17.3772856909765,2.0716800821939,170.551829669928));
#1958=CARTESIAN_POINT('Ctrl Pts',(-17.4017779576099,1.85473453263894,171.075306654669));
#1959=CARTESIAN_POINT('Ctrl Pts',(-17.4191135802762,1.69123810284943,171.314080576081));
#1960=CARTESIAN_POINT('Ctrl Pts',(-17.4516099477513,1.31419707892916,171.691121659186));
#1961=CARTESIAN_POINT('Ctrl Pts',(-17.46889013128,1.07542252414159,171.854619237503));
#1962=CARTESIAN_POINT('Ctrl Pts',(-17.4932562576618,0.551943408339414,172.07156567045));
#1963=CARTESIAN_POINT('Ctrl Pts',(-17.4999982460834,0.267216874621707,172.125000000004));
#1964=CARTESIAN_POINT('Ctrl Pts',(-17.4999999998743,7.65923174610855E-5,
172.125000000004));
#1965=CARTESIAN_POINT('Ctrl Pts',(-17.5,3.82957964183827E-5,172.124999998969));
#1966=CARTESIAN_POINT('Ctrl Pts',(-17.5,-1.08681497872136E-9,172.124999996898));
#1967=CARTESIAN_POINT('',(-17.5,-5.43408300502703E-10,167.87500000311));
#1968=CARTESIAN_POINT('Ctrl Pts',(-17.5,-1.0868170777791E-9,167.87500000311));
#1969=CARTESIAN_POINT('Ctrl Pts',(-17.5,3.82957964168415E-5,167.875000001039));
#1970=CARTESIAN_POINT('Ctrl Pts',(-17.4999999998743,7.65923174600967E-5,
167.875000000004));
#1971=CARTESIAN_POINT('Ctrl Pts',(-17.4999982460834,0.267216874621706,167.875000000004));
#1972=CARTESIAN_POINT('Ctrl Pts',(-17.4932562576618,0.551943408339413,167.928434329558));
#1973=CARTESIAN_POINT('Ctrl Pts',(-17.46889013128,1.07542252414159,168.145380762506));
#1974=CARTESIAN_POINT('Ctrl Pts',(-17.4516099477513,1.31419707892916,168.308878340822));
#1975=CARTESIAN_POINT('Ctrl Pts',(-17.4191135802762,1.69123810284943,168.685919423927));
#1976=CARTESIAN_POINT('Ctrl Pts',(-17.4017779576099,1.85473453263894,168.924693345339));
#1977=CARTESIAN_POINT('Ctrl Pts',(-17.3772856909765,2.0716800821939,169.44817033008));
#1978=CARTESIAN_POINT('Ctrl Pts',(-17.3704889600373,2.12511488847619,169.732896102655));
#1979=CARTESIAN_POINT('Ctrl Pts',(-17.3704889600373,2.12511488847619,170.000000000004));
#1980=CARTESIAN_POINT('',(-17.3705170695298,-2.12488511152381,170.000000000004));
#1981=CARTESIAN_POINT('Ctrl Pts',(-17.3705170695298,-2.12488511152381,170.000000000004));
#1982=CARTESIAN_POINT('Ctrl Pts',(-17.3705170695298,-2.12488511152381,169.732896120271));
#1983=CARTESIAN_POINT('Ctrl Pts',(-17.3773130811325,-2.07145031305906,169.448170331407));
#1984=CARTESIAN_POINT('Ctrl Pts',(-17.4018024504945,-1.85450470931971,168.924693250995));
#1985=CARTESIAN_POINT('Ctrl Pts',(-17.4191358978273,-1.69100821465652,168.685919253505));
#1986=CARTESIAN_POINT('Ctrl Pts',(-17.451627266761,-1.31396704633877,168.308878144365));
#1987=CARTESIAN_POINT('Ctrl Pts',(-17.4689042901333,-1.07519246242411,168.14538060327));
#1988=CARTESIAN_POINT('Ctrl Pts',(-17.4932617646957,-0.551750915810116,
167.928449822626));
#1989=CARTESIAN_POINT('Ctrl Pts',(-17.4999999999834,-0.267068577349076,
167.875014442353));
#1990=CARTESIAN_POINT('Ctrl Pts',(-17.5,-1.08681889876561E-9,167.87500000311));
#1991=CARTESIAN_POINT('',(-15.3536596048898,-2.12488511152381,170.000000000004));
#1992=CARTESIAN_POINT('',(0.,-2.1248851115238,170.000000000004));
#1993=CARTESIAN_POINT('',(-15.5,-5.41731429020614E-10,167.87500000311));
#1994=CARTESIAN_POINT('Ctrl Pts',(-15.5,-1.08346116800551E-9,167.87500000311));
#1995=CARTESIAN_POINT('Ctrl Pts',(-15.4999999999813,-0.267146411704463,
167.875014446561));
#1996=CARTESIAN_POINT('Ctrl Pts',(-15.4923890810113,-0.55186246511357,167.9284802738));
#1997=CARTESIAN_POINT('Ctrl Pts',(-15.4648782045595,-1.07528295283087,168.145433892114));
#1998=CARTESIAN_POINT('Ctrl Pts',(-15.4453631250137,-1.31400871834155,168.308919824517));
#1999=CARTESIAN_POINT('Ctrl Pts',(-15.4086498825858,-1.69096737588683,168.685878406586));
#2000=CARTESIAN_POINT('Ctrl Pts',(-15.3890535732264,-1.85445158161505,168.924603212206));
#2001=CARTESIAN_POINT('Ctrl Pts',(-15.3613535125354,-2.07141953954129,169.44805793622));
#2002=CARTESIAN_POINT('Ctrl Pts',(-15.3536596048898,-2.12488511152381,169.732816997403));
#2003=CARTESIAN_POINT('Ctrl Pts',(-15.3536596048898,-2.12488511152381,170.000000000004));
#2004=CARTESIAN_POINT('',(-15.3536278029258,2.12511488847619,170.000000000004));
#2005=CARTESIAN_POINT('Ctrl Pts',(-15.3536278029258,2.12511488847619,170.000000000004));
#2006=CARTESIAN_POINT('Ctrl Pts',(-15.3536278029258,2.12511488847619,169.732816974512));
#2007=CARTESIAN_POINT('Ctrl Pts',(-15.361322528846,2.07164930639238,169.448057934103));
#2008=CARTESIAN_POINT('Ctrl Pts',(-15.3890258764293,1.85468141760181,168.924603332378));
#2009=CARTESIAN_POINT('Ctrl Pts',(-15.4086246506406,1.69119729475764,168.685878623986));
#2010=CARTESIAN_POINT('Ctrl Pts',(-15.4453435503916,1.31423882163206,168.308920075375));
#2011=CARTESIAN_POINT('Ctrl Pts',(-15.4648622049413,1.07551309339901,168.145434095466));
#2012=CARTESIAN_POINT('Ctrl Pts',(-15.4923828594975,0.552055037364848,167.928464800112));
#2013=CARTESIAN_POINT('Ctrl Pts',(-15.4999980191943,0.267294769090479,167.875000000004));
#2014=CARTESIAN_POINT('Ctrl Pts',(-15.4999999998581,7.65923174614151E-5,
167.875000000004));
#2015=CARTESIAN_POINT('Ctrl Pts',(-15.5,3.82957975369733E-5,167.875000001039));
#2016=CARTESIAN_POINT('Ctrl Pts',(-15.5,-1.0834603755289E-9,167.87500000311));
#2017=CARTESIAN_POINT('',(-15.5,-5.41733475994315E-10,172.124999996898));
#2018=CARTESIAN_POINT('Ctrl Pts',(-15.5,-1.08346524237181E-9,172.124999996898));
#2019=CARTESIAN_POINT('Ctrl Pts',(-15.5,3.82957975335802E-5,172.124999998969));
#2020=CARTESIAN_POINT('Ctrl Pts',(-15.4999999998581,7.65923174595069E-5,
172.125000000004));
#2021=CARTESIAN_POINT('Ctrl Pts',(-15.4999980191943,0.267294769090478,172.125000000004));
#2022=CARTESIAN_POINT('Ctrl Pts',(-15.4923828594975,0.552055037364848,172.071535199897));
#2023=CARTESIAN_POINT('Ctrl Pts',(-15.4648622049413,1.07551309339901,171.854565904543));
#2024=CARTESIAN_POINT('Ctrl Pts',(-15.4453435503916,1.31423882163206,171.691079924633));
#2025=CARTESIAN_POINT('Ctrl Pts',(-15.4086246506406,1.69119729475764,171.314121376023));
#2026=CARTESIAN_POINT('Ctrl Pts',(-15.3890258764293,1.85468141760181,171.07539666763));
#2027=CARTESIAN_POINT('Ctrl Pts',(-15.361322528846,2.07164930639237,170.551942065906));
#2028=CARTESIAN_POINT('Ctrl Pts',(-15.3536278029258,2.12511488847619,170.267183025497));
#2029=CARTESIAN_POINT('Ctrl Pts',(-15.3536278029258,2.12511488847619,170.000000000004));
#2030=CARTESIAN_POINT('Ctrl Pts',(-15.3536596048898,-2.12488511152381,170.000000000004));
#2031=CARTESIAN_POINT('Ctrl Pts',(-15.3536596048898,-2.12488511152381,170.267183002605));
#2032=CARTESIAN_POINT('Ctrl Pts',(-15.3613535125354,-2.07141953954129,170.551942063789));
#2033=CARTESIAN_POINT('Ctrl Pts',(-15.3890535732264,-1.85445158161505,171.075396787802));
#2034=CARTESIAN_POINT('Ctrl Pts',(-15.4086498825858,-1.69096737588683,171.314121593423));
#2035=CARTESIAN_POINT('Ctrl Pts',(-15.4453631250137,-1.31400871834155,171.691080175491));
#2036=CARTESIAN_POINT('Ctrl Pts',(-15.4648782045595,-1.07528295283087,171.854566107895));
#2037=CARTESIAN_POINT('Ctrl Pts',(-15.4923890810113,-0.551862465113571,
172.071519726209));
#2038=CARTESIAN_POINT('Ctrl Pts',(-15.4999999999813,-0.267146411704466,
172.124985553447));
#2039=CARTESIAN_POINT('Ctrl Pts',(-15.5,-1.08346609462018E-9,172.124999996898));
#2040=CARTESIAN_POINT('Ctrl Pts',(-17.5,-1.08681161292701E-9,172.124999996898));
#2041=CARTESIAN_POINT('Ctrl Pts',(-17.4999999999834,-0.267068577349069,
172.124985557655));
#2042=CARTESIAN_POINT('Ctrl Pts',(-17.4932617646957,-0.551750915810115,
172.071550177383));
#2043=CARTESIAN_POINT('Ctrl Pts',(-17.4689042901332,-1.07519246242411,171.854619396738));
#2044=CARTESIAN_POINT('Ctrl Pts',(-17.451627266761,-1.31396704633877,171.691121855643));
#2045=CARTESIAN_POINT('Ctrl Pts',(-17.4191358978273,-1.69100821465652,171.314080746503));
#2046=CARTESIAN_POINT('Ctrl Pts',(-17.4018024504945,-1.85450470931971,171.075306749014));
#2047=CARTESIAN_POINT('Ctrl Pts',(-17.3773130811325,-2.07145031305906,170.551829668601));
#2048=CARTESIAN_POINT('Ctrl Pts',(-17.3705170695298,-2.1248851115238,170.267103879737));
#2049=CARTESIAN_POINT('Ctrl Pts',(-17.3705170695298,-2.1248851115238,170.000000000004));
#2050=CARTESIAN_POINT('Origin',(0.,0.000114888476192612,170.000000000004));
#2051=CARTESIAN_POINT('',(15.3536278029258,2.12511488847619,170.000000000004));
#2052=CARTESIAN_POINT('',(15.3536596048898,-2.12488511152381,170.000000000004));
#2053=CARTESIAN_POINT('Ctrl Pts',(15.3536278029258,2.12511488847619,170.000000000004));
#2054=CARTESIAN_POINT('Ctrl Pts',(15.3536278029258,2.12511488847619,170.267183025497));
#2055=CARTESIAN_POINT('Ctrl Pts',(15.361322528846,2.07164930639237,170.551942065906));
#2056=CARTESIAN_POINT('Ctrl Pts',(15.3890258764293,1.85468141760181,171.07539666763));
#2057=CARTESIAN_POINT('Ctrl Pts',(15.4086246506406,1.69119729475764,171.314121376023));
#2058=CARTESIAN_POINT('Ctrl Pts',(15.4453435503916,1.31423882163206,171.691079924633));
#2059=CARTESIAN_POINT('Ctrl Pts',(15.4648622049413,1.07551309339901,171.854565904543));
#2060=CARTESIAN_POINT('Ctrl Pts',(15.4923828594975,0.552055037364848,172.071535199897));
#2061=CARTESIAN_POINT('Ctrl Pts',(15.4999980191943,0.267294769090478,172.125000000004));
#2062=CARTESIAN_POINT('Ctrl Pts',(15.5000019799526,-0.267064780013706,172.125000000004));
#2063=CARTESIAN_POINT('Ctrl Pts',(15.4923910527863,-0.551824950225423,172.071535275831));
#2064=CARTESIAN_POINT('Ctrl Pts',(15.4648782045595,-1.07528295283087,171.854566107895));
#2065=CARTESIAN_POINT('Ctrl Pts',(15.4453631250137,-1.31400871834155,171.691080175491));
#2066=CARTESIAN_POINT('Ctrl Pts',(15.4086498825858,-1.69096737588683,171.314121593423));
#2067=CARTESIAN_POINT('Ctrl Pts',(15.3890535732264,-1.85445158161505,171.075396787802));
#2068=CARTESIAN_POINT('Ctrl Pts',(15.3613535125354,-2.07141953954129,170.551942063789));
#2069=CARTESIAN_POINT('Ctrl Pts',(15.3536596048898,-2.12488511152381,170.267183002605));
#2070=CARTESIAN_POINT('Ctrl Pts',(15.3536596048898,-2.12488511152381,170.000000000004));
#2071=CARTESIAN_POINT('Ctrl Pts',(15.3536596048898,-2.12488511152381,170.000000000004));
#2072=CARTESIAN_POINT('Ctrl Pts',(15.3536596048898,-2.12488511152381,169.732816997403));
#2073=CARTESIAN_POINT('Ctrl Pts',(15.3613535125354,-2.07141953954129,169.44805793622));
#2074=CARTESIAN_POINT('Ctrl Pts',(15.3890535732264,-1.85445158161505,168.924603212206));
#2075=CARTESIAN_POINT('Ctrl Pts',(15.4086498825858,-1.69096737588683,168.685878406586));
#2076=CARTESIAN_POINT('Ctrl Pts',(15.4453631250137,-1.31400871834155,168.308919824517));
#2077=CARTESIAN_POINT('Ctrl Pts',(15.4648782045595,-1.07528295283087,168.145433892114));
#2078=CARTESIAN_POINT('Ctrl Pts',(15.4923910527863,-0.551824950225423,167.928464724178));
#2079=CARTESIAN_POINT('Ctrl Pts',(15.5000019799526,-0.267064780013705,167.875000000004));
#2080=CARTESIAN_POINT('Ctrl Pts',(15.4999980191943,0.267294769090478,167.875000000004));
#2081=CARTESIAN_POINT('Ctrl Pts',(15.4923828594975,0.552055037364848,167.928464800112));
#2082=CARTESIAN_POINT('Ctrl Pts',(15.4648622049413,1.07551309339901,168.145434095466));
#2083=CARTESIAN_POINT('Ctrl Pts',(15.4453435503916,1.31423882163206,168.308920075375));
#2084=CARTESIAN_POINT('Ctrl Pts',(15.4086246506406,1.69119729475764,168.685878623986));
#2085=CARTESIAN_POINT('Ctrl Pts',(15.3890258764293,1.85468141760181,168.924603332378));
#2086=CARTESIAN_POINT('Ctrl Pts',(15.361322528846,2.07164930639238,169.448057934103));
#2087=CARTESIAN_POINT('Ctrl Pts',(15.3536278029258,2.12511488847619,169.732816974512));
#2088=CARTESIAN_POINT('Ctrl Pts',(15.3536278029258,2.12511488847619,170.000000000004));
#2089=CARTESIAN_POINT('',(17.3705170695298,-2.1248851115238,170.000000000004));
#2090=CARTESIAN_POINT('',(0.,-2.1248851115238,170.000000000004));
#2091=CARTESIAN_POINT('',(17.3704889600373,2.12511488847619,170.000000000004));
#2092=CARTESIAN_POINT('Ctrl Pts',(17.3704889600373,2.12511488847619,170.000000000004));
#2093=CARTESIAN_POINT('Ctrl Pts',(17.3704889600373,2.12511488847619,169.732896102655));
#2094=CARTESIAN_POINT('Ctrl Pts',(17.3772856909765,2.0716800821939,169.44817033008));
#2095=CARTESIAN_POINT('Ctrl Pts',(17.4017779576099,1.85473453263894,168.924693345339));
#2096=CARTESIAN_POINT('Ctrl Pts',(17.4191135802762,1.69123810284943,168.685919423927));
#2097=CARTESIAN_POINT('Ctrl Pts',(17.4516099477513,1.31419707892916,168.308878340822));
#2098=CARTESIAN_POINT('Ctrl Pts',(17.46889013128,1.07542252414159,168.145380762506));
#2099=CARTESIAN_POINT('Ctrl Pts',(17.4932562576618,0.551943408339414,167.928434329558));
#2100=CARTESIAN_POINT('Ctrl Pts',(17.4999982460834,0.267216874621706,167.875000000004));
#2101=CARTESIAN_POINT('Ctrl Pts',(17.5000017531612,-0.266986931532904,167.875000000004));
#2102=CARTESIAN_POINT('Ctrl Pts',(17.4932635109672,-0.551713388477453,167.928434270109));
#2103=CARTESIAN_POINT('Ctrl Pts',(17.4689042901333,-1.07519246242411,168.14538060327));
#2104=CARTESIAN_POINT('Ctrl Pts',(17.451627266761,-1.31396704633877,168.308878144365));
#2105=CARTESIAN_POINT('Ctrl Pts',(17.4191358978273,-1.69100821465652,168.685919253505));
#2106=CARTESIAN_POINT('Ctrl Pts',(17.4018024504945,-1.85450470931971,168.924693250995));
#2107=CARTESIAN_POINT('Ctrl Pts',(17.3773130811325,-2.07145031305906,169.448170331407));
#2108=CARTESIAN_POINT('Ctrl Pts',(17.3705170695298,-2.1248851115238,169.732896120271));
#2109=CARTESIAN_POINT('Ctrl Pts',(17.3705170695298,-2.12488511152381,170.000000000004));
#2110=CARTESIAN_POINT('Ctrl Pts',(17.3705170695298,-2.1248851115238,170.000000000004));
#2111=CARTESIAN_POINT('Ctrl Pts',(17.3705170695298,-2.1248851115238,170.267103879737));
#2112=CARTESIAN_POINT('Ctrl Pts',(17.3773130811325,-2.07145031305906,170.551829668601));
#2113=CARTESIAN_POINT('Ctrl Pts',(17.4018024504945,-1.85450470931971,171.075306749014));
#2114=CARTESIAN_POINT('Ctrl Pts',(17.4191358978273,-1.69100821465652,171.314080746503));
#2115=CARTESIAN_POINT('Ctrl Pts',(17.451627266761,-1.31396704633877,171.691121855643));
#2116=CARTESIAN_POINT('Ctrl Pts',(17.4689042901332,-1.07519246242411,171.854619396738));
#2117=CARTESIAN_POINT('Ctrl Pts',(17.4932635109672,-0.551713388477452,172.0715657299));
#2118=CARTESIAN_POINT('Ctrl Pts',(17.5000017531612,-0.266986931532903,172.125000000004));
#2119=CARTESIAN_POINT('Ctrl Pts',(17.4999982460834,0.267216874621706,172.125000000004));
#2120=CARTESIAN_POINT('Ctrl Pts',(17.4932562576618,0.551943408339414,172.07156567045));
#2121=CARTESIAN_POINT('Ctrl Pts',(17.46889013128,1.07542252414159,171.854619237503));
#2122=CARTESIAN_POINT('Ctrl Pts',(17.4516099477513,1.31419707892916,171.691121659186));
#2123=CARTESIAN_POINT('Ctrl Pts',(17.4191135802762,1.69123810284943,171.314080576081));
#2124=CARTESIAN_POINT('Ctrl Pts',(17.4017779576099,1.85473453263894,171.075306654669));
#2125=CARTESIAN_POINT('Ctrl Pts',(17.3772856909765,2.0716800821939,170.551829669928));
#2126=CARTESIAN_POINT('Ctrl Pts',(17.3704889600373,2.12511488847619,170.267103897354));
#2127=CARTESIAN_POINT('Ctrl Pts',(17.3704889600373,2.12511488847619,170.000000000004));
#2128=CARTESIAN_POINT('Origin',(0.,0.,300.));
#2129=CARTESIAN_POINT('',(-17.5,-2.14313189850787E-15,300.));
#2130=CARTESIAN_POINT('Origin',(0.,0.,300.));
#2131=CARTESIAN_POINT('',(-15.5,-1.8982025386784E-15,300.));
#2132=CARTESIAN_POINT('Origin',(0.,0.,300.));
#2133=CARTESIAN_POINT('Origin',(0.,0.,135.));
#2134=CARTESIAN_POINT('',(17.3705030151691,-2.125,135.));
#2135=CARTESIAN_POINT('Ctrl Pts',(17.3705030151691,-2.125,135.));
#2136=CARTESIAN_POINT('Ctrl Pts',(17.3705030151691,-2.125,135.267103888541));
#2137=CARTESIAN_POINT('Ctrl Pts',(17.3772993864397,-2.07156519762641,135.551829669262));
#2138=CARTESIAN_POINT('Ctrl Pts',(17.4017902044361,-1.8546196209776,136.075306701841));
#2139=CARTESIAN_POINT('Ctrl Pts',(17.4191247394349,-1.69112315874963,136.314080661293));
#2140=CARTESIAN_POINT('Ctrl Pts',(17.4516186076376,-1.31408206262896,136.691121757414));
#2141=CARTESIAN_POINT('Ctrl Pts',(17.4688972110869,-1.07530749327939,136.854619317118));
#2142=CARTESIAN_POINT('Ctrl Pts',(17.4932598846929,-0.551828398407298,137.071565700171));
#2143=CARTESIAN_POINT('Ctrl Pts',(17.5,-0.267101903076933,137.125));
#2144=CARTESIAN_POINT('Ctrl Pts',(17.5,0.267101903076932,137.125));
#2145=CARTESIAN_POINT('Ctrl Pts',(17.4932598846929,0.551828398407297,137.071565700171));
#2146=CARTESIAN_POINT('Ctrl Pts',(17.4688972110869,1.07530749327939,136.854619317118));
#2147=CARTESIAN_POINT('Ctrl Pts',(17.4516186076376,1.31408206262896,136.691121757414));
#2148=CARTESIAN_POINT('Ctrl Pts',(17.4191247394349,1.69112315874963,136.314080661293));
#2149=CARTESIAN_POINT('Ctrl Pts',(17.4017902044361,1.8546196209776,136.075306701841));
#2150=CARTESIAN_POINT('Ctrl Pts',(17.3772993864397,2.07156519762641,135.551829669262));
#2151=CARTESIAN_POINT('Ctrl Pts',(17.3705030151691,2.125,135.267103888541));
#2152=CARTESIAN_POINT('Ctrl Pts',(17.3705030151691,2.125,134.732896111459));
#2153=CARTESIAN_POINT('Ctrl Pts',(17.3772993864397,2.07156519762641,134.448170330738));
#2154=CARTESIAN_POINT('Ctrl Pts',(17.4017902044361,1.8546196209776,133.924693298159));
#2155=CARTESIAN_POINT('Ctrl Pts',(17.4191247394349,1.69112315874963,133.685919338707));
#2156=CARTESIAN_POINT('Ctrl Pts',(17.4516186076376,1.31408206262896,133.308878242586));
#2157=CARTESIAN_POINT('Ctrl Pts',(17.4688972110869,1.0753074932794,133.145380682882));
#2158=CARTESIAN_POINT('Ctrl Pts',(17.4932598846929,0.551828398407298,132.928434299829));
#2159=CARTESIAN_POINT('Ctrl Pts',(17.5,0.267101903076933,132.875));
#2160=CARTESIAN_POINT('Ctrl Pts',(17.5,-0.267101903076932,132.875));
#2161=CARTESIAN_POINT('Ctrl Pts',(17.4932598846929,-0.551828398407297,132.928434299829));
#2162=CARTESIAN_POINT('Ctrl Pts',(17.4688972110869,-1.07530749327939,133.145380682882));
#2163=CARTESIAN_POINT('Ctrl Pts',(17.4516186076376,-1.31408206262896,133.308878242586));
#2164=CARTESIAN_POINT('Ctrl Pts',(17.4191247394349,-1.69112315874963,133.685919338707));
#2165=CARTESIAN_POINT('Ctrl Pts',(17.4017902044361,-1.8546196209776,133.924693298159));
#2166=CARTESIAN_POINT('Ctrl Pts',(17.3772993864397,-2.07156519762641,134.448170330738));
#2167=CARTESIAN_POINT('Ctrl Pts',(17.3705030151691,-2.125,134.732896111459));
#2168=CARTESIAN_POINT('Ctrl Pts',(17.3705030151691,-2.125,135.));
#2169=CARTESIAN_POINT('',(15.3536437043459,-2.125,135.));
#2170=CARTESIAN_POINT('',(0.,-2.125,135.));
#2171=CARTESIAN_POINT('Ctrl Pts',(15.3536437043459,-2.125,135.));
#2172=CARTESIAN_POINT('Ctrl Pts',(15.3536437043459,-2.125,134.732816985953));
#2173=CARTESIAN_POINT('Ctrl Pts',(15.3613380211281,-2.07153442296675,134.448057935156));
#2174=CARTESIAN_POINT('Ctrl Pts',(15.3890397252634,-1.85456649960623,133.924603272284));
#2175=CARTESIAN_POINT('Ctrl Pts',(15.4086372670477,-1.69108233531797,133.685878515275));
#2176=CARTESIAN_POINT('Ctrl Pts',(15.4453533381347,-1.3141237699804,133.308919949938));
#2177=CARTESIAN_POINT('Ctrl Pts',(15.4648702051808,-1.07539802311048,133.145433993783));
#2178=CARTESIAN_POINT('Ctrl Pts',(15.4923869565695,-0.551939993793635,132.928464762141));
#2179=CARTESIAN_POINT('Ctrl Pts',(15.5,-0.267179774551593,132.875));
#2180=CARTESIAN_POINT('Ctrl Pts',(15.5,0.267179774551592,132.875));
#2181=CARTESIAN_POINT('Ctrl Pts',(15.4923869565695,0.551939993793637,132.92846476214));
#2182=CARTESIAN_POINT('Ctrl Pts',(15.4648702051808,1.07539802311048,133.145433993783));
#2183=CARTESIAN_POINT('Ctrl Pts',(15.4453533381347,1.31412376998039,133.308919949938));
#2184=CARTESIAN_POINT('Ctrl Pts',(15.4086372670477,1.69108233531797,133.685878515275));
#2185=CARTESIAN_POINT('Ctrl Pts',(15.3890397252634,1.85456649960623,133.924603272284));
#2186=CARTESIAN_POINT('Ctrl Pts',(15.3613380211281,2.07153442296674,134.448057935156));
#2187=CARTESIAN_POINT('Ctrl Pts',(15.3536437043459,2.125,134.732816985953));
#2188=CARTESIAN_POINT('Ctrl Pts',(15.3536437043459,2.125,135.267183014047));
#2189=CARTESIAN_POINT('Ctrl Pts',(15.3613380211281,2.07153442296673,135.551942064844));
#2190=CARTESIAN_POINT('Ctrl Pts',(15.3890397252634,1.85456649960622,136.075396727716));
#2191=CARTESIAN_POINT('Ctrl Pts',(15.4086372670477,1.69108233531795,136.314121484725));
#2192=CARTESIAN_POINT('Ctrl Pts',(15.4453533381347,1.31412376998038,136.691080050062));
#2193=CARTESIAN_POINT('Ctrl Pts',(15.4648702051808,1.07539802311047,136.854566006217));
#2194=CARTESIAN_POINT('Ctrl Pts',(15.4923869565695,0.551939993793633,137.07153523786));
#2195=CARTESIAN_POINT('Ctrl Pts',(15.5,0.267179774551591,137.125));
#2196=CARTESIAN_POINT('Ctrl Pts',(15.5,-0.26717977455159,137.125));
#2197=CARTESIAN_POINT('Ctrl Pts',(15.4923869565695,-0.551939993793633,137.07153523786));
#2198=CARTESIAN_POINT('Ctrl Pts',(15.4648702051808,-1.07539802311047,136.854566006217));
#2199=CARTESIAN_POINT('Ctrl Pts',(15.4453533381347,-1.31412376998038,136.691080050062));
#2200=CARTESIAN_POINT('Ctrl Pts',(15.4086372670477,-1.69108233531795,136.314121484725));
#2201=CARTESIAN_POINT('Ctrl Pts',(15.3890397252634,-1.85456649960622,136.075396727716));
#2202=CARTESIAN_POINT('Ctrl Pts',(15.3613380211281,-2.07153442296673,135.551942064844));
#2203=CARTESIAN_POINT('Ctrl Pts',(15.3536437043459,-2.125,135.267183014047));
#2204=CARTESIAN_POINT('Ctrl Pts',(15.3536437043459,-2.125,135.));
#2205=CARTESIAN_POINT('Origin',(0.,0.,135.));
#2206=CARTESIAN_POINT('',(-15.3536437043459,-2.125,135.));
#2207=CARTESIAN_POINT('',(-15.5,-6.43922965910274E-17,137.125));
#2208=CARTESIAN_POINT('Ctrl Pts',(-15.3536437043459,-2.125,135.));
#2209=CARTESIAN_POINT('Ctrl Pts',(-15.3536437043459,-2.125,135.267183014047));
#2210=CARTESIAN_POINT('Ctrl Pts',(-15.3613380211281,-2.07153442296673,135.551942064844));
#2211=CARTESIAN_POINT('Ctrl Pts',(-15.3890397252634,-1.85456649960622,136.075396727716));
#2212=CARTESIAN_POINT('Ctrl Pts',(-15.4086372670477,-1.69108233531795,136.314121484725));
#2213=CARTESIAN_POINT('Ctrl Pts',(-15.4453533381347,-1.31412376998038,136.691080050062));
#2214=CARTESIAN_POINT('Ctrl Pts',(-15.4648702051808,-1.07539802311047,136.854566006217));
#2215=CARTESIAN_POINT('Ctrl Pts',(-15.4923869565695,-0.551939993793628,
137.071535237859));
#2216=CARTESIAN_POINT('Ctrl Pts',(-15.5,-0.267179774551592,137.125));
#2217=CARTESIAN_POINT('Ctrl Pts',(-15.5,-2.0122792321331E-15,137.125));
#2218=CARTESIAN_POINT('',(-17.3705030151691,-2.125,135.));
#2219=CARTESIAN_POINT('',(0.,-2.125,135.));
#2220=CARTESIAN_POINT('',(-17.5,-2.25117791291816E-15,137.125));
#2221=CARTESIAN_POINT('Ctrl Pts',(-17.5,-3.60822483003176E-15,137.125));
#2222=CARTESIAN_POINT('Ctrl Pts',(-17.5,-0.267101903076936,137.125));
#2223=CARTESIAN_POINT('Ctrl Pts',(-17.4932598846929,-0.551828398407298,
137.071565700171));
#2224=CARTESIAN_POINT('Ctrl Pts',(-17.4688972110869,-1.07530749327939,136.854619317118));
#2225=CARTESIAN_POINT('Ctrl Pts',(-17.4516186076376,-1.31408206262896,136.691121757414));
#2226=CARTESIAN_POINT('Ctrl Pts',(-17.4191247394349,-1.69112315874963,136.314080661293));
#2227=CARTESIAN_POINT('Ctrl Pts',(-17.4017902044361,-1.8546196209776,136.075306701841));
#2228=CARTESIAN_POINT('Ctrl Pts',(-17.3772993864397,-2.07156519762641,135.551829669262));
#2229=CARTESIAN_POINT('Ctrl Pts',(-17.3705030151691,-2.125,135.267103888541));
#2230=CARTESIAN_POINT('Ctrl Pts',(-17.3705030151691,-2.125,135.));
#2231=CARTESIAN_POINT('',(-17.5,-8.98093601656253E-16,132.875));
#2232=CARTESIAN_POINT('Ctrl Pts',(-17.5,6.24500451351651E-16,132.875));
#2233=CARTESIAN_POINT('Ctrl Pts',(-17.5,0.267101903076933,132.875));
#2234=CARTESIAN_POINT('Ctrl Pts',(-17.4932598846929,0.551828398407304,132.928434299829));
#2235=CARTESIAN_POINT('Ctrl Pts',(-17.4688972110869,1.0753074932794,133.145380682882));
#2236=CARTESIAN_POINT('Ctrl Pts',(-17.4516186076376,1.31408206262896,133.308878242586));
#2237=CARTESIAN_POINT('Ctrl Pts',(-17.4191247394349,1.69112315874963,133.685919338707));
#2238=CARTESIAN_POINT('Ctrl Pts',(-17.4017902044361,1.8546196209776,133.924693298159));
#2239=CARTESIAN_POINT('Ctrl Pts',(-17.3772993864397,2.07156519762641,134.448170330738));
#2240=CARTESIAN_POINT('Ctrl Pts',(-17.3705030151691,2.125,134.732896111459));
#2241=CARTESIAN_POINT('Ctrl Pts',(-17.3705030151691,2.125,135.267103888541));
#2242=CARTESIAN_POINT('Ctrl Pts',(-17.3772993864397,2.07156519762641,135.551829669262));
#2243=CARTESIAN_POINT('Ctrl Pts',(-17.4017902044361,1.8546196209776,136.075306701841));
#2244=CARTESIAN_POINT('Ctrl Pts',(-17.4191247394349,1.69112315874963,136.314080661293));
#2245=CARTESIAN_POINT('Ctrl Pts',(-17.4516186076376,1.31408206262896,136.691121757414));
#2246=CARTESIAN_POINT('Ctrl Pts',(-17.4688972110869,1.07530749327939,136.854619317118));
#2247=CARTESIAN_POINT('Ctrl Pts',(-17.4932598846929,0.551828398407297,137.071565700171));
#2248=CARTESIAN_POINT('Ctrl Pts',(-17.5,0.267101903076934,137.125));
#2249=CARTESIAN_POINT('Ctrl Pts',(-17.5,1.45716771982052E-15,137.125));
#2250=CARTESIAN_POINT('Ctrl Pts',(-17.3705030151691,-2.125,135.));
#2251=CARTESIAN_POINT('Ctrl Pts',(-17.3705030151691,-2.125,134.732896111459));
#2252=CARTESIAN_POINT('Ctrl Pts',(-17.3772993864397,-2.07156519762641,134.448170330738));
#2253=CARTESIAN_POINT('Ctrl Pts',(-17.4017902044361,-1.8546196209776,133.924693298159));
#2254=CARTESIAN_POINT('Ctrl Pts',(-17.4191247394349,-1.69112315874963,133.685919338707));
#2255=CARTESIAN_POINT('Ctrl Pts',(-17.4516186076376,-1.31408206262896,133.308878242586));
#2256=CARTESIAN_POINT('Ctrl Pts',(-17.4688972110869,-1.07530749327939,133.145380682882));
#2257=CARTESIAN_POINT('Ctrl Pts',(-17.4932598846929,-0.551828398407297,
132.928434299829));
#2258=CARTESIAN_POINT('Ctrl Pts',(-17.5,-0.26710190307693,132.875));
#2259=CARTESIAN_POINT('Ctrl Pts',(-17.5,2.0122792321331E-15,132.875));
#2260=CARTESIAN_POINT('',(-15.5,-8.79712330300127E-16,132.875));
#2261=CARTESIAN_POINT('Ctrl Pts',(-15.5,2.77555756156289E-16,132.875));
#2262=CARTESIAN_POINT('Ctrl Pts',(-15.5,-0.267179774551592,132.875));
#2263=CARTESIAN_POINT('Ctrl Pts',(-15.4923869565695,-0.551939993793635,
132.928464762141));
#2264=CARTESIAN_POINT('Ctrl Pts',(-15.4648702051808,-1.07539802311048,133.145433993783));
#2265=CARTESIAN_POINT('Ctrl Pts',(-15.4453533381347,-1.3141237699804,133.308919949938));
#2266=CARTESIAN_POINT('Ctrl Pts',(-15.4086372670477,-1.69108233531797,133.685878515275));
#2267=CARTESIAN_POINT('Ctrl Pts',(-15.3890397252634,-1.85456649960623,133.924603272284));
#2268=CARTESIAN_POINT('Ctrl Pts',(-15.3613380211281,-2.07153442296675,134.448057935156));
#2269=CARTESIAN_POINT('Ctrl Pts',(-15.3536437043459,-2.125,134.732816985953));
#2270=CARTESIAN_POINT('Ctrl Pts',(-15.3536437043459,-2.125,135.));
#2271=CARTESIAN_POINT('Ctrl Pts',(-15.5,6.24500451351651E-16,137.125));
#2272=CARTESIAN_POINT('Ctrl Pts',(-15.5,0.267179774551591,137.125));
#2273=CARTESIAN_POINT('Ctrl Pts',(-15.4923869565695,0.551939993793633,137.07153523786));
#2274=CARTESIAN_POINT('Ctrl Pts',(-15.4648702051808,1.07539802311047,136.854566006217));
#2275=CARTESIAN_POINT('Ctrl Pts',(-15.4453533381347,1.31412376998038,136.691080050062));
#2276=CARTESIAN_POINT('Ctrl Pts',(-15.4086372670477,1.69108233531795,136.314121484725));
#2277=CARTESIAN_POINT('Ctrl Pts',(-15.3890397252634,1.85456649960622,136.075396727716));
#2278=CARTESIAN_POINT('Ctrl Pts',(-15.3613380211281,2.07153442296673,135.551942064844));
#2279=CARTESIAN_POINT('Ctrl Pts',(-15.3536437043459,2.125,135.267183014047));
#2280=CARTESIAN_POINT('Ctrl Pts',(-15.3536437043459,2.125,134.732816985953));
#2281=CARTESIAN_POINT('Ctrl Pts',(-15.3613380211281,2.07153442296674,134.448057935156));
#2282=CARTESIAN_POINT('Ctrl Pts',(-15.3890397252634,1.85456649960623,133.924603272284));
#2283=CARTESIAN_POINT('Ctrl Pts',(-15.4086372670477,1.69108233531797,133.685878515275));
#2284=CARTESIAN_POINT('Ctrl Pts',(-15.4453533381347,1.31412376998039,133.308919949938));
#2285=CARTESIAN_POINT('Ctrl Pts',(-15.4648702051808,1.07539802311048,133.145433993783));
#2286=CARTESIAN_POINT('Ctrl Pts',(-15.4923869565695,0.551939993793637,132.92846476214));
#2287=CARTESIAN_POINT('Ctrl Pts',(-15.5,0.267179774551593,132.875));
#2288=CARTESIAN_POINT('Ctrl Pts',(-15.5,6.93889390390723E-17,132.875));
#2289=CARTESIAN_POINT('Origin',(0.,0.,0.));
#2290=CARTESIAN_POINT('',(-15.5,-1.8982025386784E-15,0.));
#2291=CARTESIAN_POINT('',(-15.5,-1.8982025386784E-15,0.));
#2292=CARTESIAN_POINT('',(-15.5,-1.8982025386784E-15,0.));
#2293=CARTESIAN_POINT('',(-15.5,-1.8982025386784E-15,0.));
#2294=CARTESIAN_POINT('',(-15.5,-1.8982025386784E-15,0.));
#2295=CARTESIAN_POINT('',(-15.5,-1.8982025386784E-15,0.));
#2296=CARTESIAN_POINT('',(-15.5,-1.8982025386784E-15,0.));
#2297=CARTESIAN_POINT('',(-15.5,-1.8982025386784E-15,0.));
#2298=CARTESIAN_POINT('',(-15.5,-1.8982025386784E-15,0.));
#2299=CARTESIAN_POINT('',(-15.5,-1.8982025386784E-15,0.));
#2300=CARTESIAN_POINT('Origin',(0.,0.,0.));
#2301=CARTESIAN_POINT('Origin',(0.,0.,0.));
#2302=CARTESIAN_POINT('',(-17.5,-2.14313189850787E-15,0.));
#2303=CARTESIAN_POINT('',(-17.5,-2.14313189850787E-15,0.));
#2304=CARTESIAN_POINT('',(-17.5,-2.14313189850787E-15,0.));
#2305=CARTESIAN_POINT('',(-17.5,-2.14313189850787E-15,0.));
#2306=CARTESIAN_POINT('',(-17.5,-2.14313189850787E-15,0.));
#2307=CARTESIAN_POINT('',(-17.5,-2.14313189850787E-15,0.));
#2308=CARTESIAN_POINT('',(-17.5,-2.14313189850787E-15,0.));
#2309=CARTESIAN_POINT('',(-17.5,-2.14313189850787E-15,0.));
#2310=CARTESIAN_POINT('',(-17.5,-2.14313189850787E-15,0.));
#2311=CARTESIAN_POINT('',(-17.5,-2.14313189850787E-15,0.));
#2312=CARTESIAN_POINT('Origin',(0.,0.,0.));
#2313=CARTESIAN_POINT('Origin',(0.,0.,0.));
#2314=UNCERTAINTY_MEASURE_WITH_UNIT(LENGTH_MEASURE(0.01),#2318,
'DISTANCE_ACCURACY_VALUE',
'Maximum model space distance between geometric entities at asserted c
onnectivities');
#2315=UNCERTAINTY_MEASURE_WITH_UNIT(LENGTH_MEASURE(0.01),#2318,
'DISTANCE_ACCURACY_VALUE',
'Maximum model space distance between geometric entities at asserted c
onnectivities');
#2316=(
GEOMETRIC_REPRESENTATION_CONTEXT(3)
GLOBAL_UNCERTAINTY_ASSIGNED_CONTEXT((#2314))
GLOBAL_UNIT_ASSIGNED_CONTEXT((#2318,#2320,#2321))
REPRESENTATION_CONTEXT('','3D')
);
#2317=(
GEOMETRIC_REPRESENTATION_CONTEXT(3)
GLOBAL_UNCERTAINTY_ASSIGNED_CONTEXT((#2315))
GLOBAL_UNIT_ASSIGNED_CONTEXT((#2318,#2320,#2321))
REPRESENTATION_CONTEXT('','3D')
);
#2318=(
LENGTH_UNIT()
NAMED_UNIT(*)
SI_UNIT(.MILLI.,.METRE.)
);
#2319=(
LENGTH_UNIT()
NAMED_UNIT(*)
SI_UNIT($,.METRE.)
);
#2320=(
NAMED_UNIT(*)
PLANE_ANGLE_UNIT()
SI_UNIT($,.RADIAN.)
);
#2321=(
NAMED_UNIT(*)
SI_UNIT($,.STERADIAN.)
SOLID_ANGLE_UNIT()
);
#2322=SHAPE_DEFINITION_REPRESENTATION(#2323,#2324);
#2323=PRODUCT_DEFINITION_SHAPE('',$,#2326);
#2324=SHAPE_REPRESENTATION('',(#794),#2316);
#2325=PRODUCT_DEFINITION_CONTEXT('part definition',#2330,'design');
#2326=PRODUCT_DEFINITION('2026-09-06-20-02-23-909',
'Satellite mount rod',#2327,#2325);
#2327=PRODUCT_DEFINITION_FORMATION('',$,#2332);
#2328=PRODUCT_RELATED_PRODUCT_CATEGORY('Satellite mount rod',
'Satellite mount rod',(#2332));
#2329=APPLICATION_PROTOCOL_DEFINITION('international standard',
'automotive_design',2009,#2330);
#2330=APPLICATION_CONTEXT(
'Core Data for Automotive Mechanical Design Process');
#2331=PRODUCT_CONTEXT('part definition',#2330,'mechanical');
#2332=PRODUCT('2026-09-06-20-02-23-909','Satellite mount rod',$,(#2331));
#2333=PRESENTATION_STYLE_ASSIGNMENT((#2334));
#2334=SURFACE_STYLE_USAGE(.BOTH.,#2335);
#2335=SURFACE_SIDE_STYLE('',(#2336));
#2336=SURFACE_STYLE_FILL_AREA(#2337);
#2337=FILL_AREA_STYLE('Steel - Satin',(#2338));
#2338=FILL_AREA_STYLE_COLOUR('Steel - Satin',#2339);
#2339=COLOUR_RGB('Steel - Satin',0.627450980392157,0.627450980392157,0.627450980392157);
ENDSEC;
END-ISO-10303-21;
