ISO-10303-21;
HEADER;
/* Generated by software containing ST-Developer
 * from STEP Tools, Inc. (www.steptools.com) 
 */

FILE_DESCRIPTION(
/* description */ (''),
/* implementation_level */ '2;1');

FILE_NAME(
/* name */ 'limit switch.step',
/* time_stamp */ '2026-09-08T22:03:42+05:30',
/* author */ (''),
/* organization */ (''),
/* preprocessor_version */ 'ST-DEVELOPER v20.2',
/* originating_system */ 'Autodesk Translation Framework v15.15.0.0',
/* authorisation */ '');

FILE_SCHEMA (('AUTOMOTIVE_DESIGN { 1 0 10303 214 3 1 1 }'));
ENDSEC;

DATA;
#10=MECHANICAL_DESIGN_GEOMETRIC_PRESENTATION_REPRESENTATION('',(#17,#18,
#19,#20,#21,#22,#23,#24,#25),#2491);
#11=SHAPE_REPRESENTATION_RELATIONSHIP('SRR','None',#2498,#12);
#12=ADVANCED_BREP_SHAPE_REPRESENTATION('',(#26,#27,#28,#29,#30,#31,#32,
#33,#34),#2490);
#13=ELLIPSE('',#1572,0.14142135623731,0.1);
#14=ELLIPSE('',#1573,0.14142135623731,0.1);
#15=ELLIPSE('',#1575,0.14142135623731,0.1);
#16=ELLIPSE('',#1577,0.14142135623731,0.1);
#17=STYLED_ITEM('',(#2508),#26);
#18=STYLED_ITEM('',(#2509),#27);
#19=STYLED_ITEM('',(#2510),#28);
#20=STYLED_ITEM('',(#2511),#29);
#21=STYLED_ITEM('',(#2509),#30);
#22=STYLED_ITEM('',(#2511),#31);
#23=STYLED_ITEM('',(#2511),#32);
#24=STYLED_ITEM('',(#2511),#33);
#25=STYLED_ITEM('',(#2511),#34);
#26=MANIFOLD_SOLID_BREP('Body1',#1515);
#27=MANIFOLD_SOLID_BREP('Body2',#1516);
#28=MANIFOLD_SOLID_BREP('Body3',#1517);
#29=MANIFOLD_SOLID_BREP('Body4',#1518);
#30=MANIFOLD_SOLID_BREP('Body5',#1519);
#31=MANIFOLD_SOLID_BREP('Body6',#1520);
#32=MANIFOLD_SOLID_BREP('Body7',#1521);
#33=MANIFOLD_SOLID_BREP('Body8',#1522);
#34=MANIFOLD_SOLID_BREP('Body9',#1523);
#35=FACE_BOUND('',#193,.T.);
#36=FACE_BOUND('',#194,.T.);
#37=FACE_BOUND('',#197,.T.);
#38=FACE_BOUND('',#198,.T.);
#39=FACE_BOUND('',#213,.T.);
#40=FACE_BOUND('',#228,.T.);
#41=FACE_BOUND('',#231,.T.);
#42=FACE_BOUND('',#237,.T.);
#43=FACE_BOUND('',#248,.T.);
#44=FACE_BOUND('',#252,.T.);
#45=FACE_BOUND('',#254,.T.);
#46=FACE_BOUND('',#256,.T.);
#47=FACE_BOUND('',#260,.T.);
#48=CIRCLE('',#1547,0.95);
#49=CIRCLE('',#1548,0.95);
#50=CIRCLE('',#1550,0.95);
#51=CIRCLE('',#1551,0.95);
#52=CIRCLE('',#1586,0.5);
#53=CIRCLE('',#1587,0.5);
#54=CIRCLE('',#1589,0.5);
#55=CIRCLE('',#1590,0.5);
#56=CIRCLE('',#1592,1.5);
#57=CIRCLE('',#1594,1.5);
#58=CIRCLE('',#1596,1.5);
#59=CIRCLE('',#1598,1.5);
#60=CIRCLE('',#1601,0.5);
#61=CIRCLE('',#1602,0.5);
#62=CIRCLE('',#1606,0.5);
#63=CIRCLE('',#1607,0.5);
#64=CIRCLE('',#1618,0.5);
#65=CIRCLE('',#1619,0.5);
#66=CIRCLE('',#1621,2.);
#67=CIRCLE('',#1622,2.);
#68=CIRCLE('',#1626,0.600000000000001);
#69=CIRCLE('',#1627,0.4);
#70=CIRCLE('',#1629,0.600000000000001);
#71=CIRCLE('',#1632,0.600000000000001);
#72=CIRCLE('',#1633,0.4);
#73=CIRCLE('',#1635,0.600000000000001);
#74=CYLINDRICAL_SURFACE('',#1546,0.95);
#75=CYLINDRICAL_SURFACE('',#1549,0.95);
#76=CYLINDRICAL_SURFACE('',#1571,0.1);
#77=CYLINDRICAL_SURFACE('',#1574,0.1);
#78=CYLINDRICAL_SURFACE('',#1576,0.1);
#79=CYLINDRICAL_SURFACE('',#1578,0.1);
#80=CYLINDRICAL_SURFACE('',#1585,0.5);
#81=CYLINDRICAL_SURFACE('',#1588,0.5);
#82=CYLINDRICAL_SURFACE('',#1593,1.5);
#83=CYLINDRICAL_SURFACE('',#1597,1.5);
#84=CYLINDRICAL_SURFACE('',#1600,0.5);
#85=CYLINDRICAL_SURFACE('',#1605,0.5);
#86=CYLINDRICAL_SURFACE('',#1617,0.5);
#87=CYLINDRICAL_SURFACE('',#1620,2.);
#88=CYLINDRICAL_SURFACE('',#1628,0.600000000000001);
#89=CYLINDRICAL_SURFACE('',#1634,0.600000000000001);
#90=CYLINDRICAL_SURFACE('',#1637,0.4);
#91=FACE_OUTER_BOUND('',#180,.T.);
#92=FACE_OUTER_BOUND('',#181,.T.);
#93=FACE_OUTER_BOUND('',#182,.T.);
#94=FACE_OUTER_BOUND('',#183,.T.);
#95=FACE_OUTER_BOUND('',#184,.T.);
#96=FACE_OUTER_BOUND('',#185,.T.);
#97=FACE_OUTER_BOUND('',#186,.T.);
#98=FACE_OUTER_BOUND('',#187,.T.);
#99=FACE_OUTER_BOUND('',#188,.T.);
#100=FACE_OUTER_BOUND('',#189,.T.);
#101=FACE_OUTER_BOUND('',#190,.T.);
#102=FACE_OUTER_BOUND('',#191,.T.);
#103=FACE_OUTER_BOUND('',#192,.T.);
#104=FACE_OUTER_BOUND('',#195,.T.);
#105=FACE_OUTER_BOUND('',#196,.T.);
#106=FACE_OUTER_BOUND('',#199,.T.);
#107=FACE_OUTER_BOUND('',#200,.T.);
#108=FACE_OUTER_BOUND('',#201,.T.);
#109=FACE_OUTER_BOUND('',#202,.T.);
#110=FACE_OUTER_BOUND('',#203,.T.);
#111=FACE_OUTER_BOUND('',#204,.T.);
#112=FACE_OUTER_BOUND('',#205,.T.);
#113=FACE_OUTER_BOUND('',#206,.T.);
#114=FACE_OUTER_BOUND('',#207,.T.);
#115=FACE_OUTER_BOUND('',#208,.T.);
#116=FACE_OUTER_BOUND('',#209,.T.);
#117=FACE_OUTER_BOUND('',#210,.T.);
#118=FACE_OUTER_BOUND('',#211,.T.);
#119=FACE_OUTER_BOUND('',#212,.T.);
#120=FACE_OUTER_BOUND('',#214,.T.);
#121=FACE_OUTER_BOUND('',#215,.T.);
#122=FACE_OUTER_BOUND('',#216,.T.);
#123=FACE_OUTER_BOUND('',#217,.T.);
#124=FACE_OUTER_BOUND('',#218,.T.);
#125=FACE_OUTER_BOUND('',#219,.T.);
#126=FACE_OUTER_BOUND('',#220,.T.);
#127=FACE_OUTER_BOUND('',#221,.T.);
#128=FACE_OUTER_BOUND('',#222,.T.);
#129=FACE_OUTER_BOUND('',#223,.T.);
#130=FACE_OUTER_BOUND('',#224,.T.);
#131=FACE_OUTER_BOUND('',#225,.T.);
#132=FACE_OUTER_BOUND('',#226,.T.);
#133=FACE_OUTER_BOUND('',#227,.T.);
#134=FACE_OUTER_BOUND('',#229,.T.);
#135=FACE_OUTER_BOUND('',#230,.T.);
#136=FACE_OUTER_BOUND('',#232,.T.);
#137=FACE_OUTER_BOUND('',#233,.T.);
#138=FACE_OUTER_BOUND('',#234,.T.);
#139=FACE_OUTER_BOUND('',#235,.T.);
#140=FACE_OUTER_BOUND('',#236,.T.);
#141=FACE_OUTER_BOUND('',#238,.T.);
#142=FACE_OUTER_BOUND('',#239,.T.);
#143=FACE_OUTER_BOUND('',#240,.T.);
#144=FACE_OUTER_BOUND('',#241,.T.);
#145=FACE_OUTER_BOUND('',#242,.T.);
#146=FACE_OUTER_BOUND('',#243,.T.);
#147=FACE_OUTER_BOUND('',#244,.T.);
#148=FACE_OUTER_BOUND('',#245,.T.);
#149=FACE_OUTER_BOUND('',#246,.T.);
#150=FACE_OUTER_BOUND('',#247,.T.);
#151=FACE_OUTER_BOUND('',#249,.T.);
#152=FACE_OUTER_BOUND('',#250,.T.);
#153=FACE_OUTER_BOUND('',#251,.T.);
#154=FACE_OUTER_BOUND('',#253,.T.);
#155=FACE_OUTER_BOUND('',#255,.T.);
#156=FACE_OUTER_BOUND('',#257,.T.);
#157=FACE_OUTER_BOUND('',#258,.T.);
#158=FACE_OUTER_BOUND('',#259,.T.);
#159=FACE_OUTER_BOUND('',#261,.T.);
#160=FACE_OUTER_BOUND('',#262,.T.);
#161=FACE_OUTER_BOUND('',#263,.T.);
#162=FACE_OUTER_BOUND('',#264,.T.);
#163=FACE_OUTER_BOUND('',#265,.T.);
#164=FACE_OUTER_BOUND('',#266,.T.);
#165=FACE_OUTER_BOUND('',#267,.T.);
#166=FACE_OUTER_BOUND('',#268,.T.);
#167=FACE_OUTER_BOUND('',#269,.T.);
#168=FACE_OUTER_BOUND('',#270,.T.);
#169=FACE_OUTER_BOUND('',#271,.T.);
#170=FACE_OUTER_BOUND('',#272,.T.);
#171=FACE_OUTER_BOUND('',#273,.T.);
#172=FACE_OUTER_BOUND('',#274,.T.);
#173=FACE_OUTER_BOUND('',#275,.T.);
#174=FACE_OUTER_BOUND('',#276,.T.);
#175=FACE_OUTER_BOUND('',#277,.T.);
#176=FACE_OUTER_BOUND('',#278,.T.);
#177=FACE_OUTER_BOUND('',#279,.T.);
#178=FACE_OUTER_BOUND('',#280,.T.);
#179=FACE_OUTER_BOUND('',#281,.T.);
#180=EDGE_LOOP('',(#954,#955,#956,#957));
#181=EDGE_LOOP('',(#958,#959,#960,#961));
#182=EDGE_LOOP('',(#962,#963,#964,#965));
#183=EDGE_LOOP('',(#966,#967,#968,#969));
#184=EDGE_LOOP('',(#970,#971,#972,#973));
#185=EDGE_LOOP('',(#974,#975,#976,#977));
#186=EDGE_LOOP('',(#978,#979,#980,#981));
#187=EDGE_LOOP('',(#982,#983,#984,#985));
#188=EDGE_LOOP('',(#986,#987,#988,#989));
#189=EDGE_LOOP('',(#990,#991,#992,#993));
#190=EDGE_LOOP('',(#994,#995,#996,#997));
#191=EDGE_LOOP('',(#998,#999,#1000,#1001));
#192=EDGE_LOOP('',(#1002,#1003,#1004,#1005,#1006,#1007,#1008,#1009,#1010,
#1011,#1012,#1013));
#193=EDGE_LOOP('',(#1014));
#194=EDGE_LOOP('',(#1015));
#195=EDGE_LOOP('',(#1016,#1017,#1018,#1019));
#196=EDGE_LOOP('',(#1020,#1021,#1022,#1023,#1024,#1025,#1026,#1027,#1028,
#1029,#1030,#1031));
#197=EDGE_LOOP('',(#1032));
#198=EDGE_LOOP('',(#1033));
#199=EDGE_LOOP('',(#1034,#1035,#1036,#1037));
#200=EDGE_LOOP('',(#1038,#1039,#1040,#1041));
#201=EDGE_LOOP('',(#1042,#1043,#1044,#1045));
#202=EDGE_LOOP('',(#1046,#1047,#1048,#1049));
#203=EDGE_LOOP('',(#1050,#1051,#1052,#1053));
#204=EDGE_LOOP('',(#1054,#1055,#1056,#1057));
#205=EDGE_LOOP('',(#1058,#1059,#1060));
#206=EDGE_LOOP('',(#1061,#1062,#1063));
#207=EDGE_LOOP('',(#1064,#1065,#1066,#1067,#1068,#1069,#1070,#1071));
#208=EDGE_LOOP('',(#1072,#1073,#1074,#1075));
#209=EDGE_LOOP('',(#1076,#1077,#1078,#1079));
#210=EDGE_LOOP('',(#1080,#1081,#1082,#1083));
#211=EDGE_LOOP('',(#1084,#1085,#1086,#1087));
#212=EDGE_LOOP('',(#1088,#1089,#1090,#1091));
#213=EDGE_LOOP('',(#1092,#1093,#1094,#1095,#1096,#1097,#1098,#1099));
#214=EDGE_LOOP('',(#1100,#1101,#1102,#1103));
#215=EDGE_LOOP('',(#1104,#1105,#1106,#1107));
#216=EDGE_LOOP('',(#1108,#1109,#1110,#1111));
#217=EDGE_LOOP('',(#1112,#1113,#1114,#1115));
#218=EDGE_LOOP('',(#1116,#1117,#1118,#1119));
#219=EDGE_LOOP('',(#1120,#1121,#1122,#1123));
#220=EDGE_LOOP('',(#1124,#1125,#1126,#1127));
#221=EDGE_LOOP('',(#1128,#1129,#1130,#1131));
#222=EDGE_LOOP('',(#1132,#1133,#1134,#1135));
#223=EDGE_LOOP('',(#1136,#1137,#1138,#1139));
#224=EDGE_LOOP('',(#1140,#1141,#1142,#1143));
#225=EDGE_LOOP('',(#1144,#1145,#1146,#1147));
#226=EDGE_LOOP('',(#1148,#1149,#1150,#1151));
#227=EDGE_LOOP('',(#1152,#1153,#1154,#1155));
#228=EDGE_LOOP('',(#1156));
#229=EDGE_LOOP('',(#1157,#1158,#1159,#1160));
#230=EDGE_LOOP('',(#1161,#1162,#1163,#1164));
#231=EDGE_LOOP('',(#1165));
#232=EDGE_LOOP('',(#1166,#1167,#1168,#1169));
#233=EDGE_LOOP('',(#1170,#1171,#1172,#1173));
#234=EDGE_LOOP('',(#1174,#1175,#1176,#1177));
#235=EDGE_LOOP('',(#1178,#1179,#1180,#1181,#1182,#1183,#1184,#1185,#1186,
#1187,#1188,#1189));
#236=EDGE_LOOP('',(#1190,#1191,#1192,#1193,#1194,#1195,#1196));
#237=EDGE_LOOP('',(#1197));
#238=EDGE_LOOP('',(#1198,#1199,#1200,#1201));
#239=EDGE_LOOP('',(#1202,#1203,#1204,#1205,#1206));
#240=EDGE_LOOP('',(#1207,#1208,#1209,#1210,#1211));
#241=EDGE_LOOP('',(#1212,#1213,#1214,#1215));
#242=EDGE_LOOP('',(#1216,#1217,#1218,#1219));
#243=EDGE_LOOP('',(#1220,#1221,#1222,#1223));
#244=EDGE_LOOP('',(#1224,#1225,#1226,#1227,#1228,#1229,#1230,#1231));
#245=EDGE_LOOP('',(#1232,#1233,#1234,#1235,#1236,#1237,#1238,#1239));
#246=EDGE_LOOP('',(#1240,#1241,#1242,#1243));
#247=EDGE_LOOP('',(#1244,#1245,#1246,#1247,#1248,#1249,#1250));
#248=EDGE_LOOP('',(#1251));
#249=EDGE_LOOP('',(#1252,#1253,#1254,#1255));
#250=EDGE_LOOP('',(#1256,#1257,#1258,#1259));
#251=EDGE_LOOP('',(#1260));
#252=EDGE_LOOP('',(#1261));
#253=EDGE_LOOP('',(#1262));
#254=EDGE_LOOP('',(#1263));
#255=EDGE_LOOP('',(#1264));
#256=EDGE_LOOP('',(#1265));
#257=EDGE_LOOP('',(#1266,#1267,#1268,#1269));
#258=EDGE_LOOP('',(#1270));
#259=EDGE_LOOP('',(#1271));
#260=EDGE_LOOP('',(#1272));
#261=EDGE_LOOP('',(#1273,#1274,#1275,#1276));
#262=EDGE_LOOP('',(#1277));
#263=EDGE_LOOP('',(#1278,#1279,#1280,#1281));
#264=EDGE_LOOP('',(#1282,#1283,#1284,#1285));
#265=EDGE_LOOP('',(#1286,#1287,#1288,#1289));
#266=EDGE_LOOP('',(#1290,#1291,#1292,#1293));
#267=EDGE_LOOP('',(#1294,#1295,#1296,#1297));
#268=EDGE_LOOP('',(#1298,#1299,#1300,#1301));
#269=EDGE_LOOP('',(#1302,#1303,#1304,#1305));
#270=EDGE_LOOP('',(#1306,#1307,#1308,#1309));
#271=EDGE_LOOP('',(#1310,#1311,#1312,#1313));
#272=EDGE_LOOP('',(#1314,#1315,#1316,#1317));
#273=EDGE_LOOP('',(#1318,#1319,#1320,#1321));
#274=EDGE_LOOP('',(#1322,#1323,#1324,#1325));
#275=EDGE_LOOP('',(#1326,#1327,#1328,#1329));
#276=EDGE_LOOP('',(#1330,#1331,#1332,#1333));
#277=EDGE_LOOP('',(#1334,#1335,#1336,#1337));
#278=EDGE_LOOP('',(#1338,#1339,#1340,#1341));
#279=EDGE_LOOP('',(#1342,#1343,#1344,#1345));
#280=EDGE_LOOP('',(#1346,#1347,#1348,#1349));
#281=EDGE_LOOP('',(#1350,#1351,#1352,#1353));
#282=LINE('',#2070,#452);
#283=LINE('',#2072,#453);
#284=LINE('',#2074,#454);
#285=LINE('',#2075,#455);
#286=LINE('',#2078,#456);
#287=LINE('',#2080,#457);
#288=LINE('',#2081,#458);
#289=LINE('',#2084,#459);
#290=LINE('',#2086,#460);
#291=LINE('',#2087,#461);
#292=LINE('',#2090,#462);
#293=LINE('',#2092,#463);
#294=LINE('',#2093,#464);
#295=LINE('',#2096,#465);
#296=LINE('',#2098,#466);
#297=LINE('',#2099,#467);
#298=LINE('',#2102,#468);
#299=LINE('',#2104,#469);
#300=LINE('',#2105,#470);
#301=LINE('',#2108,#471);
#302=LINE('',#2110,#472);
#303=LINE('',#2111,#473);
#304=LINE('',#2114,#474);
#305=LINE('',#2116,#475);
#306=LINE('',#2117,#476);
#307=LINE('',#2120,#477);
#308=LINE('',#2122,#478);
#309=LINE('',#2123,#479);
#310=LINE('',#2128,#480);
#311=LINE('',#2134,#481);
#312=LINE('',#2138,#482);
#313=LINE('',#2140,#483);
#314=LINE('',#2141,#484);
#315=LINE('',#2144,#485);
#316=LINE('',#2145,#486);
#317=LINE('',#2148,#487);
#318=LINE('',#2149,#488);
#319=LINE('',#2151,#489);
#320=LINE('',#2156,#490);
#321=LINE('',#2158,#491);
#322=LINE('',#2160,#492);
#323=LINE('',#2161,#493);
#324=LINE('',#2164,#494);
#325=LINE('',#2166,#495);
#326=LINE('',#2167,#496);
#327=LINE('',#2170,#497);
#328=LINE('',#2172,#498);
#329=LINE('',#2173,#499);
#330=LINE('',#2176,#500);
#331=LINE('',#2178,#501);
#332=LINE('',#2179,#502);
#333=LINE('',#2182,#503);
#334=LINE('',#2184,#504);
#335=LINE('',#2185,#505);
#336=LINE('',#2188,#506);
#337=LINE('',#2189,#507);
#338=LINE('',#2192,#508);
#339=LINE('',#2193,#509);
#340=LINE('',#2195,#510);
#341=LINE('',#2199,#511);
#342=LINE('',#2201,#512);
#343=LINE('',#2203,#513);
#344=LINE('',#2204,#514);
#345=LINE('',#2207,#515);
#346=LINE('',#2209,#516);
#347=LINE('',#2210,#517);
#348=LINE('',#2213,#518);
#349=LINE('',#2215,#519);
#350=LINE('',#2216,#520);
#351=LINE('',#2218,#521);
#352=LINE('',#2219,#522);
#353=LINE('',#2225,#523);
#354=LINE('',#2229,#524);
#355=LINE('',#2233,#525);
#356=LINE('',#2236,#526);
#357=LINE('',#2239,#527);
#358=LINE('',#2242,#528);
#359=LINE('',#2244,#529);
#360=LINE('',#2245,#530);
#361=LINE('',#2248,#531);
#362=LINE('',#2250,#532);
#363=LINE('',#2251,#533);
#364=LINE('',#2254,#534);
#365=LINE('',#2255,#535);
#366=LINE('',#2259,#536);
#367=LINE('',#2260,#537);
#368=LINE('',#2262,#538);
#369=LINE('',#2268,#539);
#370=LINE('',#2274,#540);
#371=LINE('',#2281,#541);
#372=LINE('',#2283,#542);
#373=LINE('',#2284,#543);
#374=LINE('',#2289,#544);
#375=LINE('',#2290,#545);
#376=LINE('',#2296,#546);
#377=LINE('',#2298,#547);
#378=LINE('',#2299,#548);
#379=LINE('',#2302,#549);
#380=LINE('',#2305,#550);
#381=LINE('',#2308,#551);
#382=LINE('',#2309,#552);
#383=LINE('',#2315,#553);
#384=LINE('',#2318,#554);
#385=LINE('',#2321,#555);
#386=LINE('',#2322,#556);
#387=LINE('',#2323,#557);
#388=LINE('',#2325,#558);
#389=LINE('',#2327,#559);
#390=LINE('',#2329,#560);
#391=LINE('',#2331,#561);
#392=LINE('',#2332,#562);
#393=LINE('',#2334,#563);
#394=LINE('',#2336,#564);
#395=LINE('',#2338,#565);
#396=LINE('',#2339,#566);
#397=LINE('',#2345,#567);
#398=LINE('',#2348,#568);
#399=LINE('',#2350,#569);
#400=LINE('',#2351,#570);
#401=LINE('',#2354,#571);
#402=LINE('',#2356,#572);
#403=LINE('',#2357,#573);
#404=LINE('',#2359,#574);
#405=LINE('',#2361,#575);
#406=LINE('',#2365,#576);
#407=LINE('',#2367,#577);
#408=LINE('',#2368,#578);
#409=LINE('',#2370,#579);
#410=LINE('',#2372,#580);
#411=LINE('',#2378,#581);
#412=LINE('',#2384,#582);
#413=LINE('',#2396,#583);
#414=LINE('',#2406,#584);
#415=LINE('',#2409,#585);
#416=LINE('',#2413,#586);
#417=LINE('',#2415,#587);
#418=LINE('',#2417,#588);
#419=LINE('',#2418,#589);
#420=LINE('',#2421,#590);
#421=LINE('',#2423,#591);
#422=LINE('',#2424,#592);
#423=LINE('',#2427,#593);
#424=LINE('',#2429,#594);
#425=LINE('',#2430,#595);
#426=LINE('',#2432,#596);
#427=LINE('',#2433,#597);
#428=LINE('',#2439,#598);
#429=LINE('',#2441,#599);
#430=LINE('',#2443,#600);
#431=LINE('',#2444,#601);
#432=LINE('',#2447,#602);
#433=LINE('',#2449,#603);
#434=LINE('',#2450,#604);
#435=LINE('',#2453,#605);
#436=LINE('',#2455,#606);
#437=LINE('',#2456,#607);
#438=LINE('',#2458,#608);
#439=LINE('',#2459,#609);
#440=LINE('',#2465,#610);
#441=LINE('',#2467,#611);
#442=LINE('',#2469,#612);
#443=LINE('',#2470,#613);
#444=LINE('',#2473,#614);
#445=LINE('',#2475,#615);
#446=LINE('',#2476,#616);
#447=LINE('',#2479,#617);
#448=LINE('',#2481,#618);
#449=LINE('',#2482,#619);
#450=LINE('',#2484,#620);
#451=LINE('',#2485,#621);
#452=VECTOR('',#1660,10.);
#453=VECTOR('',#1661,10.);
#454=VECTOR('',#1662,10.);
#455=VECTOR('',#1663,10.);
#456=VECTOR('',#1666,10.);
#457=VECTOR('',#1667,10.);
#458=VECTOR('',#1668,10.);
#459=VECTOR('',#1671,10.);
#460=VECTOR('',#1672,10.);
#461=VECTOR('',#1673,10.);
#462=VECTOR('',#1676,10.);
#463=VECTOR('',#1677,10.);
#464=VECTOR('',#1678,10.);
#465=VECTOR('',#1681,10.);
#466=VECTOR('',#1682,10.);
#467=VECTOR('',#1683,10.);
#468=VECTOR('',#1686,10.);
#469=VECTOR('',#1687,10.);
#470=VECTOR('',#1688,10.);
#471=VECTOR('',#1691,10.);
#472=VECTOR('',#1692,10.);
#473=VECTOR('',#1693,10.);
#474=VECTOR('',#1696,10.);
#475=VECTOR('',#1697,10.);
#476=VECTOR('',#1698,10.);
#477=VECTOR('',#1701,10.);
#478=VECTOR('',#1702,10.);
#479=VECTOR('',#1703,10.);
#480=VECTOR('',#1708,0.95);
#481=VECTOR('',#1715,0.95);
#482=VECTOR('',#1720,10.);
#483=VECTOR('',#1721,10.);
#484=VECTOR('',#1722,10.);
#485=VECTOR('',#1725,10.);
#486=VECTOR('',#1726,10.);
#487=VECTOR('',#1729,10.);
#488=VECTOR('',#1730,10.);
#489=VECTOR('',#1733,10.);
#490=VECTOR('',#1738,10.);
#491=VECTOR('',#1739,10.);
#492=VECTOR('',#1740,10.);
#493=VECTOR('',#1741,10.);
#494=VECTOR('',#1744,10.);
#495=VECTOR('',#1745,10.);
#496=VECTOR('',#1746,10.);
#497=VECTOR('',#1749,10.);
#498=VECTOR('',#1750,10.);
#499=VECTOR('',#1751,10.);
#500=VECTOR('',#1754,10.);
#501=VECTOR('',#1755,10.);
#502=VECTOR('',#1756,10.);
#503=VECTOR('',#1759,10.);
#504=VECTOR('',#1760,10.);
#505=VECTOR('',#1761,10.);
#506=VECTOR('',#1764,10.);
#507=VECTOR('',#1765,10.);
#508=VECTOR('',#1768,10.);
#509=VECTOR('',#1769,10.);
#510=VECTOR('',#1772,10.);
#511=VECTOR('',#1775,10.);
#512=VECTOR('',#1776,10.);
#513=VECTOR('',#1777,10.);
#514=VECTOR('',#1778,10.);
#515=VECTOR('',#1781,10.);
#516=VECTOR('',#1782,10.);
#517=VECTOR('',#1783,10.);
#518=VECTOR('',#1786,10.);
#519=VECTOR('',#1787,10.);
#520=VECTOR('',#1788,10.);
#521=VECTOR('',#1791,10.);
#522=VECTOR('',#1792,10.);
#523=VECTOR('',#1799,10.);
#524=VECTOR('',#1802,10.);
#525=VECTOR('',#1807,10.);
#526=VECTOR('',#1810,10.);
#527=VECTOR('',#1813,10.);
#528=VECTOR('',#1816,10.);
#529=VECTOR('',#1819,10.);
#530=VECTOR('',#1820,10.);
#531=VECTOR('',#1823,10.);
#532=VECTOR('',#1824,10.);
#533=VECTOR('',#1825,10.);
#534=VECTOR('',#1828,10.);
#535=VECTOR('',#1829,10.);
#536=VECTOR('',#1834,10.);
#537=VECTOR('',#1835,10.);
#538=VECTOR('',#1838,10.);
#539=VECTOR('',#1845,0.5);
#540=VECTOR('',#1852,0.5);
#541=VECTOR('',#1859,10.);
#542=VECTOR('',#1860,10.);
#543=VECTOR('',#1861,10.);
#544=VECTOR('',#1866,10.);
#545=VECTOR('',#1867,10.);
#546=VECTOR('',#1872,10.);
#547=VECTOR('',#1873,10.);
#548=VECTOR('',#1874,10.);
#549=VECTOR('',#1877,10.);
#550=VECTOR('',#1880,10.);
#551=VECTOR('',#1883,10.);
#552=VECTOR('',#1884,10.);
#553=VECTOR('',#1889,0.5);
#554=VECTOR('',#1892,10.);
#555=VECTOR('',#1895,10.);
#556=VECTOR('',#1896,10.);
#557=VECTOR('',#1897,10.);
#558=VECTOR('',#1898,10.);
#559=VECTOR('',#1899,0.5);
#560=VECTOR('',#1900,10.);
#561=VECTOR('',#1901,10.);
#562=VECTOR('',#1902,10.);
#563=VECTOR('',#1905,10.);
#564=VECTOR('',#1906,10.);
#565=VECTOR('',#1907,10.);
#566=VECTOR('',#1908,10.);
#567=VECTOR('',#1915,10.);
#568=VECTOR('',#1918,10.);
#569=VECTOR('',#1919,10.);
#570=VECTOR('',#1920,10.);
#571=VECTOR('',#1923,10.);
#572=VECTOR('',#1924,10.);
#573=VECTOR('',#1925,10.);
#574=VECTOR('',#1928,10.);
#575=VECTOR('',#1931,10.);
#576=VECTOR('',#1936,10.);
#577=VECTOR('',#1937,10.);
#578=VECTOR('',#1938,10.);
#579=VECTOR('',#1941,10.);
#580=VECTOR('',#1944,10.);
#581=VECTOR('',#1951,0.5);
#582=VECTOR('',#1958,2.);
#583=VECTOR('',#1975,0.600000000000001);
#584=VECTOR('',#1988,0.600000000000001);
#585=VECTOR('',#1993,0.4);
#586=VECTOR('',#1996,10.);
#587=VECTOR('',#1997,10.);
#588=VECTOR('',#1998,10.);
#589=VECTOR('',#1999,10.);
#590=VECTOR('',#2002,10.);
#591=VECTOR('',#2003,10.);
#592=VECTOR('',#2004,10.);
#593=VECTOR('',#2007,10.);
#594=VECTOR('',#2008,10.);
#595=VECTOR('',#2009,10.);
#596=VECTOR('',#2012,10.);
#597=VECTOR('',#2013,10.);
#598=VECTOR('',#2020,10.);
#599=VECTOR('',#2021,10.);
#600=VECTOR('',#2022,10.);
#601=VECTOR('',#2023,10.);
#602=VECTOR('',#2026,10.);
#603=VECTOR('',#2027,10.);
#604=VECTOR('',#2028,10.);
#605=VECTOR('',#2031,10.);
#606=VECTOR('',#2032,10.);
#607=VECTOR('',#2033,10.);
#608=VECTOR('',#2036,10.);
#609=VECTOR('',#2037,10.);
#610=VECTOR('',#2044,10.);
#611=VECTOR('',#2045,10.);
#612=VECTOR('',#2046,10.);
#613=VECTOR('',#2047,10.);
#614=VECTOR('',#2050,10.);
#615=VECTOR('',#2051,10.);
#616=VECTOR('',#2052,10.);
#617=VECTOR('',#2055,10.);
#618=VECTOR('',#2056,10.);
#619=VECTOR('',#2057,10.);
#620=VECTOR('',#2060,10.);
#621=VECTOR('',#2061,10.);
#622=VERTEX_POINT('',#2068);
#623=VERTEX_POINT('',#2069);
#624=VERTEX_POINT('',#2071);
#625=VERTEX_POINT('',#2073);
#626=VERTEX_POINT('',#2077);
#627=VERTEX_POINT('',#2079);
#628=VERTEX_POINT('',#2083);
#629=VERTEX_POINT('',#2085);
#630=VERTEX_POINT('',#2089);
#631=VERTEX_POINT('',#2091);
#632=VERTEX_POINT('',#2095);
#633=VERTEX_POINT('',#2097);
#634=VERTEX_POINT('',#2101);
#635=VERTEX_POINT('',#2103);
#636=VERTEX_POINT('',#2107);
#637=VERTEX_POINT('',#2109);
#638=VERTEX_POINT('',#2113);
#639=VERTEX_POINT('',#2115);
#640=VERTEX_POINT('',#2119);
#641=VERTEX_POINT('',#2121);
#642=VERTEX_POINT('',#2125);
#643=VERTEX_POINT('',#2127);
#644=VERTEX_POINT('',#2131);
#645=VERTEX_POINT('',#2133);
#646=VERTEX_POINT('',#2137);
#647=VERTEX_POINT('',#2139);
#648=VERTEX_POINT('',#2143);
#649=VERTEX_POINT('',#2147);
#650=VERTEX_POINT('',#2154);
#651=VERTEX_POINT('',#2155);
#652=VERTEX_POINT('',#2157);
#653=VERTEX_POINT('',#2159);
#654=VERTEX_POINT('',#2163);
#655=VERTEX_POINT('',#2165);
#656=VERTEX_POINT('',#2169);
#657=VERTEX_POINT('',#2171);
#658=VERTEX_POINT('',#2175);
#659=VERTEX_POINT('',#2177);
#660=VERTEX_POINT('',#2181);
#661=VERTEX_POINT('',#2183);
#662=VERTEX_POINT('',#2187);
#663=VERTEX_POINT('',#2191);
#664=VERTEX_POINT('',#2197);
#665=VERTEX_POINT('',#2198);
#666=VERTEX_POINT('',#2200);
#667=VERTEX_POINT('',#2202);
#668=VERTEX_POINT('',#2206);
#669=VERTEX_POINT('',#2208);
#670=VERTEX_POINT('',#2212);
#671=VERTEX_POINT('',#2214);
#672=VERTEX_POINT('',#2223);
#673=VERTEX_POINT('',#2224);
#674=VERTEX_POINT('',#2226);
#675=VERTEX_POINT('',#2228);
#676=VERTEX_POINT('',#2232);
#677=VERTEX_POINT('',#2234);
#678=VERTEX_POINT('',#2238);
#679=VERTEX_POINT('',#2240);
#680=VERTEX_POINT('',#2247);
#681=VERTEX_POINT('',#2249);
#682=VERTEX_POINT('',#2253);
#683=VERTEX_POINT('',#2258);
#684=VERTEX_POINT('',#2265);
#685=VERTEX_POINT('',#2267);
#686=VERTEX_POINT('',#2271);
#687=VERTEX_POINT('',#2273);
#688=VERTEX_POINT('',#2277);
#689=VERTEX_POINT('',#2278);
#690=VERTEX_POINT('',#2280);
#691=VERTEX_POINT('',#2282);
#692=VERTEX_POINT('',#2286);
#693=VERTEX_POINT('',#2287);
#694=VERTEX_POINT('',#2292);
#695=VERTEX_POINT('',#2293);
#696=VERTEX_POINT('',#2295);
#697=VERTEX_POINT('',#2297);
#698=VERTEX_POINT('',#2301);
#699=VERTEX_POINT('',#2303);
#700=VERTEX_POINT('',#2307);
#701=VERTEX_POINT('',#2311);
#702=VERTEX_POINT('',#2312);
#703=VERTEX_POINT('',#2314);
#704=VERTEX_POINT('',#2316);
#705=VERTEX_POINT('',#2320);
#706=VERTEX_POINT('',#2324);
#707=VERTEX_POINT('',#2326);
#708=VERTEX_POINT('',#2328);
#709=VERTEX_POINT('',#2330);
#710=VERTEX_POINT('',#2335);
#711=VERTEX_POINT('',#2337);
#712=VERTEX_POINT('',#2341);
#713=VERTEX_POINT('',#2343);
#714=VERTEX_POINT('',#2347);
#715=VERTEX_POINT('',#2349);
#716=VERTEX_POINT('',#2353);
#717=VERTEX_POINT('',#2355);
#718=VERTEX_POINT('',#2364);
#719=VERTEX_POINT('',#2366);
#720=VERTEX_POINT('',#2375);
#721=VERTEX_POINT('',#2377);
#722=VERTEX_POINT('',#2381);
#723=VERTEX_POINT('',#2383);
#724=VERTEX_POINT('',#2389);
#725=VERTEX_POINT('',#2391);
#726=VERTEX_POINT('',#2394);
#727=VERTEX_POINT('',#2399);
#728=VERTEX_POINT('',#2401);
#729=VERTEX_POINT('',#2404);
#730=VERTEX_POINT('',#2411);
#731=VERTEX_POINT('',#2412);
#732=VERTEX_POINT('',#2414);
#733=VERTEX_POINT('',#2416);
#734=VERTEX_POINT('',#2420);
#735=VERTEX_POINT('',#2422);
#736=VERTEX_POINT('',#2426);
#737=VERTEX_POINT('',#2428);
#738=VERTEX_POINT('',#2437);
#739=VERTEX_POINT('',#2438);
#740=VERTEX_POINT('',#2440);
#741=VERTEX_POINT('',#2442);
#742=VERTEX_POINT('',#2446);
#743=VERTEX_POINT('',#2448);
#744=VERTEX_POINT('',#2452);
#745=VERTEX_POINT('',#2454);
#746=VERTEX_POINT('',#2463);
#747=VERTEX_POINT('',#2464);
#748=VERTEX_POINT('',#2466);
#749=VERTEX_POINT('',#2468);
#750=VERTEX_POINT('',#2472);
#751=VERTEX_POINT('',#2474);
#752=VERTEX_POINT('',#2478);
#753=VERTEX_POINT('',#2480);
#754=EDGE_CURVE('',#622,#623,#282,.T.);
#755=EDGE_CURVE('',#622,#624,#283,.T.);
#756=EDGE_CURVE('',#625,#624,#284,.T.);
#757=EDGE_CURVE('',#623,#625,#285,.T.);
#758=EDGE_CURVE('',#623,#626,#286,.T.);
#759=EDGE_CURVE('',#627,#625,#287,.T.);
#760=EDGE_CURVE('',#626,#627,#288,.T.);
#761=EDGE_CURVE('',#628,#622,#289,.T.);
#762=EDGE_CURVE('',#629,#628,#290,.T.);
#763=EDGE_CURVE('',#624,#629,#291,.T.);
#764=EDGE_CURVE('',#630,#627,#292,.T.);
#765=EDGE_CURVE('',#630,#631,#293,.T.);
#766=EDGE_CURVE('',#626,#631,#294,.T.);
#767=EDGE_CURVE('',#632,#628,#295,.T.);
#768=EDGE_CURVE('',#633,#632,#296,.T.);
#769=EDGE_CURVE('',#629,#633,#297,.T.);
#770=EDGE_CURVE('',#634,#631,#298,.T.);
#771=EDGE_CURVE('',#635,#630,#299,.T.);
#772=EDGE_CURVE('',#634,#635,#300,.T.);
#773=EDGE_CURVE('',#636,#634,#301,.T.);
#774=EDGE_CURVE('',#637,#635,#302,.T.);
#775=EDGE_CURVE('',#636,#637,#303,.T.);
#776=EDGE_CURVE('',#638,#636,#304,.T.);
#777=EDGE_CURVE('',#639,#637,#305,.T.);
#778=EDGE_CURVE('',#638,#639,#306,.T.);
#779=EDGE_CURVE('',#640,#639,#307,.T.);
#780=EDGE_CURVE('',#641,#640,#308,.T.);
#781=EDGE_CURVE('',#638,#641,#309,.T.);
#782=EDGE_CURVE('',#642,#642,#48,.T.);
#783=EDGE_CURVE('',#642,#643,#310,.T.);
#784=EDGE_CURVE('',#643,#643,#49,.T.);
#785=EDGE_CURVE('',#644,#644,#50,.T.);
#786=EDGE_CURVE('',#644,#645,#311,.T.);
#787=EDGE_CURVE('',#645,#645,#51,.T.);
#788=EDGE_CURVE('',#632,#646,#312,.T.);
#789=EDGE_CURVE('',#647,#646,#313,.T.);
#790=EDGE_CURVE('',#633,#647,#314,.T.);
#791=EDGE_CURVE('',#648,#647,#315,.T.);
#792=EDGE_CURVE('',#640,#648,#316,.T.);
#793=EDGE_CURVE('',#649,#648,#317,.T.);
#794=EDGE_CURVE('',#641,#649,#318,.T.);
#795=EDGE_CURVE('',#646,#649,#319,.T.);
#796=EDGE_CURVE('',#650,#651,#320,.T.);
#797=EDGE_CURVE('',#650,#652,#321,.T.);
#798=EDGE_CURVE('',#652,#653,#322,.T.);
#799=EDGE_CURVE('',#651,#653,#323,.T.);
#800=EDGE_CURVE('',#651,#654,#324,.T.);
#801=EDGE_CURVE('',#653,#655,#325,.T.);
#802=EDGE_CURVE('',#654,#655,#326,.T.);
#803=EDGE_CURVE('',#654,#656,#327,.T.);
#804=EDGE_CURVE('',#655,#657,#328,.T.);
#805=EDGE_CURVE('',#656,#657,#329,.T.);
#806=EDGE_CURVE('',#656,#658,#330,.T.);
#807=EDGE_CURVE('',#657,#659,#331,.T.);
#808=EDGE_CURVE('',#658,#659,#332,.T.);
#809=EDGE_CURVE('',#660,#650,#333,.T.);
#810=EDGE_CURVE('',#660,#661,#334,.T.);
#811=EDGE_CURVE('',#661,#652,#335,.T.);
#812=EDGE_CURVE('',#662,#660,#336,.T.);
#813=EDGE_CURVE('',#662,#661,#337,.T.);
#814=EDGE_CURVE('',#658,#663,#338,.T.);
#815=EDGE_CURVE('',#659,#663,#339,.T.);
#816=EDGE_CURVE('',#663,#662,#340,.T.);
#817=EDGE_CURVE('',#664,#665,#341,.T.);
#818=EDGE_CURVE('',#665,#666,#342,.T.);
#819=EDGE_CURVE('',#667,#666,#343,.T.);
#820=EDGE_CURVE('',#664,#667,#344,.T.);
#821=EDGE_CURVE('',#668,#664,#345,.T.);
#822=EDGE_CURVE('',#669,#667,#346,.T.);
#823=EDGE_CURVE('',#668,#669,#347,.T.);
#824=EDGE_CURVE('',#670,#668,#348,.T.);
#825=EDGE_CURVE('',#671,#669,#349,.T.);
#826=EDGE_CURVE('',#670,#671,#350,.T.);
#827=EDGE_CURVE('',#665,#670,#351,.T.);
#828=EDGE_CURVE('',#666,#671,#352,.T.);
#829=EDGE_CURVE('',#672,#673,#353,.T.);
#830=EDGE_CURVE('',#673,#674,#13,.T.);
#831=EDGE_CURVE('',#674,#675,#354,.T.);
#832=EDGE_CURVE('',#672,#675,#14,.T.);
#833=EDGE_CURVE('',#673,#676,#355,.T.);
#834=EDGE_CURVE('',#676,#677,#15,.T.);
#835=EDGE_CURVE('',#677,#674,#356,.T.);
#836=EDGE_CURVE('',#676,#678,#357,.T.);
#837=EDGE_CURVE('',#678,#679,#16,.T.);
#838=EDGE_CURVE('',#679,#677,#358,.T.);
#839=EDGE_CURVE('',#675,#679,#359,.T.);
#840=EDGE_CURVE('',#678,#672,#360,.T.);
#841=EDGE_CURVE('',#680,#675,#361,.T.);
#842=EDGE_CURVE('',#681,#680,#362,.T.);
#843=EDGE_CURVE('',#681,#679,#363,.T.);
#844=EDGE_CURVE('',#682,#674,#364,.T.);
#845=EDGE_CURVE('',#680,#682,#365,.T.);
#846=EDGE_CURVE('',#683,#681,#366,.T.);
#847=EDGE_CURVE('',#683,#677,#367,.T.);
#848=EDGE_CURVE('',#682,#683,#368,.T.);
#849=EDGE_CURVE('',#684,#684,#52,.T.);
#850=EDGE_CURVE('',#684,#685,#369,.T.);
#851=EDGE_CURVE('',#685,#685,#53,.T.);
#852=EDGE_CURVE('',#686,#686,#54,.T.);
#853=EDGE_CURVE('',#686,#687,#370,.T.);
#854=EDGE_CURVE('',#687,#687,#55,.T.);
#855=EDGE_CURVE('',#688,#689,#56,.T.);
#856=EDGE_CURVE('',#690,#688,#371,.T.);
#857=EDGE_CURVE('',#691,#690,#372,.T.);
#858=EDGE_CURVE('',#691,#689,#373,.T.);
#859=EDGE_CURVE('',#692,#693,#57,.T.);
#860=EDGE_CURVE('',#693,#688,#374,.T.);
#861=EDGE_CURVE('',#689,#692,#375,.T.);
#862=EDGE_CURVE('',#694,#695,#58,.T.);
#863=EDGE_CURVE('',#696,#694,#376,.T.);
#864=EDGE_CURVE('',#697,#696,#377,.T.);
#865=EDGE_CURVE('',#697,#695,#378,.T.);
#866=EDGE_CURVE('',#695,#698,#379,.T.);
#867=EDGE_CURVE('',#698,#699,#59,.T.);
#868=EDGE_CURVE('',#699,#694,#380,.T.);
#869=EDGE_CURVE('',#700,#699,#381,.T.);
#870=EDGE_CURVE('',#696,#700,#382,.T.);
#871=EDGE_CURVE('',#701,#702,#60,.T.);
#872=EDGE_CURVE('',#702,#703,#383,.T.);
#873=EDGE_CURVE('',#703,#704,#61,.T.);
#874=EDGE_CURVE('',#701,#704,#384,.T.);
#875=EDGE_CURVE('',#705,#702,#385,.T.);
#876=EDGE_CURVE('',#705,#691,#386,.T.);
#877=EDGE_CURVE('',#690,#697,#387,.T.);
#878=EDGE_CURVE('',#706,#700,#388,.T.);
#879=EDGE_CURVE('',#707,#706,#389,.T.);
#880=EDGE_CURVE('',#707,#708,#390,.T.);
#881=EDGE_CURVE('',#708,#709,#391,.T.);
#882=EDGE_CURVE('',#709,#703,#392,.T.);
#883=EDGE_CURVE('',#705,#692,#393,.T.);
#884=EDGE_CURVE('',#701,#710,#394,.T.);
#885=EDGE_CURVE('',#710,#711,#395,.T.);
#886=EDGE_CURVE('',#711,#693,#396,.T.);
#887=EDGE_CURVE('',#712,#707,#62,.T.);
#888=EDGE_CURVE('',#706,#713,#63,.T.);
#889=EDGE_CURVE('',#712,#713,#397,.T.);
#890=EDGE_CURVE('',#714,#712,#398,.T.);
#891=EDGE_CURVE('',#715,#714,#399,.T.);
#892=EDGE_CURVE('',#708,#715,#400,.T.);
#893=EDGE_CURVE('',#709,#716,#401,.T.);
#894=EDGE_CURVE('',#717,#716,#402,.T.);
#895=EDGE_CURVE('',#704,#717,#403,.T.);
#896=EDGE_CURVE('',#716,#715,#404,.T.);
#897=EDGE_CURVE('',#717,#710,#405,.T.);
#898=EDGE_CURVE('',#718,#714,#406,.T.);
#899=EDGE_CURVE('',#719,#718,#407,.T.);
#900=EDGE_CURVE('',#711,#719,#408,.T.);
#901=EDGE_CURVE('',#719,#698,#409,.T.);
#902=EDGE_CURVE('',#718,#713,#410,.T.);
#903=EDGE_CURVE('',#720,#720,#64,.T.);
#904=EDGE_CURVE('',#720,#721,#411,.T.);
#905=EDGE_CURVE('',#721,#721,#65,.T.);
#906=EDGE_CURVE('',#722,#722,#66,.T.);
#907=EDGE_CURVE('',#722,#723,#412,.T.);
#908=EDGE_CURVE('',#723,#723,#67,.T.);
#909=EDGE_CURVE('',#724,#724,#68,.T.);
#910=EDGE_CURVE('',#725,#725,#69,.T.);
#911=EDGE_CURVE('',#726,#726,#70,.T.);
#912=EDGE_CURVE('',#726,#724,#413,.T.);
#913=EDGE_CURVE('',#727,#727,#71,.T.);
#914=EDGE_CURVE('',#728,#728,#72,.T.);
#915=EDGE_CURVE('',#729,#729,#73,.T.);
#916=EDGE_CURVE('',#729,#727,#414,.T.);
#917=EDGE_CURVE('',#725,#728,#415,.T.);
#918=EDGE_CURVE('',#730,#731,#416,.T.);
#919=EDGE_CURVE('',#730,#732,#417,.T.);
#920=EDGE_CURVE('',#733,#732,#418,.T.);
#921=EDGE_CURVE('',#731,#733,#419,.T.);
#922=EDGE_CURVE('',#731,#734,#420,.T.);
#923=EDGE_CURVE('',#735,#733,#421,.T.);
#924=EDGE_CURVE('',#734,#735,#422,.T.);
#925=EDGE_CURVE('',#734,#736,#423,.T.);
#926=EDGE_CURVE('',#737,#735,#424,.T.);
#927=EDGE_CURVE('',#736,#737,#425,.T.);
#928=EDGE_CURVE('',#736,#730,#426,.T.);
#929=EDGE_CURVE('',#732,#737,#427,.T.);
#930=EDGE_CURVE('',#738,#739,#428,.T.);
#931=EDGE_CURVE('',#738,#740,#429,.T.);
#932=EDGE_CURVE('',#741,#740,#430,.T.);
#933=EDGE_CURVE('',#739,#741,#431,.T.);
#934=EDGE_CURVE('',#739,#742,#432,.T.);
#935=EDGE_CURVE('',#743,#741,#433,.T.);
#936=EDGE_CURVE('',#742,#743,#434,.T.);
#937=EDGE_CURVE('',#742,#744,#435,.T.);
#938=EDGE_CURVE('',#745,#743,#436,.T.);
#939=EDGE_CURVE('',#744,#745,#437,.T.);
#940=EDGE_CURVE('',#744,#738,#438,.T.);
#941=EDGE_CURVE('',#740,#745,#439,.T.);
#942=EDGE_CURVE('',#746,#747,#440,.T.);
#943=EDGE_CURVE('',#746,#748,#441,.T.);
#944=EDGE_CURVE('',#749,#748,#442,.T.);
#945=EDGE_CURVE('',#747,#749,#443,.T.);
#946=EDGE_CURVE('',#747,#750,#444,.T.);
#947=EDGE_CURVE('',#751,#749,#445,.T.);
#948=EDGE_CURVE('',#750,#751,#446,.T.);
#949=EDGE_CURVE('',#750,#752,#447,.T.);
#950=EDGE_CURVE('',#753,#751,#448,.T.);
#951=EDGE_CURVE('',#752,#753,#449,.T.);
#952=EDGE_CURVE('',#752,#746,#450,.T.);
#953=EDGE_CURVE('',#748,#753,#451,.T.);
#954=ORIENTED_EDGE('',*,*,#754,.F.);
#955=ORIENTED_EDGE('',*,*,#755,.T.);
#956=ORIENTED_EDGE('',*,*,#756,.F.);
#957=ORIENTED_EDGE('',*,*,#757,.F.);
#958=ORIENTED_EDGE('',*,*,#758,.F.);
#959=ORIENTED_EDGE('',*,*,#757,.T.);
#960=ORIENTED_EDGE('',*,*,#759,.F.);
#961=ORIENTED_EDGE('',*,*,#760,.F.);
#962=ORIENTED_EDGE('',*,*,#761,.F.);
#963=ORIENTED_EDGE('',*,*,#762,.F.);
#964=ORIENTED_EDGE('',*,*,#763,.F.);
#965=ORIENTED_EDGE('',*,*,#755,.F.);
#966=ORIENTED_EDGE('',*,*,#760,.T.);
#967=ORIENTED_EDGE('',*,*,#764,.F.);
#968=ORIENTED_EDGE('',*,*,#765,.T.);
#969=ORIENTED_EDGE('',*,*,#766,.F.);
#970=ORIENTED_EDGE('',*,*,#762,.T.);
#971=ORIENTED_EDGE('',*,*,#767,.F.);
#972=ORIENTED_EDGE('',*,*,#768,.F.);
#973=ORIENTED_EDGE('',*,*,#769,.F.);
#974=ORIENTED_EDGE('',*,*,#770,.T.);
#975=ORIENTED_EDGE('',*,*,#765,.F.);
#976=ORIENTED_EDGE('',*,*,#771,.F.);
#977=ORIENTED_EDGE('',*,*,#772,.F.);
#978=ORIENTED_EDGE('',*,*,#773,.T.);
#979=ORIENTED_EDGE('',*,*,#772,.T.);
#980=ORIENTED_EDGE('',*,*,#774,.F.);
#981=ORIENTED_EDGE('',*,*,#775,.F.);
#982=ORIENTED_EDGE('',*,*,#776,.T.);
#983=ORIENTED_EDGE('',*,*,#775,.T.);
#984=ORIENTED_EDGE('',*,*,#777,.F.);
#985=ORIENTED_EDGE('',*,*,#778,.F.);
#986=ORIENTED_EDGE('',*,*,#778,.T.);
#987=ORIENTED_EDGE('',*,*,#779,.F.);
#988=ORIENTED_EDGE('',*,*,#780,.F.);
#989=ORIENTED_EDGE('',*,*,#781,.F.);
#990=ORIENTED_EDGE('',*,*,#782,.F.);
#991=ORIENTED_EDGE('',*,*,#783,.T.);
#992=ORIENTED_EDGE('',*,*,#784,.F.);
#993=ORIENTED_EDGE('',*,*,#783,.F.);
#994=ORIENTED_EDGE('',*,*,#785,.F.);
#995=ORIENTED_EDGE('',*,*,#786,.T.);
#996=ORIENTED_EDGE('',*,*,#787,.F.);
#997=ORIENTED_EDGE('',*,*,#786,.F.);
#998=ORIENTED_EDGE('',*,*,#768,.T.);
#999=ORIENTED_EDGE('',*,*,#788,.T.);
#1000=ORIENTED_EDGE('',*,*,#789,.F.);
#1001=ORIENTED_EDGE('',*,*,#790,.F.);
#1002=ORIENTED_EDGE('',*,*,#779,.T.);
#1003=ORIENTED_EDGE('',*,*,#777,.T.);
#1004=ORIENTED_EDGE('',*,*,#774,.T.);
#1005=ORIENTED_EDGE('',*,*,#771,.T.);
#1006=ORIENTED_EDGE('',*,*,#764,.T.);
#1007=ORIENTED_EDGE('',*,*,#759,.T.);
#1008=ORIENTED_EDGE('',*,*,#756,.T.);
#1009=ORIENTED_EDGE('',*,*,#763,.T.);
#1010=ORIENTED_EDGE('',*,*,#769,.T.);
#1011=ORIENTED_EDGE('',*,*,#790,.T.);
#1012=ORIENTED_EDGE('',*,*,#791,.F.);
#1013=ORIENTED_EDGE('',*,*,#792,.F.);
#1014=ORIENTED_EDGE('',*,*,#784,.T.);
#1015=ORIENTED_EDGE('',*,*,#787,.T.);
#1016=ORIENTED_EDGE('',*,*,#780,.T.);
#1017=ORIENTED_EDGE('',*,*,#792,.T.);
#1018=ORIENTED_EDGE('',*,*,#793,.F.);
#1019=ORIENTED_EDGE('',*,*,#794,.F.);
#1020=ORIENTED_EDGE('',*,*,#767,.T.);
#1021=ORIENTED_EDGE('',*,*,#761,.T.);
#1022=ORIENTED_EDGE('',*,*,#754,.T.);
#1023=ORIENTED_EDGE('',*,*,#758,.T.);
#1024=ORIENTED_EDGE('',*,*,#766,.T.);
#1025=ORIENTED_EDGE('',*,*,#770,.F.);
#1026=ORIENTED_EDGE('',*,*,#773,.F.);
#1027=ORIENTED_EDGE('',*,*,#776,.F.);
#1028=ORIENTED_EDGE('',*,*,#781,.T.);
#1029=ORIENTED_EDGE('',*,*,#794,.T.);
#1030=ORIENTED_EDGE('',*,*,#795,.F.);
#1031=ORIENTED_EDGE('',*,*,#788,.F.);
#1032=ORIENTED_EDGE('',*,*,#782,.T.);
#1033=ORIENTED_EDGE('',*,*,#785,.T.);
#1034=ORIENTED_EDGE('',*,*,#795,.T.);
#1035=ORIENTED_EDGE('',*,*,#793,.T.);
#1036=ORIENTED_EDGE('',*,*,#791,.T.);
#1037=ORIENTED_EDGE('',*,*,#789,.T.);
#1038=ORIENTED_EDGE('',*,*,#796,.F.);
#1039=ORIENTED_EDGE('',*,*,#797,.T.);
#1040=ORIENTED_EDGE('',*,*,#798,.T.);
#1041=ORIENTED_EDGE('',*,*,#799,.F.);
#1042=ORIENTED_EDGE('',*,*,#800,.F.);
#1043=ORIENTED_EDGE('',*,*,#799,.T.);
#1044=ORIENTED_EDGE('',*,*,#801,.T.);
#1045=ORIENTED_EDGE('',*,*,#802,.F.);
#1046=ORIENTED_EDGE('',*,*,#803,.F.);
#1047=ORIENTED_EDGE('',*,*,#802,.T.);
#1048=ORIENTED_EDGE('',*,*,#804,.T.);
#1049=ORIENTED_EDGE('',*,*,#805,.F.);
#1050=ORIENTED_EDGE('',*,*,#806,.F.);
#1051=ORIENTED_EDGE('',*,*,#805,.T.);
#1052=ORIENTED_EDGE('',*,*,#807,.T.);
#1053=ORIENTED_EDGE('',*,*,#808,.F.);
#1054=ORIENTED_EDGE('',*,*,#809,.F.);
#1055=ORIENTED_EDGE('',*,*,#810,.T.);
#1056=ORIENTED_EDGE('',*,*,#811,.T.);
#1057=ORIENTED_EDGE('',*,*,#797,.F.);
#1058=ORIENTED_EDGE('',*,*,#812,.F.);
#1059=ORIENTED_EDGE('',*,*,#813,.T.);
#1060=ORIENTED_EDGE('',*,*,#810,.F.);
#1061=ORIENTED_EDGE('',*,*,#814,.F.);
#1062=ORIENTED_EDGE('',*,*,#808,.T.);
#1063=ORIENTED_EDGE('',*,*,#815,.T.);
#1064=ORIENTED_EDGE('',*,*,#816,.F.);
#1065=ORIENTED_EDGE('',*,*,#815,.F.);
#1066=ORIENTED_EDGE('',*,*,#807,.F.);
#1067=ORIENTED_EDGE('',*,*,#804,.F.);
#1068=ORIENTED_EDGE('',*,*,#801,.F.);
#1069=ORIENTED_EDGE('',*,*,#798,.F.);
#1070=ORIENTED_EDGE('',*,*,#811,.F.);
#1071=ORIENTED_EDGE('',*,*,#813,.F.);
#1072=ORIENTED_EDGE('',*,*,#817,.T.);
#1073=ORIENTED_EDGE('',*,*,#818,.T.);
#1074=ORIENTED_EDGE('',*,*,#819,.F.);
#1075=ORIENTED_EDGE('',*,*,#820,.F.);
#1076=ORIENTED_EDGE('',*,*,#821,.T.);
#1077=ORIENTED_EDGE('',*,*,#820,.T.);
#1078=ORIENTED_EDGE('',*,*,#822,.F.);
#1079=ORIENTED_EDGE('',*,*,#823,.F.);
#1080=ORIENTED_EDGE('',*,*,#824,.T.);
#1081=ORIENTED_EDGE('',*,*,#823,.T.);
#1082=ORIENTED_EDGE('',*,*,#825,.F.);
#1083=ORIENTED_EDGE('',*,*,#826,.F.);
#1084=ORIENTED_EDGE('',*,*,#827,.T.);
#1085=ORIENTED_EDGE('',*,*,#826,.T.);
#1086=ORIENTED_EDGE('',*,*,#828,.F.);
#1087=ORIENTED_EDGE('',*,*,#818,.F.);
#1088=ORIENTED_EDGE('',*,*,#828,.T.);
#1089=ORIENTED_EDGE('',*,*,#825,.T.);
#1090=ORIENTED_EDGE('',*,*,#822,.T.);
#1091=ORIENTED_EDGE('',*,*,#819,.T.);
#1092=ORIENTED_EDGE('',*,*,#814,.T.);
#1093=ORIENTED_EDGE('',*,*,#816,.T.);
#1094=ORIENTED_EDGE('',*,*,#812,.T.);
#1095=ORIENTED_EDGE('',*,*,#809,.T.);
#1096=ORIENTED_EDGE('',*,*,#796,.T.);
#1097=ORIENTED_EDGE('',*,*,#800,.T.);
#1098=ORIENTED_EDGE('',*,*,#803,.T.);
#1099=ORIENTED_EDGE('',*,*,#806,.T.);
#1100=ORIENTED_EDGE('',*,*,#827,.F.);
#1101=ORIENTED_EDGE('',*,*,#817,.F.);
#1102=ORIENTED_EDGE('',*,*,#821,.F.);
#1103=ORIENTED_EDGE('',*,*,#824,.F.);
#1104=ORIENTED_EDGE('',*,*,#829,.T.);
#1105=ORIENTED_EDGE('',*,*,#830,.T.);
#1106=ORIENTED_EDGE('',*,*,#831,.T.);
#1107=ORIENTED_EDGE('',*,*,#832,.F.);
#1108=ORIENTED_EDGE('',*,*,#833,.T.);
#1109=ORIENTED_EDGE('',*,*,#834,.T.);
#1110=ORIENTED_EDGE('',*,*,#835,.T.);
#1111=ORIENTED_EDGE('',*,*,#830,.F.);
#1112=ORIENTED_EDGE('',*,*,#836,.T.);
#1113=ORIENTED_EDGE('',*,*,#837,.T.);
#1114=ORIENTED_EDGE('',*,*,#838,.T.);
#1115=ORIENTED_EDGE('',*,*,#834,.F.);
#1116=ORIENTED_EDGE('',*,*,#839,.T.);
#1117=ORIENTED_EDGE('',*,*,#837,.F.);
#1118=ORIENTED_EDGE('',*,*,#840,.T.);
#1119=ORIENTED_EDGE('',*,*,#832,.T.);
#1120=ORIENTED_EDGE('',*,*,#839,.F.);
#1121=ORIENTED_EDGE('',*,*,#841,.F.);
#1122=ORIENTED_EDGE('',*,*,#842,.F.);
#1123=ORIENTED_EDGE('',*,*,#843,.T.);
#1124=ORIENTED_EDGE('',*,*,#831,.F.);
#1125=ORIENTED_EDGE('',*,*,#844,.F.);
#1126=ORIENTED_EDGE('',*,*,#845,.F.);
#1127=ORIENTED_EDGE('',*,*,#841,.T.);
#1128=ORIENTED_EDGE('',*,*,#829,.F.);
#1129=ORIENTED_EDGE('',*,*,#840,.F.);
#1130=ORIENTED_EDGE('',*,*,#836,.F.);
#1131=ORIENTED_EDGE('',*,*,#833,.F.);
#1132=ORIENTED_EDGE('',*,*,#838,.F.);
#1133=ORIENTED_EDGE('',*,*,#843,.F.);
#1134=ORIENTED_EDGE('',*,*,#846,.F.);
#1135=ORIENTED_EDGE('',*,*,#847,.T.);
#1136=ORIENTED_EDGE('',*,*,#835,.F.);
#1137=ORIENTED_EDGE('',*,*,#847,.F.);
#1138=ORIENTED_EDGE('',*,*,#848,.F.);
#1139=ORIENTED_EDGE('',*,*,#844,.T.);
#1140=ORIENTED_EDGE('',*,*,#848,.T.);
#1141=ORIENTED_EDGE('',*,*,#846,.T.);
#1142=ORIENTED_EDGE('',*,*,#842,.T.);
#1143=ORIENTED_EDGE('',*,*,#845,.T.);
#1144=ORIENTED_EDGE('',*,*,#849,.F.);
#1145=ORIENTED_EDGE('',*,*,#850,.T.);
#1146=ORIENTED_EDGE('',*,*,#851,.F.);
#1147=ORIENTED_EDGE('',*,*,#850,.F.);
#1148=ORIENTED_EDGE('',*,*,#852,.F.);
#1149=ORIENTED_EDGE('',*,*,#853,.T.);
#1150=ORIENTED_EDGE('',*,*,#854,.F.);
#1151=ORIENTED_EDGE('',*,*,#853,.F.);
#1152=ORIENTED_EDGE('',*,*,#855,.F.);
#1153=ORIENTED_EDGE('',*,*,#856,.F.);
#1154=ORIENTED_EDGE('',*,*,#857,.F.);
#1155=ORIENTED_EDGE('',*,*,#858,.T.);
#1156=ORIENTED_EDGE('',*,*,#852,.T.);
#1157=ORIENTED_EDGE('',*,*,#859,.T.);
#1158=ORIENTED_EDGE('',*,*,#860,.T.);
#1159=ORIENTED_EDGE('',*,*,#855,.T.);
#1160=ORIENTED_EDGE('',*,*,#861,.T.);
#1161=ORIENTED_EDGE('',*,*,#862,.F.);
#1162=ORIENTED_EDGE('',*,*,#863,.F.);
#1163=ORIENTED_EDGE('',*,*,#864,.F.);
#1164=ORIENTED_EDGE('',*,*,#865,.T.);
#1165=ORIENTED_EDGE('',*,*,#851,.T.);
#1166=ORIENTED_EDGE('',*,*,#862,.T.);
#1167=ORIENTED_EDGE('',*,*,#866,.T.);
#1168=ORIENTED_EDGE('',*,*,#867,.T.);
#1169=ORIENTED_EDGE('',*,*,#868,.T.);
#1170=ORIENTED_EDGE('',*,*,#868,.F.);
#1171=ORIENTED_EDGE('',*,*,#869,.F.);
#1172=ORIENTED_EDGE('',*,*,#870,.F.);
#1173=ORIENTED_EDGE('',*,*,#863,.T.);
#1174=ORIENTED_EDGE('',*,*,#871,.T.);
#1175=ORIENTED_EDGE('',*,*,#872,.T.);
#1176=ORIENTED_EDGE('',*,*,#873,.T.);
#1177=ORIENTED_EDGE('',*,*,#874,.F.);
#1178=ORIENTED_EDGE('',*,*,#872,.F.);
#1179=ORIENTED_EDGE('',*,*,#875,.F.);
#1180=ORIENTED_EDGE('',*,*,#876,.T.);
#1181=ORIENTED_EDGE('',*,*,#857,.T.);
#1182=ORIENTED_EDGE('',*,*,#877,.T.);
#1183=ORIENTED_EDGE('',*,*,#864,.T.);
#1184=ORIENTED_EDGE('',*,*,#870,.T.);
#1185=ORIENTED_EDGE('',*,*,#878,.F.);
#1186=ORIENTED_EDGE('',*,*,#879,.F.);
#1187=ORIENTED_EDGE('',*,*,#880,.T.);
#1188=ORIENTED_EDGE('',*,*,#881,.T.);
#1189=ORIENTED_EDGE('',*,*,#882,.T.);
#1190=ORIENTED_EDGE('',*,*,#859,.F.);
#1191=ORIENTED_EDGE('',*,*,#883,.F.);
#1192=ORIENTED_EDGE('',*,*,#875,.T.);
#1193=ORIENTED_EDGE('',*,*,#871,.F.);
#1194=ORIENTED_EDGE('',*,*,#884,.T.);
#1195=ORIENTED_EDGE('',*,*,#885,.T.);
#1196=ORIENTED_EDGE('',*,*,#886,.T.);
#1197=ORIENTED_EDGE('',*,*,#854,.T.);
#1198=ORIENTED_EDGE('',*,*,#887,.T.);
#1199=ORIENTED_EDGE('',*,*,#879,.T.);
#1200=ORIENTED_EDGE('',*,*,#888,.T.);
#1201=ORIENTED_EDGE('',*,*,#889,.F.);
#1202=ORIENTED_EDGE('',*,*,#887,.F.);
#1203=ORIENTED_EDGE('',*,*,#890,.F.);
#1204=ORIENTED_EDGE('',*,*,#891,.F.);
#1205=ORIENTED_EDGE('',*,*,#892,.F.);
#1206=ORIENTED_EDGE('',*,*,#880,.F.);
#1207=ORIENTED_EDGE('',*,*,#873,.F.);
#1208=ORIENTED_EDGE('',*,*,#882,.F.);
#1209=ORIENTED_EDGE('',*,*,#893,.T.);
#1210=ORIENTED_EDGE('',*,*,#894,.F.);
#1211=ORIENTED_EDGE('',*,*,#895,.F.);
#1212=ORIENTED_EDGE('',*,*,#881,.F.);
#1213=ORIENTED_EDGE('',*,*,#892,.T.);
#1214=ORIENTED_EDGE('',*,*,#896,.F.);
#1215=ORIENTED_EDGE('',*,*,#893,.F.);
#1216=ORIENTED_EDGE('',*,*,#874,.T.);
#1217=ORIENTED_EDGE('',*,*,#895,.T.);
#1218=ORIENTED_EDGE('',*,*,#897,.T.);
#1219=ORIENTED_EDGE('',*,*,#884,.F.);
#1220=ORIENTED_EDGE('',*,*,#861,.F.);
#1221=ORIENTED_EDGE('',*,*,#858,.F.);
#1222=ORIENTED_EDGE('',*,*,#876,.F.);
#1223=ORIENTED_EDGE('',*,*,#883,.T.);
#1224=ORIENTED_EDGE('',*,*,#891,.T.);
#1225=ORIENTED_EDGE('',*,*,#898,.F.);
#1226=ORIENTED_EDGE('',*,*,#899,.F.);
#1227=ORIENTED_EDGE('',*,*,#900,.F.);
#1228=ORIENTED_EDGE('',*,*,#885,.F.);
#1229=ORIENTED_EDGE('',*,*,#897,.F.);
#1230=ORIENTED_EDGE('',*,*,#894,.T.);
#1231=ORIENTED_EDGE('',*,*,#896,.T.);
#1232=ORIENTED_EDGE('',*,*,#860,.F.);
#1233=ORIENTED_EDGE('',*,*,#886,.F.);
#1234=ORIENTED_EDGE('',*,*,#900,.T.);
#1235=ORIENTED_EDGE('',*,*,#901,.T.);
#1236=ORIENTED_EDGE('',*,*,#866,.F.);
#1237=ORIENTED_EDGE('',*,*,#865,.F.);
#1238=ORIENTED_EDGE('',*,*,#877,.F.);
#1239=ORIENTED_EDGE('',*,*,#856,.T.);
#1240=ORIENTED_EDGE('',*,*,#889,.T.);
#1241=ORIENTED_EDGE('',*,*,#902,.F.);
#1242=ORIENTED_EDGE('',*,*,#898,.T.);
#1243=ORIENTED_EDGE('',*,*,#890,.T.);
#1244=ORIENTED_EDGE('',*,*,#867,.F.);
#1245=ORIENTED_EDGE('',*,*,#901,.F.);
#1246=ORIENTED_EDGE('',*,*,#899,.T.);
#1247=ORIENTED_EDGE('',*,*,#902,.T.);
#1248=ORIENTED_EDGE('',*,*,#888,.F.);
#1249=ORIENTED_EDGE('',*,*,#878,.T.);
#1250=ORIENTED_EDGE('',*,*,#869,.T.);
#1251=ORIENTED_EDGE('',*,*,#849,.T.);
#1252=ORIENTED_EDGE('',*,*,#903,.T.);
#1253=ORIENTED_EDGE('',*,*,#904,.T.);
#1254=ORIENTED_EDGE('',*,*,#905,.F.);
#1255=ORIENTED_EDGE('',*,*,#904,.F.);
#1256=ORIENTED_EDGE('',*,*,#906,.F.);
#1257=ORIENTED_EDGE('',*,*,#907,.T.);
#1258=ORIENTED_EDGE('',*,*,#908,.T.);
#1259=ORIENTED_EDGE('',*,*,#907,.F.);
#1260=ORIENTED_EDGE('',*,*,#906,.T.);
#1261=ORIENTED_EDGE('',*,*,#905,.T.);
#1262=ORIENTED_EDGE('',*,*,#908,.F.);
#1263=ORIENTED_EDGE('',*,*,#903,.F.);
#1264=ORIENTED_EDGE('',*,*,#909,.F.);
#1265=ORIENTED_EDGE('',*,*,#910,.T.);
#1266=ORIENTED_EDGE('',*,*,#911,.F.);
#1267=ORIENTED_EDGE('',*,*,#912,.T.);
#1268=ORIENTED_EDGE('',*,*,#909,.T.);
#1269=ORIENTED_EDGE('',*,*,#912,.F.);
#1270=ORIENTED_EDGE('',*,*,#911,.T.);
#1271=ORIENTED_EDGE('',*,*,#913,.F.);
#1272=ORIENTED_EDGE('',*,*,#914,.T.);
#1273=ORIENTED_EDGE('',*,*,#915,.F.);
#1274=ORIENTED_EDGE('',*,*,#916,.T.);
#1275=ORIENTED_EDGE('',*,*,#913,.T.);
#1276=ORIENTED_EDGE('',*,*,#916,.F.);
#1277=ORIENTED_EDGE('',*,*,#915,.T.);
#1278=ORIENTED_EDGE('',*,*,#910,.F.);
#1279=ORIENTED_EDGE('',*,*,#917,.T.);
#1280=ORIENTED_EDGE('',*,*,#914,.F.);
#1281=ORIENTED_EDGE('',*,*,#917,.F.);
#1282=ORIENTED_EDGE('',*,*,#918,.F.);
#1283=ORIENTED_EDGE('',*,*,#919,.T.);
#1284=ORIENTED_EDGE('',*,*,#920,.F.);
#1285=ORIENTED_EDGE('',*,*,#921,.F.);
#1286=ORIENTED_EDGE('',*,*,#922,.F.);
#1287=ORIENTED_EDGE('',*,*,#921,.T.);
#1288=ORIENTED_EDGE('',*,*,#923,.F.);
#1289=ORIENTED_EDGE('',*,*,#924,.F.);
#1290=ORIENTED_EDGE('',*,*,#925,.F.);
#1291=ORIENTED_EDGE('',*,*,#924,.T.);
#1292=ORIENTED_EDGE('',*,*,#926,.F.);
#1293=ORIENTED_EDGE('',*,*,#927,.F.);
#1294=ORIENTED_EDGE('',*,*,#928,.F.);
#1295=ORIENTED_EDGE('',*,*,#927,.T.);
#1296=ORIENTED_EDGE('',*,*,#929,.F.);
#1297=ORIENTED_EDGE('',*,*,#919,.F.);
#1298=ORIENTED_EDGE('',*,*,#929,.T.);
#1299=ORIENTED_EDGE('',*,*,#926,.T.);
#1300=ORIENTED_EDGE('',*,*,#923,.T.);
#1301=ORIENTED_EDGE('',*,*,#920,.T.);
#1302=ORIENTED_EDGE('',*,*,#928,.T.);
#1303=ORIENTED_EDGE('',*,*,#918,.T.);
#1304=ORIENTED_EDGE('',*,*,#922,.T.);
#1305=ORIENTED_EDGE('',*,*,#925,.T.);
#1306=ORIENTED_EDGE('',*,*,#930,.F.);
#1307=ORIENTED_EDGE('',*,*,#931,.T.);
#1308=ORIENTED_EDGE('',*,*,#932,.F.);
#1309=ORIENTED_EDGE('',*,*,#933,.F.);
#1310=ORIENTED_EDGE('',*,*,#934,.F.);
#1311=ORIENTED_EDGE('',*,*,#933,.T.);
#1312=ORIENTED_EDGE('',*,*,#935,.F.);
#1313=ORIENTED_EDGE('',*,*,#936,.F.);
#1314=ORIENTED_EDGE('',*,*,#937,.F.);
#1315=ORIENTED_EDGE('',*,*,#936,.T.);
#1316=ORIENTED_EDGE('',*,*,#938,.F.);
#1317=ORIENTED_EDGE('',*,*,#939,.F.);
#1318=ORIENTED_EDGE('',*,*,#940,.F.);
#1319=ORIENTED_EDGE('',*,*,#939,.T.);
#1320=ORIENTED_EDGE('',*,*,#941,.F.);
#1321=ORIENTED_EDGE('',*,*,#931,.F.);
#1322=ORIENTED_EDGE('',*,*,#941,.T.);
#1323=ORIENTED_EDGE('',*,*,#938,.T.);
#1324=ORIENTED_EDGE('',*,*,#935,.T.);
#1325=ORIENTED_EDGE('',*,*,#932,.T.);
#1326=ORIENTED_EDGE('',*,*,#940,.T.);
#1327=ORIENTED_EDGE('',*,*,#930,.T.);
#1328=ORIENTED_EDGE('',*,*,#934,.T.);
#1329=ORIENTED_EDGE('',*,*,#937,.T.);
#1330=ORIENTED_EDGE('',*,*,#942,.F.);
#1331=ORIENTED_EDGE('',*,*,#943,.T.);
#1332=ORIENTED_EDGE('',*,*,#944,.F.);
#1333=ORIENTED_EDGE('',*,*,#945,.F.);
#1334=ORIENTED_EDGE('',*,*,#946,.F.);
#1335=ORIENTED_EDGE('',*,*,#945,.T.);
#1336=ORIENTED_EDGE('',*,*,#947,.F.);
#1337=ORIENTED_EDGE('',*,*,#948,.F.);
#1338=ORIENTED_EDGE('',*,*,#949,.F.);
#1339=ORIENTED_EDGE('',*,*,#948,.T.);
#1340=ORIENTED_EDGE('',*,*,#950,.F.);
#1341=ORIENTED_EDGE('',*,*,#951,.F.);
#1342=ORIENTED_EDGE('',*,*,#952,.F.);
#1343=ORIENTED_EDGE('',*,*,#951,.T.);
#1344=ORIENTED_EDGE('',*,*,#953,.F.);
#1345=ORIENTED_EDGE('',*,*,#943,.F.);
#1346=ORIENTED_EDGE('',*,*,#953,.T.);
#1347=ORIENTED_EDGE('',*,*,#950,.T.);
#1348=ORIENTED_EDGE('',*,*,#947,.T.);
#1349=ORIENTED_EDGE('',*,*,#944,.T.);
#1350=ORIENTED_EDGE('',*,*,#952,.T.);
#1351=ORIENTED_EDGE('',*,*,#942,.T.);
#1352=ORIENTED_EDGE('',*,*,#946,.T.);
#1353=ORIENTED_EDGE('',*,*,#949,.T.);
#1354=PLANE('',#1537);
#1355=PLANE('',#1538);
#1356=PLANE('',#1539);
#1357=PLANE('',#1540);
#1358=PLANE('',#1541);
#1359=PLANE('',#1542);
#1360=PLANE('',#1543);
#1361=PLANE('',#1544);
#1362=PLANE('',#1545);
#1363=PLANE('',#1552);
#1364=PLANE('',#1553);
#1365=PLANE('',#1554);
#1366=PLANE('',#1555);
#1367=PLANE('',#1556);
#1368=PLANE('',#1557);
#1369=PLANE('',#1558);
#1370=PLANE('',#1559);
#1371=PLANE('',#1560);
#1372=PLANE('',#1561);
#1373=PLANE('',#1562);
#1374=PLANE('',#1563);
#1375=PLANE('',#1564);
#1376=PLANE('',#1565);
#1377=PLANE('',#1566);
#1378=PLANE('',#1567);
#1379=PLANE('',#1568);
#1380=PLANE('',#1569);
#1381=PLANE('',#1570);
#1382=PLANE('',#1579);
#1383=PLANE('',#1580);
#1384=PLANE('',#1581);
#1385=PLANE('',#1582);
#1386=PLANE('',#1583);
#1387=PLANE('',#1584);
#1388=PLANE('',#1591);
#1389=PLANE('',#1595);
#1390=PLANE('',#1599);
#1391=PLANE('',#1603);
#1392=PLANE('',#1604);
#1393=PLANE('',#1608);
#1394=PLANE('',#1609);
#1395=PLANE('',#1610);
#1396=PLANE('',#1611);
#1397=PLANE('',#1612);
#1398=PLANE('',#1613);
#1399=PLANE('',#1614);
#1400=PLANE('',#1615);
#1401=PLANE('',#1616);
#1402=PLANE('',#1623);
#1403=PLANE('',#1624);
#1404=PLANE('',#1625);
#1405=PLANE('',#1630);
#1406=PLANE('',#1631);
#1407=PLANE('',#1636);
#1408=PLANE('',#1638);
#1409=PLANE('',#1639);
#1410=PLANE('',#1640);
#1411=PLANE('',#1641);
#1412=PLANE('',#1642);
#1413=PLANE('',#1643);
#1414=PLANE('',#1644);
#1415=PLANE('',#1645);
#1416=PLANE('',#1646);
#1417=PLANE('',#1647);
#1418=PLANE('',#1648);
#1419=PLANE('',#1649);
#1420=PLANE('',#1650);
#1421=PLANE('',#1651);
#1422=PLANE('',#1652);
#1423=PLANE('',#1653);
#1424=PLANE('',#1654);
#1425=PLANE('',#1655);
#1426=ADVANCED_FACE('',(#91),#1354,.T.);
#1427=ADVANCED_FACE('',(#92),#1355,.T.);
#1428=ADVANCED_FACE('',(#93),#1356,.T.);
#1429=ADVANCED_FACE('',(#94),#1357,.F.);
#1430=ADVANCED_FACE('',(#95),#1358,.F.);
#1431=ADVANCED_FACE('',(#96),#1359,.T.);
#1432=ADVANCED_FACE('',(#97),#1360,.T.);
#1433=ADVANCED_FACE('',(#98),#1361,.T.);
#1434=ADVANCED_FACE('',(#99),#1362,.F.);
#1435=ADVANCED_FACE('',(#100),#74,.F.);
#1436=ADVANCED_FACE('',(#101),#75,.F.);
#1437=ADVANCED_FACE('',(#102),#1363,.T.);
#1438=ADVANCED_FACE('',(#103,#35,#36),#1364,.T.);
#1439=ADVANCED_FACE('',(#104),#1365,.T.);
#1440=ADVANCED_FACE('',(#105,#37,#38),#1366,.T.);
#1441=ADVANCED_FACE('',(#106),#1367,.T.);
#1442=ADVANCED_FACE('',(#107),#1368,.F.);
#1443=ADVANCED_FACE('',(#108),#1369,.F.);
#1444=ADVANCED_FACE('',(#109),#1370,.F.);
#1445=ADVANCED_FACE('',(#110),#1371,.F.);
#1446=ADVANCED_FACE('',(#111),#1372,.F.);
#1447=ADVANCED_FACE('',(#112),#1373,.F.);
#1448=ADVANCED_FACE('',(#113),#1374,.F.);
#1449=ADVANCED_FACE('',(#114),#1375,.F.);
#1450=ADVANCED_FACE('',(#115),#1376,.T.);
#1451=ADVANCED_FACE('',(#116),#1377,.T.);
#1452=ADVANCED_FACE('',(#117),#1378,.T.);
#1453=ADVANCED_FACE('',(#118),#1379,.T.);
#1454=ADVANCED_FACE('',(#119,#39),#1380,.T.);
#1455=ADVANCED_FACE('',(#120),#1381,.F.);
#1456=ADVANCED_FACE('',(#121),#76,.T.);
#1457=ADVANCED_FACE('',(#122),#77,.T.);
#1458=ADVANCED_FACE('',(#123),#78,.T.);
#1459=ADVANCED_FACE('',(#124),#79,.T.);
#1460=ADVANCED_FACE('',(#125),#1382,.T.);
#1461=ADVANCED_FACE('',(#126),#1383,.T.);
#1462=ADVANCED_FACE('',(#127),#1384,.T.);
#1463=ADVANCED_FACE('',(#128),#1385,.T.);
#1464=ADVANCED_FACE('',(#129),#1386,.T.);
#1465=ADVANCED_FACE('',(#130),#1387,.F.);
#1466=ADVANCED_FACE('',(#131),#80,.F.);
#1467=ADVANCED_FACE('',(#132),#81,.F.);
#1468=ADVANCED_FACE('',(#133,#40),#1388,.T.);
#1469=ADVANCED_FACE('',(#134),#82,.T.);
#1470=ADVANCED_FACE('',(#135,#41),#1389,.T.);
#1471=ADVANCED_FACE('',(#136),#83,.T.);
#1472=ADVANCED_FACE('',(#137),#1390,.T.);
#1473=ADVANCED_FACE('',(#138),#84,.T.);
#1474=ADVANCED_FACE('',(#139),#1391,.T.);
#1475=ADVANCED_FACE('',(#140,#42),#1392,.T.);
#1476=ADVANCED_FACE('',(#141),#85,.T.);
#1477=ADVANCED_FACE('',(#142),#1393,.F.);
#1478=ADVANCED_FACE('',(#143),#1394,.F.);
#1479=ADVANCED_FACE('',(#144),#1395,.F.);
#1480=ADVANCED_FACE('',(#145),#1396,.T.);
#1481=ADVANCED_FACE('',(#146),#1397,.T.);
#1482=ADVANCED_FACE('',(#147),#1398,.T.);
#1483=ADVANCED_FACE('',(#148),#1399,.T.);
#1484=ADVANCED_FACE('',(#149),#1400,.T.);
#1485=ADVANCED_FACE('',(#150,#43),#1401,.T.);
#1486=ADVANCED_FACE('',(#151),#86,.F.);
#1487=ADVANCED_FACE('',(#152),#87,.T.);
#1488=ADVANCED_FACE('',(#153,#44),#1402,.T.);
#1489=ADVANCED_FACE('',(#154,#45),#1403,.F.);
#1490=ADVANCED_FACE('',(#155,#46),#1404,.F.);
#1491=ADVANCED_FACE('',(#156),#88,.T.);
#1492=ADVANCED_FACE('',(#157),#1405,.T.);
#1493=ADVANCED_FACE('',(#158,#47),#1406,.F.);
#1494=ADVANCED_FACE('',(#159),#89,.T.);
#1495=ADVANCED_FACE('',(#160),#1407,.T.);
#1496=ADVANCED_FACE('',(#161),#90,.T.);
#1497=ADVANCED_FACE('',(#162),#1408,.T.);
#1498=ADVANCED_FACE('',(#163),#1409,.T.);
#1499=ADVANCED_FACE('',(#164),#1410,.T.);
#1500=ADVANCED_FACE('',(#165),#1411,.T.);
#1501=ADVANCED_FACE('',(#166),#1412,.T.);
#1502=ADVANCED_FACE('',(#167),#1413,.F.);
#1503=ADVANCED_FACE('',(#168),#1414,.T.);
#1504=ADVANCED_FACE('',(#169),#1415,.T.);
#1505=ADVANCED_FACE('',(#170),#1416,.T.);
#1506=ADVANCED_FACE('',(#171),#1417,.T.);
#1507=ADVANCED_FACE('',(#172),#1418,.T.);
#1508=ADVANCED_FACE('',(#173),#1419,.F.);
#1509=ADVANCED_FACE('',(#174),#1420,.T.);
#1510=ADVANCED_FACE('',(#175),#1421,.T.);
#1511=ADVANCED_FACE('',(#176),#1422,.T.);
#1512=ADVANCED_FACE('',(#177),#1423,.T.);
#1513=ADVANCED_FACE('',(#178),#1424,.T.);
#1514=ADVANCED_FACE('',(#179),#1425,.F.);
#1515=CLOSED_SHELL('',(#1426,#1427,#1428,#1429,#1430,#1431,#1432,#1433,
#1434,#1435,#1436,#1437,#1438,#1439,#1440,#1441));
#1516=CLOSED_SHELL('',(#1442,#1443,#1444,#1445,#1446,#1447,#1448,#1449,
#1450,#1451,#1452,#1453,#1454,#1455));
#1517=CLOSED_SHELL('',(#1456,#1457,#1458,#1459,#1460,#1461,#1462,#1463,
#1464,#1465));
#1518=CLOSED_SHELL('',(#1466,#1467,#1468,#1469,#1470,#1471,#1472,#1473,
#1474,#1475,#1476,#1477,#1478,#1479,#1480,#1481,#1482,#1483,#1484,#1485));
#1519=CLOSED_SHELL('',(#1486,#1487,#1488,#1489));
#1520=CLOSED_SHELL('',(#1490,#1491,#1492,#1493,#1494,#1495,#1496));
#1521=CLOSED_SHELL('',(#1497,#1498,#1499,#1500,#1501,#1502));
#1522=CLOSED_SHELL('',(#1503,#1504,#1505,#1506,#1507,#1508));
#1523=CLOSED_SHELL('',(#1509,#1510,#1511,#1512,#1513,#1514));
#1524=DERIVED_UNIT_ELEMENT(#1526,1.);
#1525=DERIVED_UNIT_ELEMENT(#2493,-3.);
#1526=(
MASS_UNIT()
NAMED_UNIT(*)
SI_UNIT(.KILO.,.GRAM.)
);
#1527=DERIVED_UNIT((#1524,#1525));
#1528=MEASURE_REPRESENTATION_ITEM('density measure',
POSITIVE_RATIO_MEASURE(7850.),#1527);
#1529=PROPERTY_DEFINITION_REPRESENTATION(#1534,#1531);
#1530=PROPERTY_DEFINITION_REPRESENTATION(#1535,#1532);
#1531=REPRESENTATION('material name',(#1533),#2490);
#1532=REPRESENTATION('density',(#1528),#2490);
#1533=DESCRIPTIVE_REPRESENTATION_ITEM('Steel','Steel');
#1534=PROPERTY_DEFINITION('material property','material name',#2500);
#1535=PROPERTY_DEFINITION('material property','density of part',#2500);
#1536=AXIS2_PLACEMENT_3D('',#2066,#1656,#1657);
#1537=AXIS2_PLACEMENT_3D('',#2067,#1658,#1659);
#1538=AXIS2_PLACEMENT_3D('',#2076,#1664,#1665);
#1539=AXIS2_PLACEMENT_3D('',#2082,#1669,#1670);
#1540=AXIS2_PLACEMENT_3D('',#2088,#1674,#1675);
#1541=AXIS2_PLACEMENT_3D('',#2094,#1679,#1680);
#1542=AXIS2_PLACEMENT_3D('',#2100,#1684,#1685);
#1543=AXIS2_PLACEMENT_3D('',#2106,#1689,#1690);
#1544=AXIS2_PLACEMENT_3D('',#2112,#1694,#1695);
#1545=AXIS2_PLACEMENT_3D('',#2118,#1699,#1700);
#1546=AXIS2_PLACEMENT_3D('',#2124,#1704,#1705);
#1547=AXIS2_PLACEMENT_3D('',#2126,#1706,#1707);
#1548=AXIS2_PLACEMENT_3D('',#2129,#1709,#1710);
#1549=AXIS2_PLACEMENT_3D('',#2130,#1711,#1712);
#1550=AXIS2_PLACEMENT_3D('',#2132,#1713,#1714);
#1551=AXIS2_PLACEMENT_3D('',#2135,#1716,#1717);
#1552=AXIS2_PLACEMENT_3D('',#2136,#1718,#1719);
#1553=AXIS2_PLACEMENT_3D('',#2142,#1723,#1724);
#1554=AXIS2_PLACEMENT_3D('',#2146,#1727,#1728);
#1555=AXIS2_PLACEMENT_3D('',#2150,#1731,#1732);
#1556=AXIS2_PLACEMENT_3D('',#2152,#1734,#1735);
#1557=AXIS2_PLACEMENT_3D('',#2153,#1736,#1737);
#1558=AXIS2_PLACEMENT_3D('',#2162,#1742,#1743);
#1559=AXIS2_PLACEMENT_3D('',#2168,#1747,#1748);
#1560=AXIS2_PLACEMENT_3D('',#2174,#1752,#1753);
#1561=AXIS2_PLACEMENT_3D('',#2180,#1757,#1758);
#1562=AXIS2_PLACEMENT_3D('',#2186,#1762,#1763);
#1563=AXIS2_PLACEMENT_3D('',#2190,#1766,#1767);
#1564=AXIS2_PLACEMENT_3D('',#2194,#1770,#1771);
#1565=AXIS2_PLACEMENT_3D('',#2196,#1773,#1774);
#1566=AXIS2_PLACEMENT_3D('',#2205,#1779,#1780);
#1567=AXIS2_PLACEMENT_3D('',#2211,#1784,#1785);
#1568=AXIS2_PLACEMENT_3D('',#2217,#1789,#1790);
#1569=AXIS2_PLACEMENT_3D('',#2220,#1793,#1794);
#1570=AXIS2_PLACEMENT_3D('',#2221,#1795,#1796);
#1571=AXIS2_PLACEMENT_3D('',#2222,#1797,#1798);
#1572=AXIS2_PLACEMENT_3D('',#2227,#1800,#1801);
#1573=AXIS2_PLACEMENT_3D('',#2230,#1803,#1804);
#1574=AXIS2_PLACEMENT_3D('',#2231,#1805,#1806);
#1575=AXIS2_PLACEMENT_3D('',#2235,#1808,#1809);
#1576=AXIS2_PLACEMENT_3D('',#2237,#1811,#1812);
#1577=AXIS2_PLACEMENT_3D('',#2241,#1814,#1815);
#1578=AXIS2_PLACEMENT_3D('',#2243,#1817,#1818);
#1579=AXIS2_PLACEMENT_3D('',#2246,#1821,#1822);
#1580=AXIS2_PLACEMENT_3D('',#2252,#1826,#1827);
#1581=AXIS2_PLACEMENT_3D('',#2256,#1830,#1831);
#1582=AXIS2_PLACEMENT_3D('',#2257,#1832,#1833);
#1583=AXIS2_PLACEMENT_3D('',#2261,#1836,#1837);
#1584=AXIS2_PLACEMENT_3D('',#2263,#1839,#1840);
#1585=AXIS2_PLACEMENT_3D('',#2264,#1841,#1842);
#1586=AXIS2_PLACEMENT_3D('',#2266,#1843,#1844);
#1587=AXIS2_PLACEMENT_3D('',#2269,#1846,#1847);
#1588=AXIS2_PLACEMENT_3D('',#2270,#1848,#1849);
#1589=AXIS2_PLACEMENT_3D('',#2272,#1850,#1851);
#1590=AXIS2_PLACEMENT_3D('',#2275,#1853,#1854);
#1591=AXIS2_PLACEMENT_3D('',#2276,#1855,#1856);
#1592=AXIS2_PLACEMENT_3D('',#2279,#1857,#1858);
#1593=AXIS2_PLACEMENT_3D('',#2285,#1862,#1863);
#1594=AXIS2_PLACEMENT_3D('',#2288,#1864,#1865);
#1595=AXIS2_PLACEMENT_3D('',#2291,#1868,#1869);
#1596=AXIS2_PLACEMENT_3D('',#2294,#1870,#1871);
#1597=AXIS2_PLACEMENT_3D('',#2300,#1875,#1876);
#1598=AXIS2_PLACEMENT_3D('',#2304,#1878,#1879);
#1599=AXIS2_PLACEMENT_3D('',#2306,#1881,#1882);
#1600=AXIS2_PLACEMENT_3D('',#2310,#1885,#1886);
#1601=AXIS2_PLACEMENT_3D('',#2313,#1887,#1888);
#1602=AXIS2_PLACEMENT_3D('',#2317,#1890,#1891);
#1603=AXIS2_PLACEMENT_3D('',#2319,#1893,#1894);
#1604=AXIS2_PLACEMENT_3D('',#2333,#1903,#1904);
#1605=AXIS2_PLACEMENT_3D('',#2340,#1909,#1910);
#1606=AXIS2_PLACEMENT_3D('',#2342,#1911,#1912);
#1607=AXIS2_PLACEMENT_3D('',#2344,#1913,#1914);
#1608=AXIS2_PLACEMENT_3D('',#2346,#1916,#1917);
#1609=AXIS2_PLACEMENT_3D('',#2352,#1921,#1922);
#1610=AXIS2_PLACEMENT_3D('',#2358,#1926,#1927);
#1611=AXIS2_PLACEMENT_3D('',#2360,#1929,#1930);
#1612=AXIS2_PLACEMENT_3D('',#2362,#1932,#1933);
#1613=AXIS2_PLACEMENT_3D('',#2363,#1934,#1935);
#1614=AXIS2_PLACEMENT_3D('',#2369,#1939,#1940);
#1615=AXIS2_PLACEMENT_3D('',#2371,#1942,#1943);
#1616=AXIS2_PLACEMENT_3D('',#2373,#1945,#1946);
#1617=AXIS2_PLACEMENT_3D('',#2374,#1947,#1948);
#1618=AXIS2_PLACEMENT_3D('',#2376,#1949,#1950);
#1619=AXIS2_PLACEMENT_3D('',#2379,#1952,#1953);
#1620=AXIS2_PLACEMENT_3D('',#2380,#1954,#1955);
#1621=AXIS2_PLACEMENT_3D('',#2382,#1956,#1957);
#1622=AXIS2_PLACEMENT_3D('',#2385,#1959,#1960);
#1623=AXIS2_PLACEMENT_3D('',#2386,#1961,#1962);
#1624=AXIS2_PLACEMENT_3D('',#2387,#1963,#1964);
#1625=AXIS2_PLACEMENT_3D('',#2388,#1965,#1966);
#1626=AXIS2_PLACEMENT_3D('',#2390,#1967,#1968);
#1627=AXIS2_PLACEMENT_3D('',#2392,#1969,#1970);
#1628=AXIS2_PLACEMENT_3D('',#2393,#1971,#1972);
#1629=AXIS2_PLACEMENT_3D('',#2395,#1973,#1974);
#1630=AXIS2_PLACEMENT_3D('',#2397,#1976,#1977);
#1631=AXIS2_PLACEMENT_3D('',#2398,#1978,#1979);
#1632=AXIS2_PLACEMENT_3D('',#2400,#1980,#1981);
#1633=AXIS2_PLACEMENT_3D('',#2402,#1982,#1983);
#1634=AXIS2_PLACEMENT_3D('',#2403,#1984,#1985);
#1635=AXIS2_PLACEMENT_3D('',#2405,#1986,#1987);
#1636=AXIS2_PLACEMENT_3D('',#2407,#1989,#1990);
#1637=AXIS2_PLACEMENT_3D('',#2408,#1991,#1992);
#1638=AXIS2_PLACEMENT_3D('',#2410,#1994,#1995);
#1639=AXIS2_PLACEMENT_3D('',#2419,#2000,#2001);
#1640=AXIS2_PLACEMENT_3D('',#2425,#2005,#2006);
#1641=AXIS2_PLACEMENT_3D('',#2431,#2010,#2011);
#1642=AXIS2_PLACEMENT_3D('',#2434,#2014,#2015);
#1643=AXIS2_PLACEMENT_3D('',#2435,#2016,#2017);
#1644=AXIS2_PLACEMENT_3D('',#2436,#2018,#2019);
#1645=AXIS2_PLACEMENT_3D('',#2445,#2024,#2025);
#1646=AXIS2_PLACEMENT_3D('',#2451,#2029,#2030);
#1647=AXIS2_PLACEMENT_3D('',#2457,#2034,#2035);
#1648=AXIS2_PLACEMENT_3D('',#2460,#2038,#2039);
#1649=AXIS2_PLACEMENT_3D('',#2461,#2040,#2041);
#1650=AXIS2_PLACEMENT_3D('',#2462,#2042,#2043);
#1651=AXIS2_PLACEMENT_3D('',#2471,#2048,#2049);
#1652=AXIS2_PLACEMENT_3D('',#2477,#2053,#2054);
#1653=AXIS2_PLACEMENT_3D('',#2483,#2058,#2059);
#1654=AXIS2_PLACEMENT_3D('',#2486,#2062,#2063);
#1655=AXIS2_PLACEMENT_3D('',#2487,#2064,#2065);
#1656=DIRECTION('axis',(0.,0.,1.));
#1657=DIRECTION('refdir',(1.,0.,0.));
#1658=DIRECTION('center_axis',(0.,-3.81639164714898E-16,-1.));
#1659=DIRECTION('ref_axis',(0.,1.,-3.81639164714898E-16));
#1660=DIRECTION('',(0.,-1.,3.81639164714898E-16));
#1661=DIRECTION('',(1.,0.,0.));
#1662=DIRECTION('',(0.,1.,-3.81639164714898E-16));
#1663=DIRECTION('',(1.,0.,0.));
#1664=DIRECTION('center_axis',(0.,-1.,0.));
#1665=DIRECTION('ref_axis',(0.,0.,-1.));
#1666=DIRECTION('',(0.,0.,1.));
#1667=DIRECTION('',(0.,0.,-1.));
#1668=DIRECTION('',(1.,0.,0.));
#1669=DIRECTION('center_axis',(0.,1.,0.));
#1670=DIRECTION('ref_axis',(0.,0.,1.));
#1671=DIRECTION('',(0.,0.,-1.));
#1672=DIRECTION('',(-1.,0.,0.));
#1673=DIRECTION('',(0.,0.,1.));
#1674=DIRECTION('center_axis',(0.,0.,1.));
#1675=DIRECTION('ref_axis',(1.,0.,0.));
#1676=DIRECTION('',(0.,1.,0.));
#1677=DIRECTION('',(-1.,0.,0.));
#1678=DIRECTION('',(0.,-1.,0.));
#1679=DIRECTION('center_axis',(0.,0.,1.));
#1680=DIRECTION('ref_axis',(1.,0.,0.));
#1681=DIRECTION('',(0.,-1.,0.));
#1682=DIRECTION('',(-1.,0.,0.));
#1683=DIRECTION('',(0.,1.,0.));
#1684=DIRECTION('center_axis',(0.,1.,0.));
#1685=DIRECTION('ref_axis',(0.,0.,1.));
#1686=DIRECTION('',(0.,0.,1.));
#1687=DIRECTION('',(0.,0.,1.));
#1688=DIRECTION('',(1.,0.,0.));
#1689=DIRECTION('center_axis',(0.,3.81639164714898E-16,-1.));
#1690=DIRECTION('ref_axis',(0.,1.,3.81639164714898E-16));
#1691=DIRECTION('',(0.,1.,3.81639164714898E-16));
#1692=DIRECTION('',(0.,1.,3.81639164714898E-16));
#1693=DIRECTION('',(1.,0.,0.));
#1694=DIRECTION('center_axis',(0.,-1.,0.));
#1695=DIRECTION('ref_axis',(0.,0.,-1.));
#1696=DIRECTION('',(0.,0.,-1.));
#1697=DIRECTION('',(0.,0.,-1.));
#1698=DIRECTION('',(1.,0.,0.));
#1699=DIRECTION('center_axis',(0.,0.,1.));
#1700=DIRECTION('ref_axis',(1.,0.,0.));
#1701=DIRECTION('',(0.,1.,0.));
#1702=DIRECTION('',(1.,0.,0.));
#1703=DIRECTION('',(0.,-1.,0.));
#1704=DIRECTION('center_axis',(1.,0.,0.));
#1705=DIRECTION('ref_axis',(0.,-1.,0.));
#1706=DIRECTION('center_axis',(1.,0.,0.));
#1707=DIRECTION('ref_axis',(0.,-1.,0.));
#1708=DIRECTION('',(1.,0.,0.));
#1709=DIRECTION('center_axis',(-1.,0.,0.));
#1710=DIRECTION('ref_axis',(0.,-1.,0.));
#1711=DIRECTION('center_axis',(1.,0.,0.));
#1712=DIRECTION('ref_axis',(0.,-1.,0.));
#1713=DIRECTION('center_axis',(1.,0.,0.));
#1714=DIRECTION('ref_axis',(0.,-1.,0.));
#1715=DIRECTION('',(1.,0.,0.));
#1716=DIRECTION('center_axis',(-1.,0.,0.));
#1717=DIRECTION('ref_axis',(0.,-1.,0.));
#1718=DIRECTION('center_axis',(0.,1.,0.));
#1719=DIRECTION('ref_axis',(-1.,0.,0.));
#1720=DIRECTION('',(0.,0.,1.));
#1721=DIRECTION('',(-1.,0.,0.));
#1722=DIRECTION('',(0.,0.,1.));
#1723=DIRECTION('center_axis',(1.,0.,0.));
#1724=DIRECTION('ref_axis',(0.,1.,0.));
#1725=DIRECTION('',(0.,1.,0.));
#1726=DIRECTION('',(0.,0.,1.));
#1727=DIRECTION('center_axis',(0.,-1.,0.));
#1728=DIRECTION('ref_axis',(1.,0.,0.));
#1729=DIRECTION('',(1.,0.,0.));
#1730=DIRECTION('',(0.,0.,1.));
#1731=DIRECTION('center_axis',(-1.,0.,0.));
#1732=DIRECTION('ref_axis',(0.,-1.,0.));
#1733=DIRECTION('',(0.,-1.,0.));
#1734=DIRECTION('center_axis',(0.,0.,1.));
#1735=DIRECTION('ref_axis',(1.,0.,0.));
#1736=DIRECTION('center_axis',(1.,1.37979902103932E-16,-4.41535686732584E-16));
#1737=DIRECTION('ref_axis',(3.20474742746036E-31,-0.95447997803503,-0.298274993135945));
#1738=DIRECTION('',(1.37979902103932E-16,-1.,0.));
#1739=DIRECTION('',(-4.62592926927148E-16,0.298274993135947,-0.95447997803503));
#1740=DIRECTION('',(3.2941647352602E-31,-0.95447997803503,-0.298274993135945));
#1741=DIRECTION('',(-4.62592926927148E-16,0.298274993135947,-0.95447997803503));
#1742=DIRECTION('center_axis',(0.,-0.95447997803503,-0.298274993135947));
#1743=DIRECTION('ref_axis',(-1.,0.,0.));
#1744=DIRECTION('',(-1.,0.,0.));
#1745=DIRECTION('',(-1.,3.45126646034193E-31,0.));
#1746=DIRECTION('',(-4.62592926927148E-16,0.298274993135947,-0.95447997803503));
#1747=DIRECTION('center_axis',(-1.,-1.37979902103934E-16,4.41535686732584E-16));
#1748=DIRECTION('ref_axis',(7.39557098644699E-32,0.954479978035029,0.29827499313595));
#1749=DIRECTION('',(-1.37979902103934E-16,1.,0.));
#1750=DIRECTION('',(-3.29416473526019E-31,0.954479978035029,0.29827499313595));
#1751=DIRECTION('',(-4.62592926927148E-16,0.298274993135947,-0.95447997803503));
#1752=DIRECTION('center_axis',(-5.55111512312578E-16,0.95447997803503,0.298274993135947));
#1753=DIRECTION('ref_axis',(1.,6.12630765341461E-16,-9.93455295148316E-17));
#1754=DIRECTION('',(1.,5.81585287368077E-16,0.));
#1755=DIRECTION('',(1.,6.12630765341461E-16,-9.93455295148313E-17));
#1756=DIRECTION('',(-4.62592926927148E-16,0.298274993135947,-0.95447997803503));
#1757=DIRECTION('center_axis',(-5.55111512312578E-16,0.95447997803503,0.298274993135947));
#1758=DIRECTION('ref_axis',(1.,6.12630765341461E-16,-9.93455295148316E-17));
#1759=DIRECTION('',(1.,5.81585287368077E-16,0.));
#1760=DIRECTION('',(-4.62592926927148E-16,0.298274993135947,-0.95447997803503));
#1761=DIRECTION('',(1.,6.12630765341461E-16,-9.93455295148313E-17));
#1762=DIRECTION('center_axis',(1.,1.37979902103933E-16,-4.41535686732584E-16));
#1763=DIRECTION('ref_axis',(4.19082355898662E-31,-0.95447997803503,-0.298274993135947));
#1764=DIRECTION('',(1.37979902103933E-16,-1.,0.));
#1765=DIRECTION('',(3.2941647352602E-31,-0.95447997803503,-0.298274993135947));
#1766=DIRECTION('center_axis',(-1.,-1.71095078608877E-16,4.31187194074789E-16));
#1767=DIRECTION('ref_axis',(-3.46944695195367E-17,0.95447997803503,0.298274993135947));
#1768=DIRECTION('',(-1.71095078608877E-16,1.,0.));
#1769=DIRECTION('',(-3.46944695195365E-17,0.95447997803503,0.298274993135947));
#1770=DIRECTION('center_axis',(-4.62592926927148E-16,0.298274993135947,
-0.95447997803503));
#1771=DIRECTION('ref_axis',(-1.,-7.39557098644699E-32,4.84654406140063E-16));
#1772=DIRECTION('',(1.,1.5508940996482E-15,0.));
#1773=DIRECTION('center_axis',(0.,1.,0.));
#1774=DIRECTION('ref_axis',(-1.,0.,0.));
#1775=DIRECTION('',(-1.,0.,0.));
#1776=DIRECTION('',(0.,0.,1.));
#1777=DIRECTION('',(-1.,0.,0.));
#1778=DIRECTION('',(0.,0.,1.));
#1779=DIRECTION('center_axis',(1.,0.,0.));
#1780=DIRECTION('ref_axis',(0.,1.,0.));
#1781=DIRECTION('',(0.,1.,0.));
#1782=DIRECTION('',(0.,1.,0.));
#1783=DIRECTION('',(0.,0.,1.));
#1784=DIRECTION('center_axis',(0.,-1.,0.));
#1785=DIRECTION('ref_axis',(1.,0.,0.));
#1786=DIRECTION('',(1.,0.,0.));
#1787=DIRECTION('',(1.,0.,0.));
#1788=DIRECTION('',(0.,0.,1.));
#1789=DIRECTION('center_axis',(-1.,0.,0.));
#1790=DIRECTION('ref_axis',(0.,-1.,0.));
#1791=DIRECTION('',(0.,-1.,0.));
#1792=DIRECTION('',(0.,-1.,0.));
#1793=DIRECTION('center_axis',(0.,0.,1.));
#1794=DIRECTION('ref_axis',(1.,0.,0.));
#1795=DIRECTION('center_axis',(0.,0.,1.));
#1796=DIRECTION('ref_axis',(1.,0.,0.));
#1797=DIRECTION('center_axis',(0.,1.,0.));
#1798=DIRECTION('ref_axis',(0.707106781186548,0.,0.707106781186548));
#1799=DIRECTION('',(0.,-1.,0.));
#1800=DIRECTION('center_axis',(0.707106781186548,0.707106781186548,0.));
#1801=DIRECTION('ref_axis',(0.707106781186547,-0.707106781186547,0.));
#1802=DIRECTION('',(0.,1.,0.));
#1803=DIRECTION('center_axis',(-0.707106781186548,0.707106781186548,0.));
#1804=DIRECTION('ref_axis',(0.707106781186547,0.707106781186547,0.));
#1805=DIRECTION('center_axis',(1.,0.,0.));
#1806=DIRECTION('ref_axis',(0.,-0.707106781186548,0.707106781186548));
#1807=DIRECTION('',(-1.,0.,0.));
#1808=DIRECTION('center_axis',(0.707106781186548,-0.707106781186548,0.));
#1809=DIRECTION('ref_axis',(-0.707106781186547,-0.707106781186547,0.));
#1810=DIRECTION('',(1.,0.,0.));
#1811=DIRECTION('center_axis',(0.,-1.,0.));
#1812=DIRECTION('ref_axis',(-0.707106781186548,0.,0.707106781186548));
#1813=DIRECTION('',(0.,1.,0.));
#1814=DIRECTION('center_axis',(-0.707106781186548,-0.707106781186548,0.));
#1815=DIRECTION('ref_axis',(-0.707106781186547,0.707106781186547,0.));
#1816=DIRECTION('',(0.,-1.,0.));
#1817=DIRECTION('center_axis',(-1.,0.,0.));
#1818=DIRECTION('ref_axis',(0.,0.707106781186548,0.707106781186548));
#1819=DIRECTION('',(-1.,0.,0.));
#1820=DIRECTION('',(1.,0.,0.));
#1821=DIRECTION('center_axis',(0.,1.,0.));
#1822=DIRECTION('ref_axis',(-1.,0.,0.));
#1823=DIRECTION('',(0.,0.,1.));
#1824=DIRECTION('',(1.,0.,0.));
#1825=DIRECTION('',(0.,0.,1.));
#1826=DIRECTION('center_axis',(1.,0.,0.));
#1827=DIRECTION('ref_axis',(0.,1.,0.));
#1828=DIRECTION('',(0.,0.,1.));
#1829=DIRECTION('',(0.,-1.,0.));
#1830=DIRECTION('center_axis',(0.,0.,1.));
#1831=DIRECTION('ref_axis',(1.,0.,0.));
#1832=DIRECTION('center_axis',(-1.,0.,0.));
#1833=DIRECTION('ref_axis',(0.,-1.,0.));
#1834=DIRECTION('',(0.,1.,0.));
#1835=DIRECTION('',(0.,0.,1.));
#1836=DIRECTION('center_axis',(0.,-1.,0.));
#1837=DIRECTION('ref_axis',(1.,0.,0.));
#1838=DIRECTION('',(-1.,0.,0.));
#1839=DIRECTION('center_axis',(0.,0.,1.));
#1840=DIRECTION('ref_axis',(-1.,0.,0.));
#1841=DIRECTION('center_axis',(1.,0.,0.));
#1842=DIRECTION('ref_axis',(0.,-1.,0.));
#1843=DIRECTION('center_axis',(1.,0.,0.));
#1844=DIRECTION('ref_axis',(0.,-1.,0.));
#1845=DIRECTION('',(1.,0.,0.));
#1846=DIRECTION('center_axis',(-1.,-8.8307137346517E-17,-2.75959804207866E-17));
#1847=DIRECTION('ref_axis',(8.8307137346517E-17,-1.,2.4369220332302E-33));
#1848=DIRECTION('center_axis',(1.,0.,0.));
#1849=DIRECTION('ref_axis',(0.,-1.,0.));
#1850=DIRECTION('center_axis',(1.,0.,0.));
#1851=DIRECTION('ref_axis',(0.,-1.,0.));
#1852=DIRECTION('',(1.,0.,0.));
#1853=DIRECTION('center_axis',(-1.,0.,0.));
#1854=DIRECTION('ref_axis',(0.,-1.,0.));
#1855=DIRECTION('center_axis',(-1.,0.,0.));
#1856=DIRECTION('ref_axis',(0.,-0.95447997803503,-0.298274993135947));
#1857=DIRECTION('center_axis',(1.,0.,0.));
#1858=DIRECTION('ref_axis',(0.,-0.885831535280154,0.464006994670559));
#1859=DIRECTION('',(0.,-0.298274993135947,0.95447997803503));
#1860=DIRECTION('',(0.,0.95447997803503,0.298274993135947));
#1861=DIRECTION('',(0.,-0.298274993135947,0.95447997803503));
#1862=DIRECTION('center_axis',(-1.,0.,0.));
#1863=DIRECTION('ref_axis',(0.,0.464006994670553,0.885831535280158));
#1864=DIRECTION('center_axis',(-1.,0.,0.));
#1865=DIRECTION('ref_axis',(0.,0.464006994670553,0.885831535280158));
#1866=DIRECTION('',(-1.,0.,0.));
#1867=DIRECTION('',(1.,0.,0.));
#1868=DIRECTION('center_axis',(1.,8.8307137346517E-17,2.75959804207866E-17));
#1869=DIRECTION('ref_axis',(-9.25185853854297E-17,0.95447997803503,0.298274993135947));
#1870=DIRECTION('center_axis',(-1.,-8.8307137346517E-17,-2.75959804207866E-17));
#1871=DIRECTION('ref_axis',(-6.54205191118237E-17,0.464006994670553,0.885831535280158));
#1872=DIRECTION('',(0.,-0.298274993135947,0.95447997803503));
#1873=DIRECTION('',(9.25185853854297E-17,-0.95447997803503,-0.298274993135947));
#1874=DIRECTION('',(0.,-0.298274993135947,0.95447997803503));
#1875=DIRECTION('center_axis',(1.,0.,0.));
#1876=DIRECTION('ref_axis',(0.,-0.885831535280155,0.464006994670558));
#1877=DIRECTION('',(-1.,0.,0.));
#1878=DIRECTION('center_axis',(1.,0.,0.));
#1879=DIRECTION('ref_axis',(0.,-0.885831535280155,0.464006994670558));
#1880=DIRECTION('',(1.,0.,0.));
#1881=DIRECTION('center_axis',(0.,-0.95447997803503,-0.298274993135947));
#1882=DIRECTION('ref_axis',(1.,0.,0.));
#1883=DIRECTION('',(0.,-0.298274993135947,0.95447997803503));
#1884=DIRECTION('',(-1.,0.,0.));
#1885=DIRECTION('center_axis',(-1.,-5.29842824079102E-16,-1.6557588252472E-16));
#1886=DIRECTION('ref_axis',(4.67982120854001E-16,-0.965093064850034,0.261907190008921));
#1887=DIRECTION('center_axis',(-1.,0.,0.));
#1888=DIRECTION('ref_axis',(0.,-0.965093064850034,0.261907190008921));
#1889=DIRECTION('',(-1.,-5.29842824079102E-16,-1.6557588252472E-16));
#1890=DIRECTION('center_axis',(1.,1.37979902103933E-16,-4.41535686732584E-16));
#1891=DIRECTION('ref_axis',(2.48804817609983E-16,-0.965093064850034,0.261907190008921));
#1892=DIRECTION('',(-1.,-5.81585287368077E-16,0.));
#1893=DIRECTION('center_axis',(0.,-0.298274993135947,0.95447997803503));
#1894=DIRECTION('ref_axis',(0.,0.95447997803503,0.298274993135947));
#1895=DIRECTION('',(0.,-0.95447997803503,-0.298274993135947));
#1896=DIRECTION('',(-1.,0.,0.));
#1897=DIRECTION('',(-1.,0.,0.));
#1898=DIRECTION('',(0.,0.95447997803503,0.298274993135947));
#1899=DIRECTION('',(-1.,-5.29842824079102E-16,-1.6557588252472E-16));
#1900=DIRECTION('',(-3.46944695195361E-17,0.95447997803503,0.298274993135947));
#1901=DIRECTION('',(1.,1.6470823676301E-31,5.14713239884407E-32));
#1902=DIRECTION('',(-7.39557098644699E-32,-0.95447997803503,-0.298274993135947));
#1903=DIRECTION('center_axis',(1.,0.,0.));
#1904=DIRECTION('ref_axis',(0.,0.,-1.));
#1905=DIRECTION('',(0.,-0.298274993135947,0.95447997803503));
#1906=DIRECTION('',(0.,1.,0.));
#1907=DIRECTION('',(0.,0.95447997803503,0.298274993135947));
#1908=DIRECTION('',(0.,-0.298274993135957,0.954479978035027));
#1909=DIRECTION('center_axis',(-1.,-5.29842824079102E-16,-1.6557588252472E-16));
#1910=DIRECTION('ref_axis',(4.67982120854E-16,-0.965093064850032,0.261907190008925));
#1911=DIRECTION('center_axis',(-1.,-1.71095078608877E-16,4.31187194074789E-16));
#1912=DIRECTION('ref_axis',(2.78053700163359E-16,-0.965093064850032,0.261907190008925));
#1913=DIRECTION('center_axis',(1.,0.,0.));
#1914=DIRECTION('ref_axis',(0.,-0.965093064850032,0.261907190008925));
#1915=DIRECTION('',(-1.,-5.81585287368077E-16,0.));
#1916=DIRECTION('center_axis',(-1.,-1.71095078608877E-16,4.31187194074789E-16));
#1917=DIRECTION('ref_axis',(-3.46944695195367E-17,0.95447997803503,0.298274993135947));
#1918=DIRECTION('',(1.71095078608877E-16,-1.,0.));
#1919=DIRECTION('',(3.46944695195361E-17,-0.95447997803503,-0.298274993135947));
#1920=DIRECTION('',(-4.62592926927148E-16,0.298274993135947,-0.95447997803503));
#1921=DIRECTION('center_axis',(1.,1.37979902103933E-16,-4.41535686732584E-16));
#1922=DIRECTION('ref_axis',(4.19082355898662E-31,-0.95447997803503,-0.298274993135947));
#1923=DIRECTION('',(-4.62592926927148E-16,0.298274993135947,-0.95447997803503));
#1924=DIRECTION('',(7.39557098644699E-32,0.95447997803503,0.298274993135947));
#1925=DIRECTION('',(-1.37979902103933E-16,1.,0.));
#1926=DIRECTION('center_axis',(-1.72563323017096E-31,0.95447997803503,0.298274993135947));
#1927=DIRECTION('ref_axis',(1.,1.10383921683146E-16,-3.53228549386068E-16));
#1928=DIRECTION('',(-1.,-1.6470823676301E-31,-5.14713239884407E-32));
#1929=DIRECTION('center_axis',(0.,0.,-1.));
#1930=DIRECTION('ref_axis',(0.,-1.,0.));
#1931=DIRECTION('',(1.,0.,0.));
#1932=DIRECTION('center_axis',(0.,-0.95447997803503,-0.298274993135947));
#1933=DIRECTION('ref_axis',(1.,0.,0.));
#1934=DIRECTION('center_axis',(0.,0.298274993135947,-0.95447997803503));
#1935=DIRECTION('ref_axis',(0.,-0.95447997803503,-0.298274993135947));
#1936=DIRECTION('',(1.,0.,0.));
#1937=DIRECTION('',(0.,-0.95447997803503,-0.298274993135947));
#1938=DIRECTION('',(-1.,0.,0.));
#1939=DIRECTION('center_axis',(0.,0.954479978035027,0.298274993135957));
#1940=DIRECTION('ref_axis',(0.,0.298274993135957,-0.954479978035027));
#1941=DIRECTION('',(0.,-0.298274993135947,0.95447997803503));
#1942=DIRECTION('center_axis',(0.,0.,-1.));
#1943=DIRECTION('ref_axis',(0.,-1.,0.));
#1944=DIRECTION('',(0.,-1.,0.));
#1945=DIRECTION('center_axis',(-1.,0.,0.));
#1946=DIRECTION('ref_axis',(0.,0.,1.));
#1947=DIRECTION('center_axis',(1.,0.,0.));
#1948=DIRECTION('ref_axis',(0.,1.,0.));
#1949=DIRECTION('center_axis',(-1.,0.,0.));
#1950=DIRECTION('ref_axis',(0.,1.,0.));
#1951=DIRECTION('',(1.,0.,0.));
#1952=DIRECTION('center_axis',(-1.,0.,0.));
#1953=DIRECTION('ref_axis',(0.,1.,0.));
#1954=DIRECTION('center_axis',(1.,0.,0.));
#1955=DIRECTION('ref_axis',(0.,1.,0.));
#1956=DIRECTION('center_axis',(1.,0.,0.));
#1957=DIRECTION('ref_axis',(0.,1.,0.));
#1958=DIRECTION('',(-1.,0.,0.));
#1959=DIRECTION('center_axis',(1.,0.,0.));
#1960=DIRECTION('ref_axis',(0.,1.,0.));
#1961=DIRECTION('center_axis',(1.,0.,0.));
#1962=DIRECTION('ref_axis',(0.,1.,0.));
#1963=DIRECTION('center_axis',(1.,0.,0.));
#1964=DIRECTION('ref_axis',(0.,1.,0.));
#1965=DIRECTION('center_axis',(1.,0.,0.));
#1966=DIRECTION('ref_axis',(0.,1.,0.));
#1967=DIRECTION('center_axis',(1.,0.,0.));
#1968=DIRECTION('ref_axis',(0.,1.,0.));
#1969=DIRECTION('center_axis',(1.,0.,0.));
#1970=DIRECTION('ref_axis',(0.,-1.,0.));
#1971=DIRECTION('center_axis',(1.,0.,0.));
#1972=DIRECTION('ref_axis',(0.,1.,0.));
#1973=DIRECTION('center_axis',(1.,0.,0.));
#1974=DIRECTION('ref_axis',(0.,1.,0.));
#1975=DIRECTION('',(-1.,0.,0.));
#1976=DIRECTION('center_axis',(1.,0.,0.));
#1977=DIRECTION('ref_axis',(0.,1.,0.));
#1978=DIRECTION('center_axis',(-1.,0.,0.));
#1979=DIRECTION('ref_axis',(0.,-1.,0.));
#1980=DIRECTION('center_axis',(-1.,0.,0.));
#1981=DIRECTION('ref_axis',(0.,-1.,0.));
#1982=DIRECTION('center_axis',(-1.,0.,0.));
#1983=DIRECTION('ref_axis',(0.,-1.,0.));
#1984=DIRECTION('center_axis',(-1.,0.,0.));
#1985=DIRECTION('ref_axis',(0.,-1.,0.));
#1986=DIRECTION('center_axis',(-1.,0.,0.));
#1987=DIRECTION('ref_axis',(0.,-1.,0.));
#1988=DIRECTION('',(1.,0.,0.));
#1989=DIRECTION('center_axis',(-1.,0.,0.));
#1990=DIRECTION('ref_axis',(0.,-1.,0.));
#1991=DIRECTION('center_axis',(1.,0.,0.));
#1992=DIRECTION('ref_axis',(0.,-1.,0.));
#1993=DIRECTION('',(-1.,0.,0.));
#1994=DIRECTION('center_axis',(0.,-1.,0.));
#1995=DIRECTION('ref_axis',(-1.,0.,0.));
#1996=DIRECTION('',(1.,0.,0.));
#1997=DIRECTION('',(0.,0.,-1.));
#1998=DIRECTION('',(-1.,0.,0.));
#1999=DIRECTION('',(0.,0.,-1.));
#2000=DIRECTION('center_axis',(1.,0.,0.));
#2001=DIRECTION('ref_axis',(0.,-1.,0.));
#2002=DIRECTION('',(0.,1.,0.));
#2003=DIRECTION('',(0.,-1.,0.));
#2004=DIRECTION('',(0.,0.,-1.));
#2005=DIRECTION('center_axis',(0.,1.,0.));
#2006=DIRECTION('ref_axis',(1.,0.,0.));
#2007=DIRECTION('',(-1.,0.,0.));
#2008=DIRECTION('',(1.,0.,0.));
#2009=DIRECTION('',(0.,0.,-1.));
#2010=DIRECTION('center_axis',(-1.,0.,0.));
#2011=DIRECTION('ref_axis',(0.,1.,0.));
#2012=DIRECTION('',(0.,-1.,0.));
#2013=DIRECTION('',(0.,1.,0.));
#2014=DIRECTION('center_axis',(0.,0.,-1.));
#2015=DIRECTION('ref_axis',(-1.,0.,0.));
#2016=DIRECTION('center_axis',(0.,0.,-1.));
#2017=DIRECTION('ref_axis',(1.,0.,0.));
#2018=DIRECTION('center_axis',(0.,-1.,0.));
#2019=DIRECTION('ref_axis',(-1.,0.,0.));
#2020=DIRECTION('',(1.,0.,0.));
#2021=DIRECTION('',(0.,0.,-1.));
#2022=DIRECTION('',(-1.,0.,0.));
#2023=DIRECTION('',(0.,0.,-1.));
#2024=DIRECTION('center_axis',(1.,0.,0.));
#2025=DIRECTION('ref_axis',(0.,-1.,0.));
#2026=DIRECTION('',(0.,1.,0.));
#2027=DIRECTION('',(0.,-1.,0.));
#2028=DIRECTION('',(0.,0.,-1.));
#2029=DIRECTION('center_axis',(0.,1.,0.));
#2030=DIRECTION('ref_axis',(1.,0.,0.));
#2031=DIRECTION('',(-1.,0.,0.));
#2032=DIRECTION('',(1.,0.,0.));
#2033=DIRECTION('',(0.,0.,-1.));
#2034=DIRECTION('center_axis',(-1.,0.,0.));
#2035=DIRECTION('ref_axis',(0.,1.,0.));
#2036=DIRECTION('',(0.,-1.,0.));
#2037=DIRECTION('',(0.,1.,0.));
#2038=DIRECTION('center_axis',(0.,0.,-1.));
#2039=DIRECTION('ref_axis',(-1.,0.,0.));
#2040=DIRECTION('center_axis',(0.,0.,-1.));
#2041=DIRECTION('ref_axis',(1.,0.,0.));
#2042=DIRECTION('center_axis',(1.,0.,0.));
#2043=DIRECTION('ref_axis',(0.,-1.,0.));
#2044=DIRECTION('',(0.,1.,0.));
#2045=DIRECTION('',(0.,0.,-1.));
#2046=DIRECTION('',(0.,-1.,0.));
#2047=DIRECTION('',(0.,0.,-1.));
#2048=DIRECTION('center_axis',(0.,1.,0.));
#2049=DIRECTION('ref_axis',(1.,0.,0.));
#2050=DIRECTION('',(-1.,0.,0.));
#2051=DIRECTION('',(1.,0.,0.));
#2052=DIRECTION('',(0.,0.,-1.));
#2053=DIRECTION('center_axis',(-1.,0.,0.));
#2054=DIRECTION('ref_axis',(0.,1.,0.));
#2055=DIRECTION('',(0.,-1.,0.));
#2056=DIRECTION('',(0.,1.,0.));
#2057=DIRECTION('',(0.,0.,-1.));
#2058=DIRECTION('center_axis',(0.,-1.,0.));
#2059=DIRECTION('ref_axis',(-1.,0.,0.));
#2060=DIRECTION('',(1.,0.,0.));
#2061=DIRECTION('',(-1.,0.,0.));
#2062=DIRECTION('center_axis',(0.,0.,-1.));
#2063=DIRECTION('ref_axis',(-1.,0.,0.));
#2064=DIRECTION('center_axis',(0.,0.,-1.));
#2065=DIRECTION('ref_axis',(1.,0.,0.));
#2066=CARTESIAN_POINT('',(0.,0.,0.));
#2067=CARTESIAN_POINT('Origin',(0.,8.50000000000001,-0.2));
#2068=CARTESIAN_POINT('',(0.,10.5,-0.200000000000001));
#2069=CARTESIAN_POINT('',(0.,8.50000000000001,-0.2));
#2070=CARTESIAN_POINT('',(0.,10.5,-0.200000000000001));
#2071=CARTESIAN_POINT('',(6.,10.5,-0.200000000000001));
#2072=CARTESIAN_POINT('',(0.,10.5,-0.200000000000001));
#2073=CARTESIAN_POINT('',(6.,8.50000000000001,-0.2));
#2074=CARTESIAN_POINT('',(6.,10.5,-0.200000000000001));
#2075=CARTESIAN_POINT('',(0.,8.50000000000001,-0.2));
#2076=CARTESIAN_POINT('Origin',(0.,8.50000000000001,0.));
#2077=CARTESIAN_POINT('',(0.,8.50000000000001,0.));
#2078=CARTESIAN_POINT('',(0.,8.50000000000001,-0.2));
#2079=CARTESIAN_POINT('',(6.,8.50000000000001,0.));
#2080=CARTESIAN_POINT('',(6.,8.50000000000001,-0.2));
#2081=CARTESIAN_POINT('',(1.5,8.50000000000001,0.));
#2082=CARTESIAN_POINT('Origin',(0.,10.5,-0.200000000000001));
#2083=CARTESIAN_POINT('',(0.,10.5,0.));
#2084=CARTESIAN_POINT('',(0.,10.5,0.));
#2085=CARTESIAN_POINT('',(6.,10.5,0.));
#2086=CARTESIAN_POINT('',(1.5,10.5,0.));
#2087=CARTESIAN_POINT('',(6.,10.5,0.));
#2088=CARTESIAN_POINT('Origin',(3.,6.5,0.));
#2089=CARTESIAN_POINT('',(6.,4.49999999999999,0.));
#2090=CARTESIAN_POINT('',(6.,0.,0.));
#2091=CARTESIAN_POINT('',(0.,4.49999999999999,0.));
#2092=CARTESIAN_POINT('',(1.5,4.5,0.));
#2093=CARTESIAN_POINT('',(0.,13.,0.));
#2094=CARTESIAN_POINT('Origin',(3.,6.5,0.));
#2095=CARTESIAN_POINT('',(0.,13.,0.));
#2096=CARTESIAN_POINT('',(0.,13.,0.));
#2097=CARTESIAN_POINT('',(6.,13.,0.));
#2098=CARTESIAN_POINT('',(6.,13.,0.));
#2099=CARTESIAN_POINT('',(6.,0.,0.));
#2100=CARTESIAN_POINT('Origin',(0.,4.49999999999999,-0.2));
#2101=CARTESIAN_POINT('',(0.,4.49999999999999,-0.2));
#2102=CARTESIAN_POINT('',(0.,4.49999999999999,-0.2));
#2103=CARTESIAN_POINT('',(6.,4.49999999999999,-0.2));
#2104=CARTESIAN_POINT('',(6.,4.49999999999999,-0.2));
#2105=CARTESIAN_POINT('',(0.,4.49999999999999,-0.2));
#2106=CARTESIAN_POINT('Origin',(0.,2.5,-0.200000000000001));
#2107=CARTESIAN_POINT('',(0.,2.5,-0.200000000000001));
#2108=CARTESIAN_POINT('',(0.,2.5,-0.200000000000001));
#2109=CARTESIAN_POINT('',(6.,2.5,-0.200000000000001));
#2110=CARTESIAN_POINT('',(6.,2.5,-0.200000000000001));
#2111=CARTESIAN_POINT('',(0.,2.5,-0.200000000000001));
#2112=CARTESIAN_POINT('Origin',(0.,2.5,0.));
#2113=CARTESIAN_POINT('',(0.,2.5,0.));
#2114=CARTESIAN_POINT('',(0.,2.5,0.));
#2115=CARTESIAN_POINT('',(6.,2.5,0.));
#2116=CARTESIAN_POINT('',(6.,2.5,0.));
#2117=CARTESIAN_POINT('',(1.5,2.5,0.));
#2118=CARTESIAN_POINT('Origin',(3.,6.5,0.));
#2119=CARTESIAN_POINT('',(6.,0.,0.));
#2120=CARTESIAN_POINT('',(6.,0.,0.));
#2121=CARTESIAN_POINT('',(0.,0.,0.));
#2122=CARTESIAN_POINT('',(0.,0.,0.));
#2123=CARTESIAN_POINT('',(0.,13.,0.));
#2124=CARTESIAN_POINT('Origin',(0.,9.5,1.));
#2125=CARTESIAN_POINT('',(0.,10.45,1.));
#2126=CARTESIAN_POINT('Origin',(0.,9.5,1.));
#2127=CARTESIAN_POINT('',(6.,10.45,1.));
#2128=CARTESIAN_POINT('',(0.,10.45,1.));
#2129=CARTESIAN_POINT('Origin',(6.,9.5,1.));
#2130=CARTESIAN_POINT('Origin',(0.,3.5,1.));
#2131=CARTESIAN_POINT('',(0.,4.45,1.));
#2132=CARTESIAN_POINT('Origin',(0.,3.5,1.));
#2133=CARTESIAN_POINT('',(6.,4.45,1.));
#2134=CARTESIAN_POINT('',(0.,4.45,1.));
#2135=CARTESIAN_POINT('Origin',(6.,3.5,1.));
#2136=CARTESIAN_POINT('Origin',(6.,13.,0.));
#2137=CARTESIAN_POINT('',(0.,13.,2.));
#2138=CARTESIAN_POINT('',(0.,13.,0.));
#2139=CARTESIAN_POINT('',(6.,13.,2.));
#2140=CARTESIAN_POINT('',(6.,13.,2.));
#2141=CARTESIAN_POINT('',(6.,13.,0.));
#2142=CARTESIAN_POINT('Origin',(6.,0.,0.));
#2143=CARTESIAN_POINT('',(6.,0.,2.));
#2144=CARTESIAN_POINT('',(6.,0.,2.));
#2145=CARTESIAN_POINT('',(6.,0.,0.));
#2146=CARTESIAN_POINT('Origin',(0.,0.,0.));
#2147=CARTESIAN_POINT('',(0.,0.,2.));
#2148=CARTESIAN_POINT('',(0.,0.,2.));
#2149=CARTESIAN_POINT('',(0.,0.,0.));
#2150=CARTESIAN_POINT('Origin',(0.,13.,0.));
#2151=CARTESIAN_POINT('',(0.,13.,2.));
#2152=CARTESIAN_POINT('Origin',(3.,6.5,2.));
#2153=CARTESIAN_POINT('Origin',(5.,1.1,6.22055727401701));
#2154=CARTESIAN_POINT('',(5.,1.16892414813031,6.));
#2155=CARTESIAN_POINT('',(5.,0.959385965452311,6.));
#2156=CARTESIAN_POINT('',(5.,3.8,6.));
#2157=CARTESIAN_POINT('',(5.,1.18948249794078,5.9342132806065));
#2158=CARTESIAN_POINT('',(5.,1.1,6.22055727401701));
#2159=CARTESIAN_POINT('',(5.,0.998586502333777,5.87455828197931));
#2160=CARTESIAN_POINT('',(5.,0.998586502333777,5.87455828197931));
#2161=CARTESIAN_POINT('',(5.,0.909104004392993,6.16090227538982));
#2162=CARTESIAN_POINT('Origin',(5.,0.909104004392993,6.16090227538982));
#2163=CARTESIAN_POINT('',(1.,0.959385965452311,6.));
#2164=CARTESIAN_POINT('',(4.,0.95938596545231,6.));
#2165=CARTESIAN_POINT('',(1.,0.998586502333777,5.87455828197931));
#2166=CARTESIAN_POINT('',(2.25,0.998586502333777,5.87455828197931));
#2167=CARTESIAN_POINT('',(1.,0.909104004392993,6.16090227538982));
#2168=CARTESIAN_POINT('Origin',(1.,0.909104004392993,6.16090227538982));
#2169=CARTESIAN_POINT('',(1.,1.16892414813031,6.));
#2170=CARTESIAN_POINT('',(1.,3.7045520021965,6.));
#2171=CARTESIAN_POINT('',(1.,1.18948249794078,5.9342132806065));
#2172=CARTESIAN_POINT('',(1.,0.998586502333777,5.87455828197931));
#2173=CARTESIAN_POINT('',(1.,1.1,6.22055727401701));
#2174=CARTESIAN_POINT('Origin',(1.,1.1,6.22055727401701));
#2175=CARTESIAN_POINT('',(2.25,1.16892414813031,6.));
#2176=CARTESIAN_POINT('',(2.,1.16892414813031,6.));
#2177=CARTESIAN_POINT('',(2.25,1.18948249794078,5.9342132806065));
#2178=CARTESIAN_POINT('',(1.,1.18948249794078,5.9342132806065));
#2179=CARTESIAN_POINT('',(2.25,1.1,6.22055727401701));
#2180=CARTESIAN_POINT('Origin',(3.75,1.1,6.22055727401701));
#2181=CARTESIAN_POINT('',(3.75,1.16892414813031,6.));
#2182=CARTESIAN_POINT('',(3.375,1.16892414813031,6.));
#2183=CARTESIAN_POINT('',(3.75,1.18948249794078,5.9342132806065));
#2184=CARTESIAN_POINT('',(3.75,1.1,6.22055727401701));
#2185=CARTESIAN_POINT('',(1.,1.18948249794078,5.9342132806065));
#2186=CARTESIAN_POINT('Origin',(3.75,8.73583982428024,8.60675721910458));
#2187=CARTESIAN_POINT('',(3.75,1.39999999999999,6.));
#2188=CARTESIAN_POINT('',(3.75,7.61791991214012,6.));
#2189=CARTESIAN_POINT('',(3.75,8.82532232222102,8.32041322569408));
#2190=CARTESIAN_POINT('Origin',(2.25,1.1,6.22055727401701));
#2191=CARTESIAN_POINT('',(2.25,1.4,6.));
#2192=CARTESIAN_POINT('',(2.25,3.8,6.));
#2193=CARTESIAN_POINT('',(2.25,1.18948249794078,5.9342132806065));
#2194=CARTESIAN_POINT('Origin',(3.,4.9119544122774,7.09748575383669));
#2195=CARTESIAN_POINT('',(3.00000000000001,1.4,6.));
#2196=CARTESIAN_POINT('Origin',(6.,13.,2.));
#2197=CARTESIAN_POINT('',(6.,13.,2.));
#2198=CARTESIAN_POINT('',(0.,13.,2.));
#2199=CARTESIAN_POINT('',(6.,13.,2.));
#2200=CARTESIAN_POINT('',(0.,13.,6.));
#2201=CARTESIAN_POINT('',(0.,13.,2.));
#2202=CARTESIAN_POINT('',(6.,13.,6.));
#2203=CARTESIAN_POINT('',(6.,13.,6.));
#2204=CARTESIAN_POINT('',(6.,13.,2.));
#2205=CARTESIAN_POINT('Origin',(6.,0.,2.));
#2206=CARTESIAN_POINT('',(6.,0.,2.));
#2207=CARTESIAN_POINT('',(6.,0.,2.));
#2208=CARTESIAN_POINT('',(6.,0.,6.));
#2209=CARTESIAN_POINT('',(6.,0.,6.));
#2210=CARTESIAN_POINT('',(6.,0.,2.));
#2211=CARTESIAN_POINT('Origin',(0.,0.,2.));
#2212=CARTESIAN_POINT('',(0.,0.,2.));
#2213=CARTESIAN_POINT('',(0.,0.,2.));
#2214=CARTESIAN_POINT('',(0.,0.,6.));
#2215=CARTESIAN_POINT('',(0.,0.,6.));
#2216=CARTESIAN_POINT('',(0.,0.,2.));
#2217=CARTESIAN_POINT('Origin',(0.,13.,2.));
#2218=CARTESIAN_POINT('',(0.,13.,2.));
#2219=CARTESIAN_POINT('',(0.,13.,6.));
#2220=CARTESIAN_POINT('Origin',(3.,6.5,6.));
#2221=CARTESIAN_POINT('Origin',(3.,6.5,2.));
#2222=CARTESIAN_POINT('Origin',(4.39999997764826,3.25,6.4));
#2223=CARTESIAN_POINT('',(4.39999997764826,3.9,6.5));
#2224=CARTESIAN_POINT('',(4.39999997764826,3.1,6.5));
#2225=CARTESIAN_POINT('',(4.39999997764826,3.25,6.5));
#2226=CARTESIAN_POINT('',(4.49999997764826,3.,6.4));
#2227=CARTESIAN_POINT('Origin',(4.39999997764826,3.1,6.4));
#2228=CARTESIAN_POINT('',(4.49999997764826,4.,6.4));
#2229=CARTESIAN_POINT('',(4.49999997764826,3.25,6.4));
#2230=CARTESIAN_POINT('Origin',(4.39999997764826,3.9,6.4));
#2231=CARTESIAN_POINT('Origin',(2.25000001117587,3.1,6.4));
#2232=CARTESIAN_POINT('',(1.60000002235174,3.1,6.5));
#2233=CARTESIAN_POINT('',(2.25000001117587,3.1,6.5));
#2234=CARTESIAN_POINT('',(1.50000002235174,3.,6.4));
#2235=CARTESIAN_POINT('Origin',(1.60000002235174,3.1,6.4));
#2236=CARTESIAN_POINT('',(2.25000001117587,3.,6.4));
#2237=CARTESIAN_POINT('Origin',(1.60000002235174,3.75,6.4));
#2238=CARTESIAN_POINT('',(1.60000002235174,3.9,6.5));
#2239=CARTESIAN_POINT('',(1.60000002235174,3.75,6.5));
#2240=CARTESIAN_POINT('',(1.50000002235174,4.,6.4));
#2241=CARTESIAN_POINT('Origin',(1.60000002235174,3.9,6.4));
#2242=CARTESIAN_POINT('',(1.50000002235174,3.75,6.4));
#2243=CARTESIAN_POINT('Origin',(3.74999998882413,3.9,6.4));
#2244=CARTESIAN_POINT('',(3.74999998882413,4.,6.4));
#2245=CARTESIAN_POINT('',(3.74999998882413,3.9,6.5));
#2246=CARTESIAN_POINT('Origin',(4.49999997764826,4.,6.));
#2247=CARTESIAN_POINT('',(4.49999997764826,4.,6.));
#2248=CARTESIAN_POINT('',(4.49999997764826,4.,6.));
#2249=CARTESIAN_POINT('',(1.50000002235174,4.,6.));
#2250=CARTESIAN_POINT('',(1.50000002235174,4.,6.));
#2251=CARTESIAN_POINT('',(1.50000002235174,4.,6.));
#2252=CARTESIAN_POINT('Origin',(4.49999997764826,3.,6.));
#2253=CARTESIAN_POINT('',(4.49999997764826,3.,6.));
#2254=CARTESIAN_POINT('',(4.49999997764826,3.,6.));
#2255=CARTESIAN_POINT('',(4.49999997764826,4.,6.));
#2256=CARTESIAN_POINT('Origin',(3.,3.5,6.5));
#2257=CARTESIAN_POINT('Origin',(1.50000002235174,4.,6.));
#2258=CARTESIAN_POINT('',(1.50000002235174,3.,6.));
#2259=CARTESIAN_POINT('',(1.50000002235174,3.,6.));
#2260=CARTESIAN_POINT('',(1.50000002235174,3.,6.));
#2261=CARTESIAN_POINT('Origin',(1.50000002235174,3.,6.));
#2262=CARTESIAN_POINT('',(4.49999997764826,3.,6.));
#2263=CARTESIAN_POINT('Origin',(3.,3.5,6.));
#2264=CARTESIAN_POINT('Origin',(1.,11.5413497666222,12.1027063595615));
#2265=CARTESIAN_POINT('',(1.,12.0413497666222,12.1027063595615));
#2266=CARTESIAN_POINT('Origin',(1.,11.5413497666222,12.1027063595615));
#2267=CARTESIAN_POINT('',(1.3,12.0413497666222,12.1027063595615));
#2268=CARTESIAN_POINT('',(1.,12.0413497666222,12.1027063595615));
#2269=CARTESIAN_POINT('Origin',(1.3,11.5413497666222,12.1027063595615));
#2270=CARTESIAN_POINT('Origin',(1.,11.5413497666222,12.1027063595615));
#2271=CARTESIAN_POINT('',(4.7,12.0413497666222,12.1027063595615));
#2272=CARTESIAN_POINT('Origin',(4.7,11.5413497666222,12.1027063595615));
#2273=CARTESIAN_POINT('',(5.,12.0413497666222,12.1027063595615));
#2274=CARTESIAN_POINT('',(1.,12.0413497666222,12.1027063595615));
#2275=CARTESIAN_POINT('Origin',(5.,11.5413497666222,12.1027063595615));
#2276=CARTESIAN_POINT('Origin',(4.7,13.7187572165146,10.1639189041778));
#2277=CARTESIAN_POINT('',(4.7,12.9730697336747,12.5501188492654));
#2278=CARTESIAN_POINT('',(4.7,10.1096297995696,11.6552938698576));
#2279=CARTESIAN_POINT('Origin',(4.7,11.5413497666222,12.1027063595615));
#2280=CARTESIAN_POINT('',(4.7,13.7187572165146,10.1639189041778));
#2281=CARTESIAN_POINT('',(4.7,13.7187572165146,10.1639189041778));
#2282=CARTESIAN_POINT('',(4.7,10.8553172824095,9.26909392476998));
#2283=CARTESIAN_POINT('',(4.7,7.4093786082573,8.19223808909742));
#2284=CARTESIAN_POINT('',(4.7,10.8553172824095,9.26909392476998));
#2285=CARTESIAN_POINT('Origin',(3.925,11.5413497666222,12.1027063595615));
#2286=CARTESIAN_POINT('',(5.,10.1096297995696,11.6552938698576));
#2287=CARTESIAN_POINT('',(5.,12.9730697336747,12.5501188492654));
#2288=CARTESIAN_POINT('Origin',(5.,11.5413497666222,12.1027063595615));
#2289=CARTESIAN_POINT('',(3.925,12.9730697336747,12.5501188492654));
#2290=CARTESIAN_POINT('',(4.775,10.1096297995696,11.6552938698576));
#2291=CARTESIAN_POINT('Origin',(1.3,10.8553172824095,9.26909392476998));
#2292=CARTESIAN_POINT('',(1.3,10.1096297995696,11.6552938698576));
#2293=CARTESIAN_POINT('',(1.3,12.9730697336747,12.5501188492654));
#2294=CARTESIAN_POINT('Origin',(1.3,11.5413497666222,12.1027063595615));
#2295=CARTESIAN_POINT('',(1.3,10.8553172824095,9.26909392476998));
#2296=CARTESIAN_POINT('',(1.3,10.8553172824095,9.26909392476998));
#2297=CARTESIAN_POINT('',(1.3,13.7187572165146,10.1639189041778));
#2298=CARTESIAN_POINT('',(1.3,5.97765864120475,7.74482559939349));
#2299=CARTESIAN_POINT('',(1.3,13.7187572165146,10.1639189041778));
#2300=CARTESIAN_POINT('Origin',(1.075,11.5413497666222,12.1027063595615));
#2301=CARTESIAN_POINT('',(1.,12.9730697336747,12.5501188492654));
#2302=CARTESIAN_POINT('',(2.075,12.9730697336747,12.5501188492654));
#2303=CARTESIAN_POINT('',(1.,10.1096297995696,11.6552938698576));
#2304=CARTESIAN_POINT('Origin',(1.,11.5413497666222,12.1027063595615));
#2305=CARTESIAN_POINT('',(1.075,10.1096297995696,11.6552938698576));
#2306=CARTESIAN_POINT('Origin',(1.,10.8553172824095,9.26909392476998));
#2307=CARTESIAN_POINT('',(1.,10.8553172824095,9.26909392476998));
#2308=CARTESIAN_POINT('',(1.,10.8553172824095,9.26909392476998));
#2309=CARTESIAN_POINT('',(2.,10.8553172824095,9.26909392476998));
#2310=CARTESIAN_POINT('Origin',(3.375,1.65147068055533,5.86904640499554));
#2311=CARTESIAN_POINT('',(5.,1.16892414813031,6.));
#2312=CARTESIAN_POINT('',(5.,1.50233318398736,6.34628639401305));
#2313=CARTESIAN_POINT('Origin',(5.,1.65147068055533,5.86904640499554));
#2314=CARTESIAN_POINT('',(3.75,1.50233318398736,6.34628639401305));
#2315=CARTESIAN_POINT('',(3.375,1.50233318398736,6.34628639401305));
#2316=CARTESIAN_POINT('',(3.75,1.16892414813031,6.));
#2317=CARTESIAN_POINT('Origin',(3.75,1.65147068055533,5.86904640499554));
#2318=CARTESIAN_POINT('',(3.375,1.16892414813031,6.));
#2319=CARTESIAN_POINT('Origin',(3.,1.1,6.22055727401701));
#2320=CARTESIAN_POINT('',(5.,10.8553172824095,9.26909392476998));
#2321=CARTESIAN_POINT('',(5.,1.1,6.22055727401701));
#2322=CARTESIAN_POINT('',(3.85,10.8553172824095,9.26909392476998));
#2323=CARTESIAN_POINT('',(3.,13.7187572165146,10.1639189041778));
#2324=CARTESIAN_POINT('',(1.,1.50233318398735,6.34628639401305));
#2325=CARTESIAN_POINT('',(1.,1.1,6.22055727401701));
#2326=CARTESIAN_POINT('',(2.25,1.50233318398735,6.34628639401305));
#2327=CARTESIAN_POINT('',(2.,1.50233318398735,6.34628639401305));
#2328=CARTESIAN_POINT('',(2.25,8.73583982428024,8.60675721910458));
#2329=CARTESIAN_POINT('',(2.25,1.1,6.22055727401701));
#2330=CARTESIAN_POINT('',(3.75,8.73583982428024,8.60675721910458));
#2331=CARTESIAN_POINT('',(2.625,8.73583982428024,8.60675721910458));
#2332=CARTESIAN_POINT('',(3.75,4.91791991214012,7.41365724656079));
#2333=CARTESIAN_POINT('Origin',(5.,7.45411985722769,8.08195945208891));
#2334=CARTESIAN_POINT('',(5.,10.8553172824095,9.26909392476998));
#2335=CARTESIAN_POINT('',(5.,1.4,6.));
#2336=CARTESIAN_POINT('',(5.,13.,6.));
#2337=CARTESIAN_POINT('',(5.,13.8082397144554,9.87757491076732));
#2338=CARTESIAN_POINT('',(5.,1.4,6.));
#2339=CARTESIAN_POINT('',(5.,13.7187572165146,10.1639189041778));
#2340=CARTESIAN_POINT('Origin',(2.,1.65147068055533,5.86904640499554));
#2341=CARTESIAN_POINT('',(2.25,1.16892414813031,6.));
#2342=CARTESIAN_POINT('Origin',(2.25,1.65147068055533,5.86904640499554));
#2343=CARTESIAN_POINT('',(1.,1.16892414813031,6.));
#2344=CARTESIAN_POINT('Origin',(1.,1.65147068055533,5.86904640499554));
#2345=CARTESIAN_POINT('',(2.,1.16892414813031,6.));
#2346=CARTESIAN_POINT('Origin',(2.25,1.1,6.22055727401701));
#2347=CARTESIAN_POINT('',(2.25,1.4,6.));
#2348=CARTESIAN_POINT('',(2.25,1.25,6.));
#2349=CARTESIAN_POINT('',(2.25,8.82532232222102,8.32041322569408));
#2350=CARTESIAN_POINT('',(2.25,7.49886110619808,7.90589409568691));
#2351=CARTESIAN_POINT('',(2.25,8.73583982428024,8.60675721910458));
#2352=CARTESIAN_POINT('Origin',(3.75,8.73583982428024,8.60675721910458));
#2353=CARTESIAN_POINT('',(3.75,8.82532232222102,8.32041322569408));
#2354=CARTESIAN_POINT('',(3.75,8.73583982428024,8.60675721910458));
#2355=CARTESIAN_POINT('',(3.75,1.4,6.));
#2356=CARTESIAN_POINT('',(3.75,11.3167810183382,9.0989940682307));
#2357=CARTESIAN_POINT('',(3.75,5.06791991214012,6.));
#2358=CARTESIAN_POINT('Origin',(2.25,8.73583982428024,8.60675721910458));
#2359=CARTESIAN_POINT('',(2.625,8.82532232222102,8.32041322569407));
#2360=CARTESIAN_POINT('Origin',(3.,1.4,6.));
#2361=CARTESIAN_POINT('',(3.,1.4,6.));
#2362=CARTESIAN_POINT('Origin',(4.7,10.8553172824095,9.26909392476998));
#2363=CARTESIAN_POINT('Origin',(3.,13.8082397144554,9.87757491076732));
#2364=CARTESIAN_POINT('',(1.,1.4,6.));
#2365=CARTESIAN_POINT('',(3.,1.4,6.));
#2366=CARTESIAN_POINT('',(1.,13.8082397144554,9.87757491076732));
#2367=CARTESIAN_POINT('',(1.,1.4,6.));
#2368=CARTESIAN_POINT('',(3.,13.8082397144554,9.87757491076732));
#2369=CARTESIAN_POINT('Origin',(3.,13.7187572165146,10.1639189041778));
#2370=CARTESIAN_POINT('',(1.,13.7187572165146,10.1639189041778));
#2371=CARTESIAN_POINT('Origin',(3.,1.4,6.));
#2372=CARTESIAN_POINT('',(1.,13.,6.));
#2373=CARTESIAN_POINT('Origin',(1.,7.45411985722769,8.08195945208891));
#2374=CARTESIAN_POINT('Origin',(1.7,11.5413497666222,12.1027063595615));
#2375=CARTESIAN_POINT('',(1.7,11.0413497666222,12.1027063595615));
#2376=CARTESIAN_POINT('Origin',(1.7,11.5413497666222,12.1027063595615));
#2377=CARTESIAN_POINT('',(4.3,11.0413497666222,12.1027063595615));
#2378=CARTESIAN_POINT('',(1.7,11.0413497666222,12.1027063595615));
#2379=CARTESIAN_POINT('Origin',(4.3,11.5413497666222,12.1027063595615));
#2380=CARTESIAN_POINT('Origin',(1.7,11.5413497666222,12.1027063595615));
#2381=CARTESIAN_POINT('',(4.3,9.54134976662218,12.1027063595615));
#2382=CARTESIAN_POINT('Origin',(4.3,11.5413497666222,12.1027063595615));
#2383=CARTESIAN_POINT('',(1.7,9.54134976662218,12.1027063595615));
#2384=CARTESIAN_POINT('',(1.7,9.5413497666222,12.1027063595615));
#2385=CARTESIAN_POINT('Origin',(1.7,11.5413497666222,12.1027063595615));
#2386=CARTESIAN_POINT('Origin',(4.3,11.5413497666222,12.1027063595615));
#2387=CARTESIAN_POINT('Origin',(1.7,11.5413497666222,12.1027063595615));
#2388=CARTESIAN_POINT('Origin',(5.05,11.5413497666222,12.1027063595615));
#2389=CARTESIAN_POINT('',(5.05,10.9413497666222,12.1027063595615));
#2390=CARTESIAN_POINT('Origin',(5.05,11.5413497666222,12.1027063595615));
#2391=CARTESIAN_POINT('',(5.05,11.9413497666222,12.1027063595615));
#2392=CARTESIAN_POINT('Origin',(5.05,11.5413497666222,12.1027063595615));
#2393=CARTESIAN_POINT('Origin',(5.05,11.5413497666222,12.1027063595615));
#2394=CARTESIAN_POINT('',(5.15,10.9413497666222,12.1027063595615));
#2395=CARTESIAN_POINT('Origin',(5.15,11.5413497666222,12.1027063595615));
#2396=CARTESIAN_POINT('',(5.05,10.9413497666222,12.1027063595615));
#2397=CARTESIAN_POINT('Origin',(5.15,11.5413497666222,12.1027063595615));
#2398=CARTESIAN_POINT('Origin',(0.95,11.5413497666222,12.1027063595615));
#2399=CARTESIAN_POINT('',(0.95,12.1413497666222,12.1027063595615));
#2400=CARTESIAN_POINT('Origin',(0.95,11.5413497666222,12.1027063595615));
#2401=CARTESIAN_POINT('',(0.95,11.9413497666222,12.1027063595615));
#2402=CARTESIAN_POINT('Origin',(0.95,11.5413497666222,12.1027063595615));
#2403=CARTESIAN_POINT('Origin',(0.95,11.5413497666222,12.1027063595615));
#2404=CARTESIAN_POINT('',(0.85,12.1413497666222,12.1027063595615));
#2405=CARTESIAN_POINT('Origin',(0.85,11.5413497666222,12.1027063595615));
#2406=CARTESIAN_POINT('',(0.95,12.1413497666222,12.1027063595615));
#2407=CARTESIAN_POINT('Origin',(0.85,11.5413497666222,12.1027063595615));
#2408=CARTESIAN_POINT('Origin',(1.,11.5413497666222,12.1027063595615));
#2409=CARTESIAN_POINT('',(1.,11.9413497666222,12.1027063595615));
#2410=CARTESIAN_POINT('Origin',(3.24999999906914,11.3,0.));
#2411=CARTESIAN_POINT('',(2.74999999906914,11.3,0.));
#2412=CARTESIAN_POINT('',(3.24999999906914,11.3,0.));
#2413=CARTESIAN_POINT('',(2.74999999906914,11.3,0.));
#2414=CARTESIAN_POINT('',(2.74999999906914,11.3,-3.));
#2415=CARTESIAN_POINT('',(2.74999999906914,11.3,0.));
#2416=CARTESIAN_POINT('',(3.24999999906914,11.3,-3.));
#2417=CARTESIAN_POINT('',(2.74999999906914,11.3,-3.));
#2418=CARTESIAN_POINT('',(3.24999999906914,11.3,0.));
#2419=CARTESIAN_POINT('Origin',(3.24999999906914,11.9,0.));
#2420=CARTESIAN_POINT('',(3.24999999906914,11.9,0.));
#2421=CARTESIAN_POINT('',(3.24999999906914,11.3,0.));
#2422=CARTESIAN_POINT('',(3.24999999906914,11.9,-3.));
#2423=CARTESIAN_POINT('',(3.24999999906914,11.3,-3.));
#2424=CARTESIAN_POINT('',(3.24999999906914,11.9,0.));
#2425=CARTESIAN_POINT('Origin',(2.74999999906914,11.9,0.));
#2426=CARTESIAN_POINT('',(2.74999999906914,11.9,0.));
#2427=CARTESIAN_POINT('',(3.24999999906914,11.9,0.));
#2428=CARTESIAN_POINT('',(2.74999999906914,11.9,-3.));
#2429=CARTESIAN_POINT('',(3.24999999906914,11.9,-3.));
#2430=CARTESIAN_POINT('',(2.74999999906914,11.9,0.));
#2431=CARTESIAN_POINT('Origin',(2.74999999906914,11.3,0.));
#2432=CARTESIAN_POINT('',(2.74999999906914,11.9,0.));
#2433=CARTESIAN_POINT('',(2.74999999906914,11.9,-3.));
#2434=CARTESIAN_POINT('Origin',(2.99999999906914,11.6,-3.));
#2435=CARTESIAN_POINT('Origin',(2.99999999906914,11.6,0.));
#2436=CARTESIAN_POINT('Origin',(3.24999999906914,6.2,0.));
#2437=CARTESIAN_POINT('',(2.74999999906914,6.2,0.));
#2438=CARTESIAN_POINT('',(3.24999999906914,6.2,0.));
#2439=CARTESIAN_POINT('',(2.74999999906914,6.2,0.));
#2440=CARTESIAN_POINT('',(2.74999999906914,6.2,-3.));
#2441=CARTESIAN_POINT('',(2.74999999906914,6.2,0.));
#2442=CARTESIAN_POINT('',(3.24999999906914,6.2,-3.));
#2443=CARTESIAN_POINT('',(2.74999999906914,6.2,-3.));
#2444=CARTESIAN_POINT('',(3.24999999906914,6.2,0.));
#2445=CARTESIAN_POINT('Origin',(3.24999999906914,6.8,0.));
#2446=CARTESIAN_POINT('',(3.24999999906914,6.8,0.));
#2447=CARTESIAN_POINT('',(3.24999999906914,6.2,0.));
#2448=CARTESIAN_POINT('',(3.24999999906914,6.8,-3.));
#2449=CARTESIAN_POINT('',(3.24999999906914,6.2,-3.));
#2450=CARTESIAN_POINT('',(3.24999999906914,6.8,0.));
#2451=CARTESIAN_POINT('Origin',(2.74999999906914,6.8,0.));
#2452=CARTESIAN_POINT('',(2.74999999906914,6.8,0.));
#2453=CARTESIAN_POINT('',(3.24999999906914,6.8,0.));
#2454=CARTESIAN_POINT('',(2.74999999906914,6.8,-3.));
#2455=CARTESIAN_POINT('',(3.24999999906914,6.8,-3.));
#2456=CARTESIAN_POINT('',(2.74999999906914,6.8,0.));
#2457=CARTESIAN_POINT('Origin',(2.74999999906914,6.2,0.));
#2458=CARTESIAN_POINT('',(2.74999999906914,6.8,0.));
#2459=CARTESIAN_POINT('',(2.74999999906914,6.8,-3.));
#2460=CARTESIAN_POINT('Origin',(2.99999999906914,6.5,-3.));
#2461=CARTESIAN_POINT('Origin',(2.99999999906914,6.5,0.));
#2462=CARTESIAN_POINT('Origin',(3.24999999906914,1.7,0.));
#2463=CARTESIAN_POINT('',(3.24999999906914,1.1,0.));
#2464=CARTESIAN_POINT('',(3.24999999906914,1.7,0.));
#2465=CARTESIAN_POINT('',(3.24999999906914,1.1,0.));
#2466=CARTESIAN_POINT('',(3.24999999906914,1.1,-3.));
#2467=CARTESIAN_POINT('',(3.24999999906914,1.1,0.));
#2468=CARTESIAN_POINT('',(3.24999999906914,1.7,-3.));
#2469=CARTESIAN_POINT('',(3.24999999906914,1.1,-3.));
#2470=CARTESIAN_POINT('',(3.24999999906914,1.7,0.));
#2471=CARTESIAN_POINT('Origin',(2.74999999906914,1.7,0.));
#2472=CARTESIAN_POINT('',(2.74999999906914,1.7,0.));
#2473=CARTESIAN_POINT('',(3.24999999906914,1.7,0.));
#2474=CARTESIAN_POINT('',(2.74999999906914,1.7,-3.));
#2475=CARTESIAN_POINT('',(3.24999999906914,1.7,-3.));
#2476=CARTESIAN_POINT('',(2.74999999906914,1.7,0.));
#2477=CARTESIAN_POINT('Origin',(2.74999999906914,1.1,0.));
#2478=CARTESIAN_POINT('',(2.74999999906914,1.1,0.));
#2479=CARTESIAN_POINT('',(2.74999999906914,1.7,0.));
#2480=CARTESIAN_POINT('',(2.74999999906914,1.1,-3.));
#2481=CARTESIAN_POINT('',(2.74999999906914,1.7,-3.));
#2482=CARTESIAN_POINT('',(2.74999999906914,1.1,0.));
#2483=CARTESIAN_POINT('Origin',(3.24999999906914,1.1,0.));
#2484=CARTESIAN_POINT('',(2.74999999906914,1.1,0.));
#2485=CARTESIAN_POINT('',(2.74999999906914,1.1,-3.));
#2486=CARTESIAN_POINT('Origin',(2.99999999906914,1.4,-3.));
#2487=CARTESIAN_POINT('Origin',(2.99999999906914,1.4,0.));
#2488=UNCERTAINTY_MEASURE_WITH_UNIT(LENGTH_MEASURE(0.01),#2492,
'DISTANCE_ACCURACY_VALUE',
'Maximum model space distance between geometric entities at asserted c
onnectivities');
#2489=UNCERTAINTY_MEASURE_WITH_UNIT(LENGTH_MEASURE(0.01),#2492,
'DISTANCE_ACCURACY_VALUE',
'Maximum model space distance between geometric entities at asserted c
onnectivities');
#2490=(
GEOMETRIC_REPRESENTATION_CONTEXT(3)
GLOBAL_UNCERTAINTY_ASSIGNED_CONTEXT((#2488))
GLOBAL_UNIT_ASSIGNED_CONTEXT((#2492,#2494,#2495))
REPRESENTATION_CONTEXT('','3D')
);
#2491=(
GEOMETRIC_REPRESENTATION_CONTEXT(3)
GLOBAL_UNCERTAINTY_ASSIGNED_CONTEXT((#2489))
GLOBAL_UNIT_ASSIGNED_CONTEXT((#2492,#2494,#2495))
REPRESENTATION_CONTEXT('','3D')
);
#2492=(
LENGTH_UNIT()
NAMED_UNIT(*)
SI_UNIT(.MILLI.,.METRE.)
);
#2493=(
LENGTH_UNIT()
NAMED_UNIT(*)
SI_UNIT($,.METRE.)
);
#2494=(
NAMED_UNIT(*)
PLANE_ANGLE_UNIT()
SI_UNIT($,.RADIAN.)
);
#2495=(
NAMED_UNIT(*)
SI_UNIT($,.STERADIAN.)
SOLID_ANGLE_UNIT()
);
#2496=SHAPE_DEFINITION_REPRESENTATION(#2497,#2498);
#2497=PRODUCT_DEFINITION_SHAPE('',$,#2500);
#2498=SHAPE_REPRESENTATION('',(#1536),#2490);
#2499=PRODUCT_DEFINITION_CONTEXT('part definition',#2504,'design');
#2500=PRODUCT_DEFINITION('2026-05-24-09-01-10-444','limit switch',#2501,
#2499);
#2501=PRODUCT_DEFINITION_FORMATION('',$,#2506);
#2502=PRODUCT_RELATED_PRODUCT_CATEGORY('limit switch','limit switch',(#2506));
#2503=APPLICATION_PROTOCOL_DEFINITION('international standard',
'automotive_design',2009,#2504);
#2504=APPLICATION_CONTEXT(
'Core Data for Automotive Mechanical Design Process');
#2505=PRODUCT_CONTEXT('part definition',#2504,'mechanical');
#2506=PRODUCT('2026-05-24-09-01-10-444','limit switch',$,(#2505));
#2507=PRESENTATION_STYLE_ASSIGNMENT((#2512));
#2508=PRESENTATION_STYLE_ASSIGNMENT((#2513));
#2509=PRESENTATION_STYLE_ASSIGNMENT((#2514));
#2510=PRESENTATION_STYLE_ASSIGNMENT((#2515));
#2511=PRESENTATION_STYLE_ASSIGNMENT((#2516));
#2512=SURFACE_STYLE_USAGE(.BOTH.,#2517);
#2513=SURFACE_STYLE_USAGE(.BOTH.,#2518);
#2514=SURFACE_STYLE_USAGE(.BOTH.,#2519);
#2515=SURFACE_STYLE_USAGE(.BOTH.,#2520);
#2516=SURFACE_STYLE_USAGE(.BOTH.,#2521);
#2517=SURFACE_SIDE_STYLE('',(#2522));
#2518=SURFACE_SIDE_STYLE('',(#2523));
#2519=SURFACE_SIDE_STYLE('',(#2524));
#2520=SURFACE_SIDE_STYLE('',(#2525));
#2521=SURFACE_SIDE_STYLE('',(#2526));
#2522=SURFACE_STYLE_FILL_AREA(#2527);
#2523=SURFACE_STYLE_FILL_AREA(#2528);
#2524=SURFACE_STYLE_FILL_AREA(#2529);
#2525=SURFACE_STYLE_FILL_AREA(#2530);
#2526=SURFACE_STYLE_FILL_AREA(#2531);
#2527=FILL_AREA_STYLE('Plate',(#2532));
#2528=FILL_AREA_STYLE('Opaque(246,246,243)',(#2533));
#2529=FILL_AREA_STYLE('Opaque(63,63,63)',(#2534));
#2530=FILL_AREA_STYLE('Opaque(238,14,59)',(#2535));
#2531=FILL_AREA_STYLE('Opaque(245,245,246)',(#2536));
#2532=FILL_AREA_STYLE_COLOUR('Plate',#2537);
#2533=FILL_AREA_STYLE_COLOUR('Opaque(246,246,243)',#2538);
#2534=FILL_AREA_STYLE_COLOUR('Opaque(63,63,63)',#2539);
#2535=FILL_AREA_STYLE_COLOUR('Opaque(238,14,59)',#2540);
#2536=FILL_AREA_STYLE_COLOUR('Opaque(245,245,246)',#2541);
#2537=COLOUR_RGB('Plate',0.6,0.6,0.6);
#2538=COLOUR_RGB('Opaque(246,246,243)',0.964705882352941,0.964705882352941,
0.952941176470588);
#2539=COLOUR_RGB('Opaque(63,63,63)',0.250980392156863,0.250980392156863,
0.250980392156863);
#2540=COLOUR_RGB('Opaque(238,14,59)',0.933333333333333,0.0549019607843137,
0.231372549019608);
#2541=COLOUR_RGB('Opaque(245,245,246)',0.96078431372549,0.96078431372549,
0.964705882352941);
ENDSEC;
END-ISO-10303-21;
