ISO-10303-21;
HEADER;
/* Generated by software containing ST-Developer
 * from STEP Tools, Inc. (www.steptools.com) 
 */

FILE_DESCRIPTION(
/* description */ (''),
/* implementation_level */ '2;1');

FILE_NAME(
/* name */ 'Altitude Bearing to plank connector.step',
/* time_stamp */ '2026-09-08T22:01:10+05:30',
/* author */ (''),
/* organization */ (''),
/* preprocessor_version */ 'ST-DEVELOPER v20.2',
/* originating_system */ 'Autodesk Translation Framework v15.15.0.0',
/* authorisation */ '');

FILE_SCHEMA (('AUTOMOTIVE_DESIGN { 1 0 10303 214 3 1 1 }'));
ENDSEC;

DATA;
#10=MECHANICAL_DESIGN_GEOMETRIC_PRESENTATION_REPRESENTATION('',(#13),#1964);
#11=SHAPE_REPRESENTATION_RELATIONSHIP('SRR','None',#1971,#12);
#12=ADVANCED_BREP_SHAPE_REPRESENTATION('',(#14),#1963);
#13=STYLED_ITEM('',(#1981),#14);
#14=MANIFOLD_SOLID_BREP('Body1',#988);
#15=B_SPLINE_SURFACE_WITH_KNOTS('',3,3,((#1627,#1628,#1629,#1630,#1631,
#1632,#1633,#1634),(#1635,#1636,#1637,#1638,#1639,#1640,#1641,#1642),(#1643,
#1644,#1645,#1646,#1647,#1648,#1649,#1650),(#1651,#1652,#1653,#1654,#1655,
#1656,#1657,#1658),(#1659,#1660,#1661,#1662,#1663,#1664,#1665,#1666)),
 .UNSPECIFIED.,.F.,.F.,.F.,(4,1,4),(4,1,1,1,1,4),(0.,0.571428571428571,
1.),(-1.50579285612253,-1.18312295838199,-0.860453060641448,-0.430226530320724,
-0.215113265160362,8.32667268468867E-17),.UNSPECIFIED.);
#16=B_SPLINE_SURFACE_WITH_KNOTS('',3,3,((#1689,#1690,#1691,#1692,#1693,
#1694,#1695),(#1696,#1697,#1698,#1699,#1700,#1701,#1702),(#1703,#1704,#1705,
#1706,#1707,#1708,#1709),(#1710,#1711,#1712,#1713,#1714,#1715,#1716),(#1717,
#1718,#1719,#1720,#1721,#1722,#1723)),.UNSPECIFIED.,.F.,.F.,.F.,(4,1,4),
(4,1,1,1,4),(0.,0.571428571428571,1.),(-6.89302662358594E-33,0.215113265145936,
0.645339795437807,1.07556632572968,1.50579285602155),.UNSPECIFIED.);
#17=B_SPLINE_SURFACE_WITH_KNOTS('',3,3,((#1767,#1768,#1769,#1770,#1771,
#1772,#1773),(#1774,#1775,#1776,#1777,#1778,#1779,#1780),(#1781,#1782,#1783,
#1784,#1785,#1786,#1787),(#1788,#1789,#1790,#1791,#1792,#1793,#1794),(#1795,
#1796,#1797,#1798,#1799,#1800,#1801)),.UNSPECIFIED.,.F.,.F.,.F.,(4,1,4),
(4,1,1,1,4),(0.,0.571428571428571,1.),(-1.01680930307156E-33,0.430226530266964,
0.645339795400445,1.07556632566741,1.50579285593437),.UNSPECIFIED.);
#18=B_SPLINE_SURFACE_WITH_KNOTS('',3,3,((#1817,#1818,#1819,#1820,#1821,
#1822,#1823,#1824),(#1825,#1826,#1827,#1828,#1829,#1830,#1831,#1832),(#1833,
#1834,#1835,#1836,#1837,#1838,#1839,#1840),(#1841,#1842,#1843,#1844,#1845,
#1846,#1847,#1848),(#1849,#1850,#1851,#1852,#1853,#1854,#1855,#1856)),
 .UNSPECIFIED.,.F.,.F.,.F.,(4,1,4),(4,1,1,1,1,4),(0.,0.571428571428571,
1.),(-6.92756925163645E-17,0.215113265148004,0.430226530296008,0.860453060592015,
1.18312295831402,1.50579285603603),.UNSPECIFIED.);
#19=FACE_BOUND('',#271,.T.);
#20=FACE_BOUND('',#272,.T.);
#21=FACE_BOUND('',#294,.T.);
#22=FACE_BOUND('',#307,.T.);
#23=FACE_BOUND('',#308,.T.);
#24=FACE_BOUND('',#310,.T.);
#25=FACE_BOUND('',#311,.T.);
#26=FACE_BOUND('',#313,.T.);
#27=FACE_BOUND('',#314,.T.);
#28=FACE_BOUND('',#317,.T.);
#29=PLANE('',#1025);
#30=PLANE('',#1029);
#31=PLANE('',#1030);
#32=PLANE('',#1044);
#33=PLANE('',#1047);
#34=PLANE('',#1063);
#35=PLANE('',#1069);
#36=PLANE('',#1071);
#37=PLANE('',#1073);
#38=PLANE('',#1075);
#39=PLANE('',#1079);
#40=PLANE('',#1080);
#41=PLANE('',#1083);
#42=PLANE('',#1084);
#43=PLANE('',#1086);
#44=PLANE('',#1087);
#45=PLANE('',#1089);
#46=PLANE('',#1100);
#47=PLANE('',#1101);
#48=PLANE('',#1102);
#49=PLANE('',#1103);
#50=PLANE('',#1106);
#51=TOROIDAL_SURFACE('',#1019,12.,2.);
#52=TOROIDAL_SURFACE('',#1038,12.,2.);
#53=ELLIPSE('',#1007,15.6204993518133,10.);
#54=ELLIPSE('',#1008,15.6204993518133,10.);
#55=ELLIPSE('',#1014,15.6204993518133,10.);
#56=ELLIPSE('',#1015,15.6204993518133,10.);
#57=ELLIPSE('',#1028,15.6204993518133,10.);
#58=ELLIPSE('',#1049,15.6204993518133,10.);
#59=ELLIPSE('',#1052,15.6204993518133,10.);
#60=ELLIPSE('',#1056,15.6204993518133,10.);
#61=LINE('',#1441,#130);
#62=LINE('',#1450,#131);
#63=LINE('',#1458,#132);
#64=LINE('',#1459,#133);
#65=LINE('',#1512,#134);
#66=LINE('',#1521,#135);
#67=LINE('',#1529,#136);
#68=LINE('',#1530,#137);
#69=LINE('',#1536,#138);
#70=LINE('',#1539,#139);
#71=LINE('',#1550,#140);
#72=LINE('',#1551,#141);
#73=LINE('',#1554,#142);
#74=LINE('',#1557,#143);
#75=LINE('',#1560,#144);
#76=LINE('',#1569,#145);
#77=LINE('',#1570,#146);
#78=LINE('',#1573,#147);
#79=LINE('',#1575,#148);
#80=LINE('',#1577,#149);
#81=LINE('',#1581,#150);
#82=LINE('',#1585,#151);
#83=LINE('',#1589,#152);
#84=LINE('',#1593,#153);
#85=LINE('',#1597,#154);
#86=LINE('',#1600,#155);
#87=LINE('',#1611,#156);
#88=LINE('',#1612,#157);
#89=LINE('',#1615,#158);
#90=LINE('',#1617,#159);
#91=LINE('',#1618,#160);
#92=LINE('',#1625,#161);
#93=LINE('',#1626,#162);
#94=LINE('',#1681,#163);
#95=LINE('',#1684,#164);
#96=LINE('',#1739,#165);
#97=LINE('',#1740,#166);
#98=LINE('',#1748,#167);
#99=LINE('',#1756,#168);
#100=LINE('',#1761,#169);
#101=LINE('',#1765,#170);
#102=LINE('',#1814,#171);
#103=LINE('',#1815,#172);
#104=LINE('',#1869,#173);
#105=LINE('',#1874,#174);
#106=LINE('',#1877,#175);
#107=LINE('',#1881,#176);
#108=LINE('',#1884,#177);
#109=LINE('',#1889,#178);
#110=LINE('',#1892,#179);
#111=LINE('',#1896,#180);
#112=LINE('',#1899,#181);
#113=LINE('',#1901,#182);
#114=LINE('',#1903,#183);
#115=LINE('',#1905,#184);
#116=LINE('',#1908,#185);
#117=LINE('',#1912,#186);
#118=LINE('',#1915,#187);
#119=LINE('',#1916,#188);
#120=LINE('',#1918,#189);
#121=LINE('',#1925,#190);
#122=LINE('',#1926,#191);
#123=LINE('',#1931,#192);
#124=LINE('',#1936,#193);
#125=LINE('',#1941,#194);
#126=LINE('',#1946,#195);
#127=LINE('',#1948,#196);
#128=LINE('',#1955,#197);
#129=LINE('',#1960,#198);
#130=VECTOR('',#1121,10.);
#131=VECTOR('',#1124,10.);
#132=VECTOR('',#1127,10.);
#133=VECTOR('',#1128,10.);
#134=VECTOR('',#1139,10.);
#135=VECTOR('',#1142,10.);
#136=VECTOR('',#1145,10.);
#137=VECTOR('',#1146,10.);
#138=VECTOR('',#1151,10.);
#139=VECTOR('',#1154,10.);
#140=VECTOR('',#1167,10.);
#141=VECTOR('',#1168,10.);
#142=VECTOR('',#1171,10.);
#143=VECTOR('',#1174,10.);
#144=VECTOR('',#1177,10.);
#145=VECTOR('',#1182,10.);
#146=VECTOR('',#1183,10.);
#147=VECTOR('',#1186,10.);
#148=VECTOR('',#1187,10.);
#149=VECTOR('',#1188,10.);
#150=VECTOR('',#1191,10.);
#151=VECTOR('',#1194,10.);
#152=VECTOR('',#1197,10.);
#153=VECTOR('',#1200,10.);
#154=VECTOR('',#1205,10.);
#155=VECTOR('',#1208,10.);
#156=VECTOR('',#1221,10.);
#157=VECTOR('',#1222,10.);
#158=VECTOR('',#1225,10.);
#159=VECTOR('',#1226,10.);
#160=VECTOR('',#1227,10.);
#161=VECTOR('',#1234,10.);
#162=VECTOR('',#1235,10.);
#163=VECTOR('',#1242,10.);
#164=VECTOR('',#1245,10.);
#165=VECTOR('',#1252,10.);
#166=VECTOR('',#1253,10.);
#167=VECTOR('',#1256,10.);
#168=VECTOR('',#1259,10.);
#169=VECTOR('',#1264,10.);
#170=VECTOR('',#1267,10.);
#171=VECTOR('',#1274,10.);
#172=VECTOR('',#1275,10.);
#173=VECTOR('',#1282,10.);
#174=VECTOR('',#1287,10.);
#175=VECTOR('',#1290,10.);
#176=VECTOR('',#1295,10.);
#177=VECTOR('',#1298,10.);
#178=VECTOR('',#1305,10.);
#179=VECTOR('',#1308,10.);
#180=VECTOR('',#1313,10.);
#181=VECTOR('',#1316,10.);
#182=VECTOR('',#1319,10.);
#183=VECTOR('',#1322,10.);
#184=VECTOR('',#1323,10.);
#185=VECTOR('',#1326,10.);
#186=VECTOR('',#1331,10.);
#187=VECTOR('',#1334,10.);
#188=VECTOR('',#1335,10.);
#189=VECTOR('',#1338,10.);
#190=VECTOR('',#1347,10.);
#191=VECTOR('',#1348,10.);
#192=VECTOR('',#1353,2.125);
#193=VECTOR('',#1360,2.125);
#194=VECTOR('',#1365,2.125);
#195=VECTOR('',#1372,2.125);
#196=VECTOR('',#1375,10.);
#197=VECTOR('',#1386,22.5);
#198=VECTOR('',#1393,20.);
#199=FACE_OUTER_BOUND('',#254,.T.);
#200=FACE_OUTER_BOUND('',#255,.T.);
#201=FACE_OUTER_BOUND('',#256,.T.);
#202=FACE_OUTER_BOUND('',#257,.T.);
#203=FACE_OUTER_BOUND('',#258,.T.);
#204=FACE_OUTER_BOUND('',#259,.T.);
#205=FACE_OUTER_BOUND('',#260,.T.);
#206=FACE_OUTER_BOUND('',#261,.T.);
#207=FACE_OUTER_BOUND('',#262,.T.);
#208=FACE_OUTER_BOUND('',#263,.T.);
#209=FACE_OUTER_BOUND('',#264,.T.);
#210=FACE_OUTER_BOUND('',#265,.T.);
#211=FACE_OUTER_BOUND('',#266,.T.);
#212=FACE_OUTER_BOUND('',#267,.T.);
#213=FACE_OUTER_BOUND('',#268,.T.);
#214=FACE_OUTER_BOUND('',#269,.T.);
#215=FACE_OUTER_BOUND('',#270,.T.);
#216=FACE_OUTER_BOUND('',#273,.T.);
#217=FACE_OUTER_BOUND('',#274,.T.);
#218=FACE_OUTER_BOUND('',#275,.T.);
#219=FACE_OUTER_BOUND('',#276,.T.);
#220=FACE_OUTER_BOUND('',#277,.T.);
#221=FACE_OUTER_BOUND('',#278,.T.);
#222=FACE_OUTER_BOUND('',#279,.T.);
#223=FACE_OUTER_BOUND('',#280,.T.);
#224=FACE_OUTER_BOUND('',#281,.T.);
#225=FACE_OUTER_BOUND('',#282,.T.);
#226=FACE_OUTER_BOUND('',#283,.T.);
#227=FACE_OUTER_BOUND('',#284,.T.);
#228=FACE_OUTER_BOUND('',#285,.T.);
#229=FACE_OUTER_BOUND('',#286,.T.);
#230=FACE_OUTER_BOUND('',#287,.T.);
#231=FACE_OUTER_BOUND('',#288,.T.);
#232=FACE_OUTER_BOUND('',#289,.T.);
#233=FACE_OUTER_BOUND('',#290,.T.);
#234=FACE_OUTER_BOUND('',#291,.T.);
#235=FACE_OUTER_BOUND('',#292,.T.);
#236=FACE_OUTER_BOUND('',#293,.T.);
#237=FACE_OUTER_BOUND('',#295,.T.);
#238=FACE_OUTER_BOUND('',#296,.T.);
#239=FACE_OUTER_BOUND('',#297,.T.);
#240=FACE_OUTER_BOUND('',#298,.T.);
#241=FACE_OUTER_BOUND('',#299,.T.);
#242=FACE_OUTER_BOUND('',#300,.T.);
#243=FACE_OUTER_BOUND('',#301,.T.);
#244=FACE_OUTER_BOUND('',#302,.T.);
#245=FACE_OUTER_BOUND('',#303,.T.);
#246=FACE_OUTER_BOUND('',#304,.T.);
#247=FACE_OUTER_BOUND('',#305,.T.);
#248=FACE_OUTER_BOUND('',#306,.T.);
#249=FACE_OUTER_BOUND('',#309,.T.);
#250=FACE_OUTER_BOUND('',#312,.T.);
#251=FACE_OUTER_BOUND('',#315,.T.);
#252=FACE_OUTER_BOUND('',#316,.T.);
#253=FACE_OUTER_BOUND('',#318,.T.);
#254=EDGE_LOOP('',(#620,#621));
#255=EDGE_LOOP('',(#622,#623));
#256=EDGE_LOOP('',(#624,#625,#626,#627,#628,#629,#630,#631,#632,#633));
#257=EDGE_LOOP('',(#634,#635,#636));
#258=EDGE_LOOP('',(#637,#638,#639));
#259=EDGE_LOOP('',(#640,#641,#642,#643,#644,#645,#646,#647,#648,#649,#650,
#651));
#260=EDGE_LOOP('',(#652,#653,#654,#655));
#261=EDGE_LOOP('',(#656,#657,#658,#659));
#262=EDGE_LOOP('',(#660,#661,#662,#663));
#263=EDGE_LOOP('',(#664,#665,#666,#667));
#264=EDGE_LOOP('',(#668,#669,#670,#671,#672));
#265=EDGE_LOOP('',(#673,#674,#675,#676));
#266=EDGE_LOOP('',(#677,#678,#679,#680,#681,#682,#683,#684,#685,#686,#687,
#688,#689,#690));
#267=EDGE_LOOP('',(#691,#692,#693,#694));
#268=EDGE_LOOP('',(#695,#696,#697,#698));
#269=EDGE_LOOP('',(#699,#700,#701,#702));
#270=EDGE_LOOP('',(#703,#704,#705,#706,#707,#708,#709));
#271=EDGE_LOOP('',(#710));
#272=EDGE_LOOP('',(#711));
#273=EDGE_LOOP('',(#712,#713,#714,#715));
#274=EDGE_LOOP('',(#716,#717,#718,#719));
#275=EDGE_LOOP('',(#720,#721,#722,#723));
#276=EDGE_LOOP('',(#724,#725,#726,#727,#728));
#277=EDGE_LOOP('',(#729,#730,#731,#732));
#278=EDGE_LOOP('',(#733,#734,#735,#736));
#279=EDGE_LOOP('',(#737,#738,#739,#740,#741,#742));
#280=EDGE_LOOP('',(#743,#744,#745,#746,#747,#748,#749,#750));
#281=EDGE_LOOP('',(#751,#752,#753,#754));
#282=EDGE_LOOP('',(#755,#756,#757,#758));
#283=EDGE_LOOP('',(#759,#760,#761,#762));
#284=EDGE_LOOP('',(#763,#764,#765,#766));
#285=EDGE_LOOP('',(#767,#768,#769,#770));
#286=EDGE_LOOP('',(#771,#772,#773,#774,#775,#776,#777,#778));
#287=EDGE_LOOP('',(#779,#780,#781,#782));
#288=EDGE_LOOP('',(#783,#784,#785,#786));
#289=EDGE_LOOP('',(#787,#788,#789,#790));
#290=EDGE_LOOP('',(#791,#792,#793,#794));
#291=EDGE_LOOP('',(#795,#796,#797,#798,#799,#800,#801,#802));
#292=EDGE_LOOP('',(#803,#804,#805,#806));
#293=EDGE_LOOP('',(#807,#808,#809,#810,#811,#812,#813,#814));
#294=EDGE_LOOP('',(#815));
#295=EDGE_LOOP('',(#816,#817,#818,#819));
#296=EDGE_LOOP('',(#820,#821,#822,#823,#824,#825,#826,#827,#828,#829));
#297=EDGE_LOOP('',(#830,#831,#832,#833,#834,#835,#836,#837));
#298=EDGE_LOOP('',(#838,#839,#840,#841));
#299=EDGE_LOOP('',(#842));
#300=EDGE_LOOP('',(#843,#844,#845,#846));
#301=EDGE_LOOP('',(#847,#848,#849,#850));
#302=EDGE_LOOP('',(#851,#852,#853,#854));
#303=EDGE_LOOP('',(#855,#856,#857,#858));
#304=EDGE_LOOP('',(#859,#860,#861,#862));
#305=EDGE_LOOP('',(#863,#864,#865,#866));
#306=EDGE_LOOP('',(#867,#868,#869,#870,#871,#872,#873));
#307=EDGE_LOOP('',(#874));
#308=EDGE_LOOP('',(#875));
#309=EDGE_LOOP('',(#876,#877,#878,#879,#880,#881,#882,#883));
#310=EDGE_LOOP('',(#884));
#311=EDGE_LOOP('',(#885));
#312=EDGE_LOOP('',(#886,#887,#888,#889,#890,#891,#892,#893));
#313=EDGE_LOOP('',(#894));
#314=EDGE_LOOP('',(#895));
#315=EDGE_LOOP('',(#896,#897,#898,#899));
#316=EDGE_LOOP('',(#900));
#317=EDGE_LOOP('',(#901));
#318=EDGE_LOOP('',(#902,#903,#904,#905));
#319=CIRCLE('',#1003,7.125);
#320=CIRCLE('',#1005,7.125);
#321=CIRCLE('',#1010,7.125);
#322=CIRCLE('',#1012,7.125);
#323=CIRCLE('',#1017,2.);
#324=CIRCLE('',#1018,2.);
#325=CIRCLE('',#1020,2.);
#326=CIRCLE('',#1021,10.);
#327=CIRCLE('',#1022,12.);
#328=CIRCLE('',#1024,2.);
#329=CIRCLE('',#1026,5.);
#330=CIRCLE('',#1031,2.);
#331=CIRCLE('',#1032,2.);
#332=CIRCLE('',#1033,2.);
#333=CIRCLE('',#1034,2.);
#334=CIRCLE('',#1035,2.);
#335=CIRCLE('',#1037,2.);
#336=CIRCLE('',#1039,2.00000000000001);
#337=CIRCLE('',#1040,10.);
#338=CIRCLE('',#1041,12.);
#339=CIRCLE('',#1043,2.);
#340=CIRCLE('',#1045,2.125);
#341=CIRCLE('',#1046,2.125);
#342=CIRCLE('',#1048,1.99999999999999);
#343=CIRCLE('',#1053,2.);
#344=CIRCLE('',#1058,5.);
#345=CIRCLE('',#1059,5.);
#346=CIRCLE('',#1060,5.);
#347=CIRCLE('',#1061,2.);
#348=CIRCLE('',#1064,2.);
#349=CIRCLE('',#1067,5.);
#350=CIRCLE('',#1068,5.);
#351=CIRCLE('',#1070,5.);
#352=CIRCLE('',#1072,5.);
#353=CIRCLE('',#1074,5.);
#354=CIRCLE('',#1076,5.);
#355=CIRCLE('',#1078,5.);
#356=CIRCLE('',#1081,5.);
#357=CIRCLE('',#1082,22.5);
#358=CIRCLE('',#1088,20.);
#359=CIRCLE('',#1091,2.125);
#360=CIRCLE('',#1092,2.125);
#361=CIRCLE('',#1094,2.125);
#362=CIRCLE('',#1096,2.125);
#363=CIRCLE('',#1097,2.125);
#364=CIRCLE('',#1099,2.125);
#365=CIRCLE('',#1105,22.5);
#366=CIRCLE('',#1107,20.);
#367=B_SPLINE_CURVE_WITH_KNOTS('',3,(#1398,#1399,#1400,#1401,#1402,#1403,
#1404,#1405,#1406,#1407,#1408,#1409,#1410,#1411,#1412,#1413,#1414,#1415),
 .UNSPECIFIED.,.F.,.F.,(4,2,2,2,2,2,2,2,4),(1.57772125046473,1.59602110160845,
1.86426695544723,2.14096263792726,2.41765832040729,2.69435400288732,2.97104968536736,
3.23929553920614,3.25759539034985),.UNSPECIFIED.);
#368=B_SPLINE_CURVE_WITH_KNOTS('',3,(#1420,#1421,#1422,#1423,#1424,#1425,
#1426,#1427,#1428,#1429,#1430,#1431,#1432,#1433,#1434,#1435,#1436,#1437),
 .UNSPECIFIED.,.F.,.F.,(4,2,2,2,2,2,2,2,4),(1.57772125046474,1.59602110160845,
1.86426695544723,2.14096263792726,2.4176583204073,2.69435400288733,2.97104968536736,
3.23929553920614,3.25759539034986),.UNSPECIFIED.);
#369=B_SPLINE_CURVE_WITH_KNOTS('',3,(#1445,#1446,#1447,#1448),
 .UNSPECIFIED.,.F.,.F.,(4,4),(1.33457430260271,1.43731070507797),
 .UNSPECIFIED.);
#370=B_SPLINE_CURVE_WITH_KNOTS('',3,(#1452,#1453,#1454,#1455),
 .UNSPECIFIED.,.F.,.F.,(4,4),(1.96748977557316,2.07022234258755),
 .UNSPECIFIED.);
#371=B_SPLINE_CURVE_WITH_KNOTS('',3,(#1463,#1464,#1465,#1466,#1467,#1468,
#1469,#1470,#1471,#1472),.UNSPECIFIED.,.F.,.F.,(4,2,2,2,4),(1.57772125046474,
1.59602110160845,1.86426695544723,2.14096263792726,2.4176583204073),
 .UNSPECIFIED.);
#372=B_SPLINE_CURVE_WITH_KNOTS('',3,(#1475,#1476,#1477,#1478,#1479,#1480,
#1481,#1482,#1483,#1484),.UNSPECIFIED.,.F.,.F.,(4,2,2,2,4),(2.4176583204073,
2.69435400288733,2.97104968536736,3.23929553920614,3.25759539034986),
 .UNSPECIFIED.);
#373=B_SPLINE_CURVE_WITH_KNOTS('',3,(#1488,#1489,#1490,#1491,#1492,#1493,
#1494,#1495,#1496,#1497),.UNSPECIFIED.,.F.,.F.,(4,2,2,2,4),(1.57772125046473,
1.59602110160845,1.86426695544723,2.14096263792726,2.41765832040729),
 .UNSPECIFIED.);
#374=B_SPLINE_CURVE_WITH_KNOTS('',3,(#1500,#1501,#1502,#1503,#1504,#1505,
#1506,#1507,#1508,#1509),.UNSPECIFIED.,.F.,.F.,(4,2,2,2,4),(2.41765832040729,
2.69435400288732,2.97104968536736,3.23929553920614,3.25759539034985),
 .UNSPECIFIED.);
#375=B_SPLINE_CURVE_WITH_KNOTS('',3,(#1516,#1517,#1518,#1519),
 .UNSPECIFIED.,.F.,.F.,(4,4),(1.33457430233146,1.43731070446617),
 .UNSPECIFIED.);
#376=B_SPLINE_CURVE_WITH_KNOTS('',3,(#1523,#1524,#1525,#1526),
 .UNSPECIFIED.,.F.,.F.,(4,4),(0.265091921135245,0.367824488093176),
 .UNSPECIFIED.);
#377=B_SPLINE_CURVE_WITH_KNOTS('',3,(#1563,#1564,#1565,#1566),
 .UNSPECIFIED.,.F.,.F.,(4,4),(1.33457430216602,1.43731070441698),
 .UNSPECIFIED.);
#378=B_SPLINE_CURVE_WITH_KNOTS('',3,(#1668,#1669,#1670,#1671,#1672,#1673,
#1674,#1675,#1676,#1677),.UNSPECIFIED.,.F.,.F.,(4,3,3,4),(0.,0.00788473368770917,
0.00919760188876523,0.0183952039162266),.UNSPECIFIED.);
#379=B_SPLINE_CURVE_WITH_KNOTS('',3,(#1685,#1686,#1687,#1688),
 .UNSPECIFIED.,.F.,.F.,(4,4),(1.96748977565801,2.07022234246778),
 .UNSPECIFIED.);
#380=B_SPLINE_CURVE_WITH_KNOTS('',3,(#1725,#1726,#1727,#1728,#1729,#1730,
#1731,#1732,#1733,#1734),.UNSPECIFIED.,.F.,.F.,(4,3,3,4),(0.,0.00919760190282033,
0.0105104702445512,0.0183952039448336),.UNSPECIFIED.);
#381=B_SPLINE_CURVE_WITH_KNOTS('',3,(#1743,#1744,#1745,#1746),
 .UNSPECIFIED.,.F.,.F.,(4,4),(3.03697215757264,3.13970855993166),
 .UNSPECIFIED.);
#382=B_SPLINE_CURVE_WITH_KNOTS('',3,(#1750,#1751,#1752,#1753),
 .UNSPECIFIED.,.F.,.F.,(4,4),(1.96748977556685,2.0702223427294),
 .UNSPECIFIED.);
#383=B_SPLINE_CURVE_WITH_KNOTS('',3,(#1802,#1803,#1804,#1805,#1806,#1807,
#1808,#1809,#1810,#1811),.UNSPECIFIED.,.F.,.F.,(4,3,3,4),(0.,0.00919760191544819,
0.0105104702589342,0.0183952039695056),.UNSPECIFIED.);
#384=B_SPLINE_CURVE_WITH_KNOTS('',3,(#1857,#1858,#1859,#1860,#1861,#1862,
#1863,#1864,#1865,#1866),.UNSPECIFIED.,.F.,.F.,(4,3,3,4),(0.,0.00919760190139241,
0.0105104702428335,0.0183952039409061),.UNSPECIFIED.);
#385=VERTEX_POINT('',#1396);
#386=VERTEX_POINT('',#1397);
#387=VERTEX_POINT('',#1418);
#388=VERTEX_POINT('',#1419);
#389=VERTEX_POINT('',#1440);
#390=VERTEX_POINT('',#1442);
#391=VERTEX_POINT('',#1444);
#392=VERTEX_POINT('',#1449);
#393=VERTEX_POINT('',#1451);
#394=VERTEX_POINT('',#1456);
#395=VERTEX_POINT('',#1461);
#396=VERTEX_POINT('',#1462);
#397=VERTEX_POINT('',#1473);
#398=VERTEX_POINT('',#1486);
#399=VERTEX_POINT('',#1487);
#400=VERTEX_POINT('',#1498);
#401=VERTEX_POINT('',#1511);
#402=VERTEX_POINT('',#1513);
#403=VERTEX_POINT('',#1515);
#404=VERTEX_POINT('',#1520);
#405=VERTEX_POINT('',#1522);
#406=VERTEX_POINT('',#1527);
#407=VERTEX_POINT('',#1532);
#408=VERTEX_POINT('',#1533);
#409=VERTEX_POINT('',#1535);
#410=VERTEX_POINT('',#1537);
#411=VERTEX_POINT('',#1541);
#412=VERTEX_POINT('',#1542);
#413=VERTEX_POINT('',#1547);
#414=VERTEX_POINT('',#1548);
#415=VERTEX_POINT('',#1553);
#416=VERTEX_POINT('',#1555);
#417=VERTEX_POINT('',#1559);
#418=VERTEX_POINT('',#1561);
#419=VERTEX_POINT('',#1568);
#420=VERTEX_POINT('',#1572);
#421=VERTEX_POINT('',#1574);
#422=VERTEX_POINT('',#1576);
#423=VERTEX_POINT('',#1578);
#424=VERTEX_POINT('',#1580);
#425=VERTEX_POINT('',#1582);
#426=VERTEX_POINT('',#1584);
#427=VERTEX_POINT('',#1586);
#428=VERTEX_POINT('',#1588);
#429=VERTEX_POINT('',#1590);
#430=VERTEX_POINT('',#1592);
#431=VERTEX_POINT('',#1596);
#432=VERTEX_POINT('',#1598);
#433=VERTEX_POINT('',#1602);
#434=VERTEX_POINT('',#1603);
#435=VERTEX_POINT('',#1608);
#436=VERTEX_POINT('',#1609);
#437=VERTEX_POINT('',#1614);
#438=VERTEX_POINT('',#1616);
#439=VERTEX_POINT('',#1619);
#440=VERTEX_POINT('',#1621);
#441=VERTEX_POINT('',#1624);
#442=VERTEX_POINT('',#1667);
#443=VERTEX_POINT('',#1683);
#444=VERTEX_POINT('',#1724);
#445=VERTEX_POINT('',#1735);
#446=VERTEX_POINT('',#1742);
#447=VERTEX_POINT('',#1747);
#448=VERTEX_POINT('',#1749);
#449=VERTEX_POINT('',#1754);
#450=VERTEX_POINT('',#1758);
#451=VERTEX_POINT('',#1760);
#452=VERTEX_POINT('',#1762);
#453=VERTEX_POINT('',#1764);
#454=VERTEX_POINT('',#1871);
#455=VERTEX_POINT('',#1873);
#456=VERTEX_POINT('',#1875);
#457=VERTEX_POINT('',#1879);
#458=VERTEX_POINT('',#1883);
#459=VERTEX_POINT('',#1887);
#460=VERTEX_POINT('',#1891);
#461=VERTEX_POINT('',#1895);
#462=VERTEX_POINT('',#1897);
#463=VERTEX_POINT('',#1904);
#464=VERTEX_POINT('',#1906);
#465=VERTEX_POINT('',#1909);
#466=VERTEX_POINT('',#1914);
#467=VERTEX_POINT('',#1921);
#468=VERTEX_POINT('',#1924);
#469=VERTEX_POINT('',#1928);
#470=VERTEX_POINT('',#1930);
#471=VERTEX_POINT('',#1934);
#472=VERTEX_POINT('',#1938);
#473=VERTEX_POINT('',#1940);
#474=VERTEX_POINT('',#1944);
#475=VERTEX_POINT('',#1953);
#476=VERTEX_POINT('',#1957);
#477=EDGE_CURVE('',#385,#386,#367,.T.);
#478=EDGE_CURVE('',#386,#385,#319,.T.);
#479=EDGE_CURVE('',#387,#388,#368,.T.);
#480=EDGE_CURVE('',#388,#387,#320,.T.);
#481=EDGE_CURVE('',#386,#389,#61,.T.);
#482=EDGE_CURVE('',#390,#389,#53,.T.);
#483=EDGE_CURVE('',#391,#390,#369,.F.);
#484=EDGE_CURVE('',#391,#392,#62,.T.);
#485=EDGE_CURVE('',#393,#392,#370,.F.);
#486=EDGE_CURVE('',#394,#393,#54,.T.);
#487=EDGE_CURVE('',#394,#387,#63,.T.);
#488=EDGE_CURVE('',#388,#385,#64,.T.);
#489=EDGE_CURVE('',#395,#396,#371,.T.);
#490=EDGE_CURVE('',#397,#395,#321,.T.);
#491=EDGE_CURVE('',#396,#397,#372,.T.);
#492=EDGE_CURVE('',#398,#399,#373,.T.);
#493=EDGE_CURVE('',#400,#398,#322,.T.);
#494=EDGE_CURVE('',#399,#400,#374,.T.);
#495=EDGE_CURVE('',#397,#401,#65,.T.);
#496=EDGE_CURVE('',#402,#401,#55,.T.);
#497=EDGE_CURVE('',#403,#402,#375,.F.);
#498=EDGE_CURVE('',#403,#404,#66,.T.);
#499=EDGE_CURVE('',#405,#404,#376,.F.);
#500=EDGE_CURVE('',#406,#405,#56,.T.);
#501=EDGE_CURVE('',#406,#398,#67,.T.);
#502=EDGE_CURVE('',#400,#395,#68,.T.);
#503=EDGE_CURVE('',#407,#408,#323,.T.);
#504=EDGE_CURVE('',#408,#409,#69,.T.);
#505=EDGE_CURVE('',#409,#410,#324,.T.);
#506=EDGE_CURVE('',#410,#407,#70,.T.);
#507=EDGE_CURVE('',#411,#412,#325,.T.);
#508=EDGE_CURVE('',#412,#410,#326,.T.);
#509=EDGE_CURVE('',#409,#411,#327,.T.);
#510=EDGE_CURVE('',#413,#414,#328,.T.);
#511=EDGE_CURVE('',#414,#412,#71,.T.);
#512=EDGE_CURVE('',#411,#413,#72,.T.);
#513=EDGE_CURVE('',#415,#410,#73,.T.);
#514=EDGE_CURVE('',#416,#415,#329,.T.);
#515=EDGE_CURVE('',#416,#407,#74,.F.);
#516=EDGE_CURVE('',#412,#417,#75,.T.);
#517=EDGE_CURVE('',#418,#417,#57,.T.);
#518=EDGE_CURVE('',#415,#418,#377,.F.);
#519=EDGE_CURVE('',#419,#414,#76,.T.);
#520=EDGE_CURVE('',#417,#419,#77,.T.);
#521=EDGE_CURVE('',#413,#420,#78,.T.);
#522=EDGE_CURVE('',#420,#421,#79,.T.);
#523=EDGE_CURVE('',#421,#422,#80,.T.);
#524=EDGE_CURVE('',#423,#422,#330,.T.);
#525=EDGE_CURVE('',#423,#424,#81,.T.);
#526=EDGE_CURVE('',#425,#424,#331,.T.);
#527=EDGE_CURVE('',#425,#426,#82,.T.);
#528=EDGE_CURVE('',#427,#426,#332,.T.);
#529=EDGE_CURVE('',#427,#428,#83,.T.);
#530=EDGE_CURVE('',#429,#428,#333,.T.);
#531=EDGE_CURVE('',#429,#430,#84,.T.);
#532=EDGE_CURVE('',#419,#430,#334,.T.);
#533=EDGE_CURVE('',#422,#431,#85,.T.);
#534=EDGE_CURVE('',#431,#432,#335,.T.);
#535=EDGE_CURVE('',#432,#423,#86,.T.);
#536=EDGE_CURVE('',#433,#434,#336,.T.);
#537=EDGE_CURVE('',#434,#432,#337,.T.);
#538=EDGE_CURVE('',#431,#433,#338,.T.);
#539=EDGE_CURVE('',#435,#436,#339,.T.);
#540=EDGE_CURVE('',#436,#434,#87,.T.);
#541=EDGE_CURVE('',#433,#435,#88,.T.);
#542=EDGE_CURVE('',#421,#437,#89,.T.);
#543=EDGE_CURVE('',#437,#438,#90,.T.);
#544=EDGE_CURVE('',#435,#438,#91,.F.);
#545=EDGE_CURVE('',#439,#439,#340,.T.);
#546=EDGE_CURVE('',#440,#440,#341,.T.);
#547=EDGE_CURVE('',#441,#432,#92,.T.);
#548=EDGE_CURVE('',#424,#441,#93,.T.);
#549=EDGE_CURVE('',#442,#402,#378,.T.);
#550=EDGE_CURVE('',#401,#441,#342,.T.);
#551=EDGE_CURVE('',#441,#442,#58,.T.);
#552=EDGE_CURVE('',#401,#425,#94,.T.);
#553=EDGE_CURVE('',#434,#443,#95,.T.);
#554=EDGE_CURVE('',#442,#443,#379,.F.);
#555=EDGE_CURVE('',#405,#444,#380,.T.);
#556=EDGE_CURVE('',#444,#445,#59,.T.);
#557=EDGE_CURVE('',#445,#406,#343,.T.);
#558=EDGE_CURVE('',#426,#406,#96,.T.);
#559=EDGE_CURVE('',#445,#427,#97,.T.);
#560=EDGE_CURVE('',#446,#444,#381,.F.);
#561=EDGE_CURVE('',#446,#447,#98,.T.);
#562=EDGE_CURVE('',#448,#447,#382,.F.);
#563=EDGE_CURVE('',#449,#448,#60,.T.);
#564=EDGE_CURVE('',#449,#445,#99,.T.);
#565=EDGE_CURVE('',#404,#450,#344,.T.);
#566=EDGE_CURVE('',#450,#451,#100,.T.);
#567=EDGE_CURVE('',#451,#452,#345,.T.);
#568=EDGE_CURVE('',#452,#453,#101,.T.);
#569=EDGE_CURVE('',#453,#446,#346,.T.);
#570=EDGE_CURVE('',#448,#390,#383,.T.);
#571=EDGE_CURVE('',#389,#449,#347,.T.);
#572=EDGE_CURVE('',#428,#449,#102,.T.);
#573=EDGE_CURVE('',#389,#429,#103,.T.);
#574=EDGE_CURVE('',#393,#418,#384,.T.);
#575=EDGE_CURVE('',#417,#394,#348,.T.);
#576=EDGE_CURVE('',#430,#394,#104,.T.);
#577=EDGE_CURVE('',#392,#454,#349,.T.);
#578=EDGE_CURVE('',#454,#455,#105,.T.);
#579=EDGE_CURVE('',#455,#456,#350,.T.);
#580=EDGE_CURVE('',#456,#416,#106,.T.);
#581=EDGE_CURVE('',#457,#391,#351,.T.);
#582=EDGE_CURVE('',#457,#454,#107,.T.);
#583=EDGE_CURVE('',#453,#458,#108,.F.);
#584=EDGE_CURVE('',#447,#458,#352,.T.);
#585=EDGE_CURVE('',#459,#403,#353,.T.);
#586=EDGE_CURVE('',#459,#450,#109,.T.);
#587=EDGE_CURVE('',#436,#460,#110,.F.);
#588=EDGE_CURVE('',#443,#460,#354,.T.);
#589=EDGE_CURVE('',#460,#461,#111,.T.);
#590=EDGE_CURVE('',#461,#462,#355,.T.);
#591=EDGE_CURVE('',#462,#459,#112,.T.);
#592=EDGE_CURVE('',#451,#462,#113,.T.);
#593=EDGE_CURVE('',#461,#456,#114,.F.);
#594=EDGE_CURVE('',#455,#463,#115,.T.);
#595=EDGE_CURVE('',#464,#463,#356,.T.);
#596=EDGE_CURVE('',#464,#452,#116,.F.);
#597=EDGE_CURVE('',#465,#465,#357,.T.);
#598=EDGE_CURVE('',#463,#457,#117,.T.);
#599=EDGE_CURVE('',#438,#466,#118,.T.);
#600=EDGE_CURVE('',#466,#408,#119,.F.);
#601=EDGE_CURVE('',#458,#464,#120,.T.);
#602=EDGE_CURVE('',#467,#467,#358,.T.);
#603=EDGE_CURVE('',#468,#437,#121,.T.);
#604=EDGE_CURVE('',#466,#468,#122,.T.);
#605=EDGE_CURVE('',#469,#469,#359,.T.);
#606=EDGE_CURVE('',#469,#470,#123,.T.);
#607=EDGE_CURVE('',#470,#470,#360,.T.);
#608=EDGE_CURVE('',#471,#471,#361,.T.);
#609=EDGE_CURVE('',#471,#440,#124,.T.);
#610=EDGE_CURVE('',#472,#472,#362,.T.);
#611=EDGE_CURVE('',#472,#473,#125,.T.);
#612=EDGE_CURVE('',#473,#473,#363,.T.);
#613=EDGE_CURVE('',#474,#474,#364,.T.);
#614=EDGE_CURVE('',#474,#439,#126,.T.);
#615=EDGE_CURVE('',#420,#468,#127,.T.);
#616=EDGE_CURVE('',#475,#475,#365,.T.);
#617=EDGE_CURVE('',#475,#465,#128,.T.);
#618=EDGE_CURVE('',#476,#476,#366,.T.);
#619=EDGE_CURVE('',#467,#476,#129,.T.);
#620=ORIENTED_EDGE('',*,*,#477,.F.);
#621=ORIENTED_EDGE('',*,*,#478,.F.);
#622=ORIENTED_EDGE('',*,*,#479,.F.);
#623=ORIENTED_EDGE('',*,*,#480,.F.);
#624=ORIENTED_EDGE('',*,*,#477,.T.);
#625=ORIENTED_EDGE('',*,*,#481,.T.);
#626=ORIENTED_EDGE('',*,*,#482,.F.);
#627=ORIENTED_EDGE('',*,*,#483,.F.);
#628=ORIENTED_EDGE('',*,*,#484,.T.);
#629=ORIENTED_EDGE('',*,*,#485,.F.);
#630=ORIENTED_EDGE('',*,*,#486,.F.);
#631=ORIENTED_EDGE('',*,*,#487,.T.);
#632=ORIENTED_EDGE('',*,*,#479,.T.);
#633=ORIENTED_EDGE('',*,*,#488,.T.);
#634=ORIENTED_EDGE('',*,*,#489,.F.);
#635=ORIENTED_EDGE('',*,*,#490,.F.);
#636=ORIENTED_EDGE('',*,*,#491,.F.);
#637=ORIENTED_EDGE('',*,*,#492,.F.);
#638=ORIENTED_EDGE('',*,*,#493,.F.);
#639=ORIENTED_EDGE('',*,*,#494,.F.);
#640=ORIENTED_EDGE('',*,*,#489,.T.);
#641=ORIENTED_EDGE('',*,*,#491,.T.);
#642=ORIENTED_EDGE('',*,*,#495,.T.);
#643=ORIENTED_EDGE('',*,*,#496,.F.);
#644=ORIENTED_EDGE('',*,*,#497,.F.);
#645=ORIENTED_EDGE('',*,*,#498,.T.);
#646=ORIENTED_EDGE('',*,*,#499,.F.);
#647=ORIENTED_EDGE('',*,*,#500,.F.);
#648=ORIENTED_EDGE('',*,*,#501,.T.);
#649=ORIENTED_EDGE('',*,*,#492,.T.);
#650=ORIENTED_EDGE('',*,*,#494,.T.);
#651=ORIENTED_EDGE('',*,*,#502,.T.);
#652=ORIENTED_EDGE('',*,*,#503,.T.);
#653=ORIENTED_EDGE('',*,*,#504,.T.);
#654=ORIENTED_EDGE('',*,*,#505,.T.);
#655=ORIENTED_EDGE('',*,*,#506,.T.);
#656=ORIENTED_EDGE('',*,*,#507,.T.);
#657=ORIENTED_EDGE('',*,*,#508,.T.);
#658=ORIENTED_EDGE('',*,*,#505,.F.);
#659=ORIENTED_EDGE('',*,*,#509,.T.);
#660=ORIENTED_EDGE('',*,*,#510,.T.);
#661=ORIENTED_EDGE('',*,*,#511,.T.);
#662=ORIENTED_EDGE('',*,*,#507,.F.);
#663=ORIENTED_EDGE('',*,*,#512,.T.);
#664=ORIENTED_EDGE('',*,*,#506,.F.);
#665=ORIENTED_EDGE('',*,*,#513,.F.);
#666=ORIENTED_EDGE('',*,*,#514,.F.);
#667=ORIENTED_EDGE('',*,*,#515,.T.);
#668=ORIENTED_EDGE('',*,*,#508,.F.);
#669=ORIENTED_EDGE('',*,*,#516,.T.);
#670=ORIENTED_EDGE('',*,*,#517,.F.);
#671=ORIENTED_EDGE('',*,*,#518,.F.);
#672=ORIENTED_EDGE('',*,*,#513,.T.);
#673=ORIENTED_EDGE('',*,*,#511,.F.);
#674=ORIENTED_EDGE('',*,*,#519,.F.);
#675=ORIENTED_EDGE('',*,*,#520,.F.);
#676=ORIENTED_EDGE('',*,*,#516,.F.);
#677=ORIENTED_EDGE('',*,*,#510,.F.);
#678=ORIENTED_EDGE('',*,*,#521,.T.);
#679=ORIENTED_EDGE('',*,*,#522,.T.);
#680=ORIENTED_EDGE('',*,*,#523,.T.);
#681=ORIENTED_EDGE('',*,*,#524,.F.);
#682=ORIENTED_EDGE('',*,*,#525,.T.);
#683=ORIENTED_EDGE('',*,*,#526,.F.);
#684=ORIENTED_EDGE('',*,*,#527,.T.);
#685=ORIENTED_EDGE('',*,*,#528,.F.);
#686=ORIENTED_EDGE('',*,*,#529,.T.);
#687=ORIENTED_EDGE('',*,*,#530,.F.);
#688=ORIENTED_EDGE('',*,*,#531,.T.);
#689=ORIENTED_EDGE('',*,*,#532,.F.);
#690=ORIENTED_EDGE('',*,*,#519,.T.);
#691=ORIENTED_EDGE('',*,*,#524,.T.);
#692=ORIENTED_EDGE('',*,*,#533,.T.);
#693=ORIENTED_EDGE('',*,*,#534,.T.);
#694=ORIENTED_EDGE('',*,*,#535,.T.);
#695=ORIENTED_EDGE('',*,*,#536,.T.);
#696=ORIENTED_EDGE('',*,*,#537,.T.);
#697=ORIENTED_EDGE('',*,*,#534,.F.);
#698=ORIENTED_EDGE('',*,*,#538,.T.);
#699=ORIENTED_EDGE('',*,*,#539,.T.);
#700=ORIENTED_EDGE('',*,*,#540,.T.);
#701=ORIENTED_EDGE('',*,*,#536,.F.);
#702=ORIENTED_EDGE('',*,*,#541,.T.);
#703=ORIENTED_EDGE('',*,*,#541,.F.);
#704=ORIENTED_EDGE('',*,*,#538,.F.);
#705=ORIENTED_EDGE('',*,*,#533,.F.);
#706=ORIENTED_EDGE('',*,*,#523,.F.);
#707=ORIENTED_EDGE('',*,*,#542,.T.);
#708=ORIENTED_EDGE('',*,*,#543,.T.);
#709=ORIENTED_EDGE('',*,*,#544,.F.);
#710=ORIENTED_EDGE('',*,*,#545,.T.);
#711=ORIENTED_EDGE('',*,*,#546,.T.);
#712=ORIENTED_EDGE('',*,*,#535,.F.);
#713=ORIENTED_EDGE('',*,*,#547,.F.);
#714=ORIENTED_EDGE('',*,*,#548,.F.);
#715=ORIENTED_EDGE('',*,*,#525,.F.);
#716=ORIENTED_EDGE('',*,*,#549,.T.);
#717=ORIENTED_EDGE('',*,*,#496,.T.);
#718=ORIENTED_EDGE('',*,*,#550,.T.);
#719=ORIENTED_EDGE('',*,*,#551,.T.);
#720=ORIENTED_EDGE('',*,*,#526,.T.);
#721=ORIENTED_EDGE('',*,*,#548,.T.);
#722=ORIENTED_EDGE('',*,*,#550,.F.);
#723=ORIENTED_EDGE('',*,*,#552,.T.);
#724=ORIENTED_EDGE('',*,*,#537,.F.);
#725=ORIENTED_EDGE('',*,*,#553,.T.);
#726=ORIENTED_EDGE('',*,*,#554,.F.);
#727=ORIENTED_EDGE('',*,*,#551,.F.);
#728=ORIENTED_EDGE('',*,*,#547,.T.);
#729=ORIENTED_EDGE('',*,*,#555,.T.);
#730=ORIENTED_EDGE('',*,*,#556,.T.);
#731=ORIENTED_EDGE('',*,*,#557,.T.);
#732=ORIENTED_EDGE('',*,*,#500,.T.);
#733=ORIENTED_EDGE('',*,*,#528,.T.);
#734=ORIENTED_EDGE('',*,*,#558,.T.);
#735=ORIENTED_EDGE('',*,*,#557,.F.);
#736=ORIENTED_EDGE('',*,*,#559,.T.);
#737=ORIENTED_EDGE('',*,*,#556,.F.);
#738=ORIENTED_EDGE('',*,*,#560,.F.);
#739=ORIENTED_EDGE('',*,*,#561,.T.);
#740=ORIENTED_EDGE('',*,*,#562,.F.);
#741=ORIENTED_EDGE('',*,*,#563,.F.);
#742=ORIENTED_EDGE('',*,*,#564,.T.);
#743=ORIENTED_EDGE('',*,*,#555,.F.);
#744=ORIENTED_EDGE('',*,*,#499,.T.);
#745=ORIENTED_EDGE('',*,*,#565,.T.);
#746=ORIENTED_EDGE('',*,*,#566,.T.);
#747=ORIENTED_EDGE('',*,*,#567,.T.);
#748=ORIENTED_EDGE('',*,*,#568,.T.);
#749=ORIENTED_EDGE('',*,*,#569,.T.);
#750=ORIENTED_EDGE('',*,*,#560,.T.);
#751=ORIENTED_EDGE('',*,*,#570,.T.);
#752=ORIENTED_EDGE('',*,*,#482,.T.);
#753=ORIENTED_EDGE('',*,*,#571,.T.);
#754=ORIENTED_EDGE('',*,*,#563,.T.);
#755=ORIENTED_EDGE('',*,*,#530,.T.);
#756=ORIENTED_EDGE('',*,*,#572,.T.);
#757=ORIENTED_EDGE('',*,*,#571,.F.);
#758=ORIENTED_EDGE('',*,*,#573,.T.);
#759=ORIENTED_EDGE('',*,*,#559,.F.);
#760=ORIENTED_EDGE('',*,*,#564,.F.);
#761=ORIENTED_EDGE('',*,*,#572,.F.);
#762=ORIENTED_EDGE('',*,*,#529,.F.);
#763=ORIENTED_EDGE('',*,*,#574,.T.);
#764=ORIENTED_EDGE('',*,*,#517,.T.);
#765=ORIENTED_EDGE('',*,*,#575,.T.);
#766=ORIENTED_EDGE('',*,*,#486,.T.);
#767=ORIENTED_EDGE('',*,*,#532,.T.);
#768=ORIENTED_EDGE('',*,*,#576,.T.);
#769=ORIENTED_EDGE('',*,*,#575,.F.);
#770=ORIENTED_EDGE('',*,*,#520,.T.);
#771=ORIENTED_EDGE('',*,*,#574,.F.);
#772=ORIENTED_EDGE('',*,*,#485,.T.);
#773=ORIENTED_EDGE('',*,*,#577,.T.);
#774=ORIENTED_EDGE('',*,*,#578,.T.);
#775=ORIENTED_EDGE('',*,*,#579,.T.);
#776=ORIENTED_EDGE('',*,*,#580,.T.);
#777=ORIENTED_EDGE('',*,*,#514,.T.);
#778=ORIENTED_EDGE('',*,*,#518,.T.);
#779=ORIENTED_EDGE('',*,*,#484,.F.);
#780=ORIENTED_EDGE('',*,*,#581,.F.);
#781=ORIENTED_EDGE('',*,*,#582,.T.);
#782=ORIENTED_EDGE('',*,*,#577,.F.);
#783=ORIENTED_EDGE('',*,*,#561,.F.);
#784=ORIENTED_EDGE('',*,*,#569,.F.);
#785=ORIENTED_EDGE('',*,*,#583,.T.);
#786=ORIENTED_EDGE('',*,*,#584,.F.);
#787=ORIENTED_EDGE('',*,*,#498,.F.);
#788=ORIENTED_EDGE('',*,*,#585,.F.);
#789=ORIENTED_EDGE('',*,*,#586,.T.);
#790=ORIENTED_EDGE('',*,*,#565,.F.);
#791=ORIENTED_EDGE('',*,*,#540,.F.);
#792=ORIENTED_EDGE('',*,*,#587,.T.);
#793=ORIENTED_EDGE('',*,*,#588,.F.);
#794=ORIENTED_EDGE('',*,*,#553,.F.);
#795=ORIENTED_EDGE('',*,*,#549,.F.);
#796=ORIENTED_EDGE('',*,*,#554,.T.);
#797=ORIENTED_EDGE('',*,*,#588,.T.);
#798=ORIENTED_EDGE('',*,*,#589,.T.);
#799=ORIENTED_EDGE('',*,*,#590,.T.);
#800=ORIENTED_EDGE('',*,*,#591,.T.);
#801=ORIENTED_EDGE('',*,*,#585,.T.);
#802=ORIENTED_EDGE('',*,*,#497,.T.);
#803=ORIENTED_EDGE('',*,*,#591,.F.);
#804=ORIENTED_EDGE('',*,*,#592,.F.);
#805=ORIENTED_EDGE('',*,*,#566,.F.);
#806=ORIENTED_EDGE('',*,*,#586,.F.);
#807=ORIENTED_EDGE('',*,*,#590,.F.);
#808=ORIENTED_EDGE('',*,*,#593,.T.);
#809=ORIENTED_EDGE('',*,*,#579,.F.);
#810=ORIENTED_EDGE('',*,*,#594,.T.);
#811=ORIENTED_EDGE('',*,*,#595,.F.);
#812=ORIENTED_EDGE('',*,*,#596,.T.);
#813=ORIENTED_EDGE('',*,*,#567,.F.);
#814=ORIENTED_EDGE('',*,*,#592,.T.);
#815=ORIENTED_EDGE('',*,*,#597,.T.);
#816=ORIENTED_EDGE('',*,*,#578,.F.);
#817=ORIENTED_EDGE('',*,*,#582,.F.);
#818=ORIENTED_EDGE('',*,*,#598,.F.);
#819=ORIENTED_EDGE('',*,*,#594,.F.);
#820=ORIENTED_EDGE('',*,*,#503,.F.);
#821=ORIENTED_EDGE('',*,*,#515,.F.);
#822=ORIENTED_EDGE('',*,*,#580,.F.);
#823=ORIENTED_EDGE('',*,*,#593,.F.);
#824=ORIENTED_EDGE('',*,*,#589,.F.);
#825=ORIENTED_EDGE('',*,*,#587,.F.);
#826=ORIENTED_EDGE('',*,*,#539,.F.);
#827=ORIENTED_EDGE('',*,*,#544,.T.);
#828=ORIENTED_EDGE('',*,*,#599,.T.);
#829=ORIENTED_EDGE('',*,*,#600,.T.);
#830=ORIENTED_EDGE('',*,*,#570,.F.);
#831=ORIENTED_EDGE('',*,*,#562,.T.);
#832=ORIENTED_EDGE('',*,*,#584,.T.);
#833=ORIENTED_EDGE('',*,*,#601,.T.);
#834=ORIENTED_EDGE('',*,*,#595,.T.);
#835=ORIENTED_EDGE('',*,*,#598,.T.);
#836=ORIENTED_EDGE('',*,*,#581,.T.);
#837=ORIENTED_EDGE('',*,*,#483,.T.);
#838=ORIENTED_EDGE('',*,*,#601,.F.);
#839=ORIENTED_EDGE('',*,*,#583,.F.);
#840=ORIENTED_EDGE('',*,*,#568,.F.);
#841=ORIENTED_EDGE('',*,*,#596,.F.);
#842=ORIENTED_EDGE('',*,*,#602,.F.);
#843=ORIENTED_EDGE('',*,*,#543,.F.);
#844=ORIENTED_EDGE('',*,*,#603,.F.);
#845=ORIENTED_EDGE('',*,*,#604,.F.);
#846=ORIENTED_EDGE('',*,*,#599,.F.);
#847=ORIENTED_EDGE('',*,*,#605,.F.);
#848=ORIENTED_EDGE('',*,*,#606,.T.);
#849=ORIENTED_EDGE('',*,*,#607,.F.);
#850=ORIENTED_EDGE('',*,*,#606,.F.);
#851=ORIENTED_EDGE('',*,*,#608,.F.);
#852=ORIENTED_EDGE('',*,*,#609,.T.);
#853=ORIENTED_EDGE('',*,*,#546,.F.);
#854=ORIENTED_EDGE('',*,*,#609,.F.);
#855=ORIENTED_EDGE('',*,*,#610,.F.);
#856=ORIENTED_EDGE('',*,*,#611,.T.);
#857=ORIENTED_EDGE('',*,*,#612,.F.);
#858=ORIENTED_EDGE('',*,*,#611,.F.);
#859=ORIENTED_EDGE('',*,*,#613,.F.);
#860=ORIENTED_EDGE('',*,*,#614,.T.);
#861=ORIENTED_EDGE('',*,*,#545,.F.);
#862=ORIENTED_EDGE('',*,*,#614,.F.);
#863=ORIENTED_EDGE('',*,*,#542,.F.);
#864=ORIENTED_EDGE('',*,*,#522,.F.);
#865=ORIENTED_EDGE('',*,*,#615,.T.);
#866=ORIENTED_EDGE('',*,*,#603,.T.);
#867=ORIENTED_EDGE('',*,*,#504,.F.);
#868=ORIENTED_EDGE('',*,*,#600,.F.);
#869=ORIENTED_EDGE('',*,*,#604,.T.);
#870=ORIENTED_EDGE('',*,*,#615,.F.);
#871=ORIENTED_EDGE('',*,*,#521,.F.);
#872=ORIENTED_EDGE('',*,*,#512,.F.);
#873=ORIENTED_EDGE('',*,*,#509,.F.);
#874=ORIENTED_EDGE('',*,*,#605,.T.);
#875=ORIENTED_EDGE('',*,*,#610,.T.);
#876=ORIENTED_EDGE('',*,*,#573,.F.);
#877=ORIENTED_EDGE('',*,*,#481,.F.);
#878=ORIENTED_EDGE('',*,*,#478,.T.);
#879=ORIENTED_EDGE('',*,*,#488,.F.);
#880=ORIENTED_EDGE('',*,*,#480,.T.);
#881=ORIENTED_EDGE('',*,*,#487,.F.);
#882=ORIENTED_EDGE('',*,*,#576,.F.);
#883=ORIENTED_EDGE('',*,*,#531,.F.);
#884=ORIENTED_EDGE('',*,*,#607,.T.);
#885=ORIENTED_EDGE('',*,*,#612,.T.);
#886=ORIENTED_EDGE('',*,*,#552,.F.);
#887=ORIENTED_EDGE('',*,*,#495,.F.);
#888=ORIENTED_EDGE('',*,*,#490,.T.);
#889=ORIENTED_EDGE('',*,*,#502,.F.);
#890=ORIENTED_EDGE('',*,*,#493,.T.);
#891=ORIENTED_EDGE('',*,*,#501,.F.);
#892=ORIENTED_EDGE('',*,*,#558,.F.);
#893=ORIENTED_EDGE('',*,*,#527,.F.);
#894=ORIENTED_EDGE('',*,*,#608,.T.);
#895=ORIENTED_EDGE('',*,*,#613,.T.);
#896=ORIENTED_EDGE('',*,*,#616,.F.);
#897=ORIENTED_EDGE('',*,*,#617,.T.);
#898=ORIENTED_EDGE('',*,*,#597,.F.);
#899=ORIENTED_EDGE('',*,*,#617,.F.);
#900=ORIENTED_EDGE('',*,*,#616,.T.);
#901=ORIENTED_EDGE('',*,*,#618,.F.);
#902=ORIENTED_EDGE('',*,*,#602,.T.);
#903=ORIENTED_EDGE('',*,*,#619,.T.);
#904=ORIENTED_EDGE('',*,*,#618,.T.);
#905=ORIENTED_EDGE('',*,*,#619,.F.);
#906=CYLINDRICAL_SURFACE('',#1002,7.125);
#907=CYLINDRICAL_SURFACE('',#1004,7.125);
#908=CYLINDRICAL_SURFACE('',#1006,10.);
#909=CYLINDRICAL_SURFACE('',#1009,7.125);
#910=CYLINDRICAL_SURFACE('',#1011,7.125);
#911=CYLINDRICAL_SURFACE('',#1013,10.);
#912=CYLINDRICAL_SURFACE('',#1016,2.);
#913=CYLINDRICAL_SURFACE('',#1023,2.);
#914=CYLINDRICAL_SURFACE('',#1027,10.);
#915=CYLINDRICAL_SURFACE('',#1036,2.);
#916=CYLINDRICAL_SURFACE('',#1042,2.);
#917=CYLINDRICAL_SURFACE('',#1050,2.);
#918=CYLINDRICAL_SURFACE('',#1051,10.);
#919=CYLINDRICAL_SURFACE('',#1054,2.);
#920=CYLINDRICAL_SURFACE('',#1055,10.);
#921=CYLINDRICAL_SURFACE('',#1057,5.);
#922=CYLINDRICAL_SURFACE('',#1062,2.);
#923=CYLINDRICAL_SURFACE('',#1065,2.);
#924=CYLINDRICAL_SURFACE('',#1066,5.);
#925=CYLINDRICAL_SURFACE('',#1077,5.);
#926=CYLINDRICAL_SURFACE('',#1085,5.);
#927=CYLINDRICAL_SURFACE('',#1090,2.125);
#928=CYLINDRICAL_SURFACE('',#1093,2.125);
#929=CYLINDRICAL_SURFACE('',#1095,2.125);
#930=CYLINDRICAL_SURFACE('',#1098,2.125);
#931=CYLINDRICAL_SURFACE('',#1104,22.5);
#932=CYLINDRICAL_SURFACE('',#1108,20.);
#933=ADVANCED_FACE('',(#199),#906,.F.);
#934=ADVANCED_FACE('',(#200),#907,.F.);
#935=ADVANCED_FACE('',(#201),#908,.F.);
#936=ADVANCED_FACE('',(#202),#909,.F.);
#937=ADVANCED_FACE('',(#203),#910,.F.);
#938=ADVANCED_FACE('',(#204),#911,.F.);
#939=ADVANCED_FACE('',(#205),#912,.T.);
#940=ADVANCED_FACE('',(#206),#51,.T.);
#941=ADVANCED_FACE('',(#207),#913,.T.);
#942=ADVANCED_FACE('',(#208),#29,.F.);
#943=ADVANCED_FACE('',(#209),#914,.F.);
#944=ADVANCED_FACE('',(#210),#30,.T.);
#945=ADVANCED_FACE('',(#211),#31,.T.);
#946=ADVANCED_FACE('',(#212),#915,.T.);
#947=ADVANCED_FACE('',(#213),#52,.T.);
#948=ADVANCED_FACE('',(#214),#916,.T.);
#949=ADVANCED_FACE('',(#215,#19,#20),#32,.T.);
#950=ADVANCED_FACE('',(#216),#33,.T.);
#951=ADVANCED_FACE('',(#217),#15,.F.);
#952=ADVANCED_FACE('',(#218),#917,.T.);
#953=ADVANCED_FACE('',(#219),#918,.F.);
#954=ADVANCED_FACE('',(#220),#16,.F.);
#955=ADVANCED_FACE('',(#221),#919,.T.);
#956=ADVANCED_FACE('',(#222),#920,.F.);
#957=ADVANCED_FACE('',(#223),#921,.T.);
#958=ADVANCED_FACE('',(#224),#17,.F.);
#959=ADVANCED_FACE('',(#225),#922,.T.);
#960=ADVANCED_FACE('',(#226),#34,.T.);
#961=ADVANCED_FACE('',(#227),#18,.F.);
#962=ADVANCED_FACE('',(#228),#923,.T.);
#963=ADVANCED_FACE('',(#229),#924,.T.);
#964=ADVANCED_FACE('',(#230),#35,.F.);
#965=ADVANCED_FACE('',(#231),#36,.F.);
#966=ADVANCED_FACE('',(#232),#37,.F.);
#967=ADVANCED_FACE('',(#233),#38,.F.);
#968=ADVANCED_FACE('',(#234),#925,.T.);
#969=ADVANCED_FACE('',(#235),#39,.F.);
#970=ADVANCED_FACE('',(#236,#21),#40,.T.);
#971=ADVANCED_FACE('',(#237),#41,.F.);
#972=ADVANCED_FACE('',(#238),#42,.F.);
#973=ADVANCED_FACE('',(#239),#926,.T.);
#974=ADVANCED_FACE('',(#240),#43,.F.);
#975=ADVANCED_FACE('',(#241),#44,.T.);
#976=ADVANCED_FACE('',(#242),#45,.F.);
#977=ADVANCED_FACE('',(#243),#927,.F.);
#978=ADVANCED_FACE('',(#244),#928,.F.);
#979=ADVANCED_FACE('',(#245),#929,.F.);
#980=ADVANCED_FACE('',(#246),#930,.F.);
#981=ADVANCED_FACE('',(#247),#46,.T.);
#982=ADVANCED_FACE('',(#248,#22,#23),#47,.T.);
#983=ADVANCED_FACE('',(#249,#24,#25),#48,.T.);
#984=ADVANCED_FACE('',(#250,#26,#27),#49,.T.);
#985=ADVANCED_FACE('',(#251),#931,.T.);
#986=ADVANCED_FACE('',(#252,#28),#50,.T.);
#987=ADVANCED_FACE('',(#253),#932,.T.);
#988=CLOSED_SHELL('',(#933,#934,#935,#936,#937,#938,#939,#940,#941,#942,
#943,#944,#945,#946,#947,#948,#949,#950,#951,#952,#953,#954,#955,#956,#957,
#958,#959,#960,#961,#962,#963,#964,#965,#966,#967,#968,#969,#970,#971,#972,
#973,#974,#975,#976,#977,#978,#979,#980,#981,#982,#983,#984,#985,#986,#987));
#989=DERIVED_UNIT_ELEMENT(#991,1.);
#990=DERIVED_UNIT_ELEMENT(#1966,-3.);
#991=(
MASS_UNIT()
NAMED_UNIT(*)
SI_UNIT(.KILO.,.GRAM.)
);
#992=DERIVED_UNIT((#989,#990));
#993=MEASURE_REPRESENTATION_ITEM('density measure',
POSITIVE_RATIO_MEASURE(7850.),#992);
#994=PROPERTY_DEFINITION_REPRESENTATION(#999,#996);
#995=PROPERTY_DEFINITION_REPRESENTATION(#1000,#997);
#996=REPRESENTATION('material name',(#998),#1963);
#997=REPRESENTATION('density',(#993),#1963);
#998=DESCRIPTIVE_REPRESENTATION_ITEM('Steel','Steel');
#999=PROPERTY_DEFINITION('material property','material name',#1973);
#1000=PROPERTY_DEFINITION('material property','density of part',#1973);
#1001=AXIS2_PLACEMENT_3D('',#1394,#1109,#1110);
#1002=AXIS2_PLACEMENT_3D('',#1395,#1111,#1112);
#1003=AXIS2_PLACEMENT_3D('',#1416,#1113,#1114);
#1004=AXIS2_PLACEMENT_3D('',#1417,#1115,#1116);
#1005=AXIS2_PLACEMENT_3D('',#1438,#1117,#1118);
#1006=AXIS2_PLACEMENT_3D('',#1439,#1119,#1120);
#1007=AXIS2_PLACEMENT_3D('',#1443,#1122,#1123);
#1008=AXIS2_PLACEMENT_3D('',#1457,#1125,#1126);
#1009=AXIS2_PLACEMENT_3D('',#1460,#1129,#1130);
#1010=AXIS2_PLACEMENT_3D('',#1474,#1131,#1132);
#1011=AXIS2_PLACEMENT_3D('',#1485,#1133,#1134);
#1012=AXIS2_PLACEMENT_3D('',#1499,#1135,#1136);
#1013=AXIS2_PLACEMENT_3D('',#1510,#1137,#1138);
#1014=AXIS2_PLACEMENT_3D('',#1514,#1140,#1141);
#1015=AXIS2_PLACEMENT_3D('',#1528,#1143,#1144);
#1016=AXIS2_PLACEMENT_3D('',#1531,#1147,#1148);
#1017=AXIS2_PLACEMENT_3D('',#1534,#1149,#1150);
#1018=AXIS2_PLACEMENT_3D('',#1538,#1152,#1153);
#1019=AXIS2_PLACEMENT_3D('',#1540,#1155,#1156);
#1020=AXIS2_PLACEMENT_3D('',#1543,#1157,#1158);
#1021=AXIS2_PLACEMENT_3D('',#1544,#1159,#1160);
#1022=AXIS2_PLACEMENT_3D('',#1545,#1161,#1162);
#1023=AXIS2_PLACEMENT_3D('',#1546,#1163,#1164);
#1024=AXIS2_PLACEMENT_3D('',#1549,#1165,#1166);
#1025=AXIS2_PLACEMENT_3D('',#1552,#1169,#1170);
#1026=AXIS2_PLACEMENT_3D('',#1556,#1172,#1173);
#1027=AXIS2_PLACEMENT_3D('',#1558,#1175,#1176);
#1028=AXIS2_PLACEMENT_3D('',#1562,#1178,#1179);
#1029=AXIS2_PLACEMENT_3D('',#1567,#1180,#1181);
#1030=AXIS2_PLACEMENT_3D('',#1571,#1184,#1185);
#1031=AXIS2_PLACEMENT_3D('',#1579,#1189,#1190);
#1032=AXIS2_PLACEMENT_3D('',#1583,#1192,#1193);
#1033=AXIS2_PLACEMENT_3D('',#1587,#1195,#1196);
#1034=AXIS2_PLACEMENT_3D('',#1591,#1198,#1199);
#1035=AXIS2_PLACEMENT_3D('',#1594,#1201,#1202);
#1036=AXIS2_PLACEMENT_3D('',#1595,#1203,#1204);
#1037=AXIS2_PLACEMENT_3D('',#1599,#1206,#1207);
#1038=AXIS2_PLACEMENT_3D('',#1601,#1209,#1210);
#1039=AXIS2_PLACEMENT_3D('',#1604,#1211,#1212);
#1040=AXIS2_PLACEMENT_3D('',#1605,#1213,#1214);
#1041=AXIS2_PLACEMENT_3D('',#1606,#1215,#1216);
#1042=AXIS2_PLACEMENT_3D('',#1607,#1217,#1218);
#1043=AXIS2_PLACEMENT_3D('',#1610,#1219,#1220);
#1044=AXIS2_PLACEMENT_3D('',#1613,#1223,#1224);
#1045=AXIS2_PLACEMENT_3D('',#1620,#1228,#1229);
#1046=AXIS2_PLACEMENT_3D('',#1622,#1230,#1231);
#1047=AXIS2_PLACEMENT_3D('',#1623,#1232,#1233);
#1048=AXIS2_PLACEMENT_3D('',#1678,#1236,#1237);
#1049=AXIS2_PLACEMENT_3D('',#1679,#1238,#1239);
#1050=AXIS2_PLACEMENT_3D('',#1680,#1240,#1241);
#1051=AXIS2_PLACEMENT_3D('',#1682,#1243,#1244);
#1052=AXIS2_PLACEMENT_3D('',#1736,#1246,#1247);
#1053=AXIS2_PLACEMENT_3D('',#1737,#1248,#1249);
#1054=AXIS2_PLACEMENT_3D('',#1738,#1250,#1251);
#1055=AXIS2_PLACEMENT_3D('',#1741,#1254,#1255);
#1056=AXIS2_PLACEMENT_3D('',#1755,#1257,#1258);
#1057=AXIS2_PLACEMENT_3D('',#1757,#1260,#1261);
#1058=AXIS2_PLACEMENT_3D('',#1759,#1262,#1263);
#1059=AXIS2_PLACEMENT_3D('',#1763,#1265,#1266);
#1060=AXIS2_PLACEMENT_3D('',#1766,#1268,#1269);
#1061=AXIS2_PLACEMENT_3D('',#1812,#1270,#1271);
#1062=AXIS2_PLACEMENT_3D('',#1813,#1272,#1273);
#1063=AXIS2_PLACEMENT_3D('',#1816,#1276,#1277);
#1064=AXIS2_PLACEMENT_3D('',#1867,#1278,#1279);
#1065=AXIS2_PLACEMENT_3D('',#1868,#1280,#1281);
#1066=AXIS2_PLACEMENT_3D('',#1870,#1283,#1284);
#1067=AXIS2_PLACEMENT_3D('',#1872,#1285,#1286);
#1068=AXIS2_PLACEMENT_3D('',#1876,#1288,#1289);
#1069=AXIS2_PLACEMENT_3D('',#1878,#1291,#1292);
#1070=AXIS2_PLACEMENT_3D('',#1880,#1293,#1294);
#1071=AXIS2_PLACEMENT_3D('',#1882,#1296,#1297);
#1072=AXIS2_PLACEMENT_3D('',#1885,#1299,#1300);
#1073=AXIS2_PLACEMENT_3D('',#1886,#1301,#1302);
#1074=AXIS2_PLACEMENT_3D('',#1888,#1303,#1304);
#1075=AXIS2_PLACEMENT_3D('',#1890,#1306,#1307);
#1076=AXIS2_PLACEMENT_3D('',#1893,#1309,#1310);
#1077=AXIS2_PLACEMENT_3D('',#1894,#1311,#1312);
#1078=AXIS2_PLACEMENT_3D('',#1898,#1314,#1315);
#1079=AXIS2_PLACEMENT_3D('',#1900,#1317,#1318);
#1080=AXIS2_PLACEMENT_3D('',#1902,#1320,#1321);
#1081=AXIS2_PLACEMENT_3D('',#1907,#1324,#1325);
#1082=AXIS2_PLACEMENT_3D('',#1910,#1327,#1328);
#1083=AXIS2_PLACEMENT_3D('',#1911,#1329,#1330);
#1084=AXIS2_PLACEMENT_3D('',#1913,#1332,#1333);
#1085=AXIS2_PLACEMENT_3D('',#1917,#1336,#1337);
#1086=AXIS2_PLACEMENT_3D('',#1919,#1339,#1340);
#1087=AXIS2_PLACEMENT_3D('',#1920,#1341,#1342);
#1088=AXIS2_PLACEMENT_3D('',#1922,#1343,#1344);
#1089=AXIS2_PLACEMENT_3D('',#1923,#1345,#1346);
#1090=AXIS2_PLACEMENT_3D('',#1927,#1349,#1350);
#1091=AXIS2_PLACEMENT_3D('',#1929,#1351,#1352);
#1092=AXIS2_PLACEMENT_3D('',#1932,#1354,#1355);
#1093=AXIS2_PLACEMENT_3D('',#1933,#1356,#1357);
#1094=AXIS2_PLACEMENT_3D('',#1935,#1358,#1359);
#1095=AXIS2_PLACEMENT_3D('',#1937,#1361,#1362);
#1096=AXIS2_PLACEMENT_3D('',#1939,#1363,#1364);
#1097=AXIS2_PLACEMENT_3D('',#1942,#1366,#1367);
#1098=AXIS2_PLACEMENT_3D('',#1943,#1368,#1369);
#1099=AXIS2_PLACEMENT_3D('',#1945,#1370,#1371);
#1100=AXIS2_PLACEMENT_3D('',#1947,#1373,#1374);
#1101=AXIS2_PLACEMENT_3D('',#1949,#1376,#1377);
#1102=AXIS2_PLACEMENT_3D('',#1950,#1378,#1379);
#1103=AXIS2_PLACEMENT_3D('',#1951,#1380,#1381);
#1104=AXIS2_PLACEMENT_3D('',#1952,#1382,#1383);
#1105=AXIS2_PLACEMENT_3D('',#1954,#1384,#1385);
#1106=AXIS2_PLACEMENT_3D('',#1956,#1387,#1388);
#1107=AXIS2_PLACEMENT_3D('',#1958,#1389,#1390);
#1108=AXIS2_PLACEMENT_3D('',#1959,#1391,#1392);
#1109=DIRECTION('axis',(0.,0.,1.));
#1110=DIRECTION('refdir',(1.,0.,0.));
#1111=DIRECTION('center_axis',(1.,0.,0.));
#1112=DIRECTION('ref_axis',(0.,1.,0.));
#1113=DIRECTION('center_axis',(1.,0.,0.));
#1114=DIRECTION('ref_axis',(0.,1.,0.));
#1115=DIRECTION('center_axis',(1.,0.,0.));
#1116=DIRECTION('ref_axis',(0.,1.,0.));
#1117=DIRECTION('center_axis',(1.,2.46519032881566E-32,0.));
#1118=DIRECTION('ref_axis',(-2.46519032881566E-32,1.,0.));
#1119=DIRECTION('center_axis',(-1.56737368182375E-16,1.,0.));
#1120=DIRECTION('ref_axis',(-0.707106781186547,0.,0.707106781186547));
#1121=DIRECTION('',(-1.56737368182375E-16,1.,0.));
#1122=DIRECTION('center_axis',(0.768221279597376,-0.64018439966448,0.));
#1123=DIRECTION('ref_axis',(-0.64018439966448,-0.768221279597376,0.));
#1124=DIRECTION('',(1.56737368182375E-16,-1.,0.));
#1125=DIRECTION('center_axis',(0.768221279597376,0.64018439966448,-2.27439187364269E-16));
#1126=DIRECTION('ref_axis',(-0.64018439966448,0.768221279597376,0.));
#1127=DIRECTION('',(-1.56737368182375E-16,1.,0.));
#1128=DIRECTION('',(-1.56737368182375E-16,1.,0.));
#1129=DIRECTION('center_axis',(-1.,0.,0.));
#1130=DIRECTION('ref_axis',(0.,-1.,0.));
#1131=DIRECTION('center_axis',(-1.,-3.08148791101958E-33,0.));
#1132=DIRECTION('ref_axis',(3.08148791101958E-33,-1.,0.));
#1133=DIRECTION('center_axis',(-1.,0.,0.));
#1134=DIRECTION('ref_axis',(0.,-1.,0.));
#1135=DIRECTION('center_axis',(-1.,3.08148791101958E-33,0.));
#1136=DIRECTION('ref_axis',(-3.08148791101958E-33,-1.,0.));
#1137=DIRECTION('center_axis',(2.61228946970625E-17,-1.,0.));
#1138=DIRECTION('ref_axis',(0.707106781186547,0.,0.707106781186547));
#1139=DIRECTION('',(2.61228946970625E-17,-1.,0.));
#1140=DIRECTION('center_axis',(-0.768221279597376,0.64018439966448,3.41158781046403E-16));
#1141=DIRECTION('ref_axis',(0.64018439966448,0.768221279597376,0.));
#1142=DIRECTION('',(-2.61228946970625E-17,1.,0.));
#1143=DIRECTION('center_axis',(-0.768221279597376,-0.64018439966448,9.09756749457074E-16));
#1144=DIRECTION('ref_axis',(0.64018439966448,-0.768221279597376,0.));
#1145=DIRECTION('',(2.61228946970625E-17,-1.,0.));
#1146=DIRECTION('',(2.61228946970625E-17,-1.,0.));
#1147=DIRECTION('center_axis',(0.,1.,0.));
#1148=DIRECTION('ref_axis',(-0.707106781186548,0.,-0.707106781186547));
#1149=DIRECTION('center_axis',(0.,1.,0.));
#1150=DIRECTION('ref_axis',(-0.707106781186548,0.,-0.707106781186547));
#1151=DIRECTION('',(0.,1.,0.));
#1152=DIRECTION('center_axis',(0.,-1.,0.));
#1153=DIRECTION('ref_axis',(-1.,0.,0.));
#1154=DIRECTION('',(0.,-1.,0.));
#1155=DIRECTION('center_axis',(-1.,0.,0.));
#1156=DIRECTION('ref_axis',(0.,0.,1.));
#1157=DIRECTION('center_axis',(0.,-5.55111512312578E-16,1.));
#1158=DIRECTION('ref_axis',(-1.,0.,0.));
#1159=DIRECTION('center_axis',(1.,0.,0.));
#1160=DIRECTION('ref_axis',(0.,0.707106781186547,0.707106781186548));
#1161=DIRECTION('center_axis',(-1.,0.,0.));
#1162=DIRECTION('ref_axis',(0.,0.707106781186547,0.707106781186548));
#1163=DIRECTION('center_axis',(0.,0.,-1.));
#1164=DIRECTION('ref_axis',(-0.707106781186549,-0.707106781186546,0.));
#1165=DIRECTION('center_axis',(0.,0.,1.));
#1166=DIRECTION('ref_axis',(-0.707106781186549,-0.707106781186546,0.));
#1167=DIRECTION('',(0.,0.,1.));
#1168=DIRECTION('',(0.,0.,-1.));
#1169=DIRECTION('center_axis',(0.,0.,1.));
#1170=DIRECTION('ref_axis',(1.,0.,0.));
#1171=DIRECTION('',(-1.,0.,0.));
#1172=DIRECTION('center_axis',(0.,0.,1.));
#1173=DIRECTION('ref_axis',(0.707106781186547,-0.707106781186547,0.));
#1174=DIRECTION('',(1.,0.,0.));
#1175=DIRECTION('center_axis',(1.,0.,0.));
#1176=DIRECTION('ref_axis',(0.,0.707106781186547,0.707106781186547));
#1177=DIRECTION('',(1.,0.,0.));
#1178=DIRECTION('center_axis',(-0.64018439966448,-0.768221279597376,0.));
#1179=DIRECTION('ref_axis',(-0.768221279597376,0.64018439966448,0.));
#1180=DIRECTION('center_axis',(0.,-1.,0.));
#1181=DIRECTION('ref_axis',(-1.,0.,0.));
#1182=DIRECTION('',(-1.,0.,0.));
#1183=DIRECTION('',(0.,0.,-1.));
#1184=DIRECTION('center_axis',(0.,0.,-1.));
#1185=DIRECTION('ref_axis',(-1.,0.,0.));
#1186=DIRECTION('',(0.,1.,0.));
#1187=DIRECTION('',(-1.,0.,0.));
#1188=DIRECTION('',(5.9211894646675E-17,-1.,0.));
#1189=DIRECTION('center_axis',(0.,0.,1.));
#1190=DIRECTION('ref_axis',(0.707106781186549,-0.707106781186546,0.));
#1191=DIRECTION('',(-1.,0.,0.));
#1192=DIRECTION('center_axis',(0.,0.,1.));
#1193=DIRECTION('ref_axis',(-0.707106781186548,-0.707106781186547,0.));
#1194=DIRECTION('',(-2.61228946970625E-17,1.,0.));
#1195=DIRECTION('center_axis',(0.,0.,1.));
#1196=DIRECTION('ref_axis',(-0.707106781186549,0.707106781186546,0.));
#1197=DIRECTION('',(1.,0.,0.));
#1198=DIRECTION('center_axis',(0.,0.,1.));
#1199=DIRECTION('ref_axis',(0.707106781186549,0.707106781186546,0.));
#1200=DIRECTION('',(1.56737368182375E-16,-1.,0.));
#1201=DIRECTION('center_axis',(0.,0.,1.));
#1202=DIRECTION('ref_axis',(0.707106781186549,-0.707106781186546,0.));
#1203=DIRECTION('center_axis',(0.,0.,1.));
#1204=DIRECTION('ref_axis',(0.707106781186549,-0.707106781186546,0.));
#1205=DIRECTION('',(0.,0.,1.));
#1206=DIRECTION('center_axis',(0.,0.,-1.));
#1207=DIRECTION('ref_axis',(1.,0.,0.));
#1208=DIRECTION('',(0.,0.,-1.));
#1209=DIRECTION('center_axis',(1.,5.9211894646675E-17,0.));
#1210=DIRECTION('ref_axis',(0.,0.,-1.));
#1211=DIRECTION('center_axis',(0.,1.,-4.44089209850062E-15));
#1212=DIRECTION('ref_axis',(1.,0.,0.));
#1213=DIRECTION('center_axis',(-1.,-5.9211894646675E-17,0.));
#1214=DIRECTION('ref_axis',(-5.55111512312579E-17,0.707106781186547,0.707106781186548));
#1215=DIRECTION('center_axis',(1.,5.9211894646675E-17,0.));
#1216=DIRECTION('ref_axis',(-4.18691322315673E-17,0.707106781186547,0.707106781186548));
#1217=DIRECTION('center_axis',(5.9211894646675E-17,-1.,0.));
#1218=DIRECTION('ref_axis',(0.707106781186548,0.,-0.707106781186547));
#1219=DIRECTION('center_axis',(0.,1.,0.));
#1220=DIRECTION('ref_axis',(0.707106781186548,0.,-0.707106781186547));
#1221=DIRECTION('',(-5.9211894646675E-17,1.,0.));
#1222=DIRECTION('',(5.9211894646675E-17,-1.,0.));
#1223=DIRECTION('center_axis',(1.,5.9211894646675E-17,0.));
#1224=DIRECTION('ref_axis',(5.9211894646675E-17,-1.,0.));
#1225=DIRECTION('',(0.,0.,1.));
#1226=DIRECTION('',(0.,-1.,0.));
#1227=DIRECTION('',(0.,0.,-1.));
#1228=DIRECTION('center_axis',(-1.,-5.9211894646675E-17,0.));
#1229=DIRECTION('ref_axis',(0.,-1.,0.));
#1230=DIRECTION('center_axis',(-1.,-5.9211894646675E-17,0.));
#1231=DIRECTION('ref_axis',(0.,-1.,0.));
#1232=DIRECTION('center_axis',(0.,-1.,0.));
#1233=DIRECTION('ref_axis',(-1.,0.,0.));
#1234=DIRECTION('',(1.,0.,0.));
#1235=DIRECTION('',(0.,0.,1.));
#1236=DIRECTION('center_axis',(0.,0.,1.));
#1237=DIRECTION('ref_axis',(-1.,0.,0.));
#1238=DIRECTION('center_axis',(0.64018439966448,-0.768221279597376,0.));
#1239=DIRECTION('ref_axis',(0.768221279597376,0.64018439966448,0.));
#1240=DIRECTION('center_axis',(0.,0.,-1.));
#1241=DIRECTION('ref_axis',(-0.707106781186548,-0.707106781186547,0.));
#1242=DIRECTION('',(0.,0.,-1.));
#1243=DIRECTION('center_axis',(1.,0.,0.));
#1244=DIRECTION('ref_axis',(0.,0.707106781186547,0.707106781186547));
#1245=DIRECTION('',(-1.,0.,0.));
#1246=DIRECTION('center_axis',(0.64018439966448,0.768221279597376,0.));
#1247=DIRECTION('ref_axis',(0.768221279597376,-0.64018439966448,0.));
#1248=DIRECTION('center_axis',(0.,0.,1.));
#1249=DIRECTION('ref_axis',(-1.11022302462516E-15,1.,0.));
#1250=DIRECTION('center_axis',(0.,0.,-1.));
#1251=DIRECTION('ref_axis',(-0.707106781186549,0.707106781186546,0.));
#1252=DIRECTION('',(0.,0.,1.));
#1253=DIRECTION('',(0.,0.,-1.));
#1254=DIRECTION('center_axis',(-1.,0.,0.));
#1255=DIRECTION('ref_axis',(0.,-0.707106781186547,0.707106781186547));
#1256=DIRECTION('',(1.,0.,0.));
#1257=DIRECTION('center_axis',(-0.64018439966448,0.768221279597376,0.));
#1258=DIRECTION('ref_axis',(-0.768221279597376,-0.64018439966448,0.));
#1259=DIRECTION('',(-1.,0.,0.));
#1260=DIRECTION('center_axis',(0.,0.,1.));
#1261=DIRECTION('ref_axis',(-0.707106781186547,0.707106781186547,0.));
#1262=DIRECTION('center_axis',(0.,0.,1.));
#1263=DIRECTION('ref_axis',(-0.707106781186547,0.707106781186547,0.));
#1264=DIRECTION('',(0.,0.,1.));
#1265=DIRECTION('center_axis',(0.,0.,-1.));
#1266=DIRECTION('ref_axis',(-0.707106781186547,0.707106781186547,0.));
#1267=DIRECTION('',(0.,0.,-1.));
#1268=DIRECTION('center_axis',(0.,0.,1.));
#1269=DIRECTION('ref_axis',(-0.707106781186547,0.707106781186547,0.));
#1270=DIRECTION('center_axis',(0.,0.,1.));
#1271=DIRECTION('ref_axis',(1.,0.,0.));
#1272=DIRECTION('center_axis',(0.,0.,-1.));
#1273=DIRECTION('ref_axis',(0.707106781186549,0.707106781186546,0.));
#1274=DIRECTION('',(0.,0.,1.));
#1275=DIRECTION('',(0.,0.,-1.));
#1276=DIRECTION('center_axis',(0.,1.,0.));
#1277=DIRECTION('ref_axis',(1.,0.,0.));
#1278=DIRECTION('center_axis',(0.,0.,1.));
#1279=DIRECTION('ref_axis',(0.,-1.,0.));
#1280=DIRECTION('center_axis',(0.,0.,-1.));
#1281=DIRECTION('ref_axis',(0.707106781186549,-0.707106781186546,0.));
#1282=DIRECTION('',(0.,0.,1.));
#1283=DIRECTION('center_axis',(0.,0.,-1.));
#1284=DIRECTION('ref_axis',(0.707106781186547,-0.707106781186547,0.));
#1285=DIRECTION('center_axis',(0.,0.,1.));
#1286=DIRECTION('ref_axis',(0.707106781186547,-0.707106781186547,0.));
#1287=DIRECTION('',(0.,0.,1.));
#1288=DIRECTION('center_axis',(0.,0.,-1.));
#1289=DIRECTION('ref_axis',(0.707106781186547,-0.707106781186547,0.));
#1290=DIRECTION('',(0.,0.,-1.));
#1291=DIRECTION('center_axis',(0.,0.,1.));
#1292=DIRECTION('ref_axis',(1.,0.,0.));
#1293=DIRECTION('center_axis',(0.,0.,1.));
#1294=DIRECTION('ref_axis',(0.707106781186547,0.707106781186547,0.));
#1295=DIRECTION('',(1.97372982155583E-16,-1.,0.));
#1296=DIRECTION('center_axis',(0.,0.,1.));
#1297=DIRECTION('ref_axis',(1.,0.,0.));
#1298=DIRECTION('',(-1.,7.105427357601E-16,0.));
#1299=DIRECTION('center_axis',(0.,0.,1.));
#1300=DIRECTION('ref_axis',(0.707106781186547,0.707106781186547,0.));
#1301=DIRECTION('center_axis',(0.,0.,1.));
#1302=DIRECTION('ref_axis',(1.,0.,0.));
#1303=DIRECTION('center_axis',(0.,0.,1.));
#1304=DIRECTION('ref_axis',(-0.707106781186547,-0.707106781186547,0.));
#1305=DIRECTION('',(-4.93432455388958E-17,1.,0.));
#1306=DIRECTION('center_axis',(0.,0.,1.));
#1307=DIRECTION('ref_axis',(1.,0.,0.));
#1308=DIRECTION('',(1.,0.,0.));
#1309=DIRECTION('center_axis',(0.,0.,1.));
#1310=DIRECTION('ref_axis',(-0.707106781186547,-0.707106781186547,0.));
#1311=DIRECTION('center_axis',(0.,0.,-1.));
#1312=DIRECTION('ref_axis',(-0.707106781186547,-0.707106781186547,0.));
#1313=DIRECTION('',(0.,0.,1.));
#1314=DIRECTION('center_axis',(0.,0.,-1.));
#1315=DIRECTION('ref_axis',(-0.707106781186547,-0.707106781186547,0.));
#1316=DIRECTION('',(0.,0.,-1.));
#1317=DIRECTION('center_axis',(1.,4.93432455388958E-17,0.));
#1318=DIRECTION('ref_axis',(4.93432455388958E-17,-1.,0.));
#1319=DIRECTION('',(4.93432455388958E-17,-1.,0.));
#1320=DIRECTION('center_axis',(0.,0.,1.));
#1321=DIRECTION('ref_axis',(1.,0.,0.));
#1322=DIRECTION('',(-1.,0.,0.));
#1323=DIRECTION('',(-1.97372982155583E-16,1.,0.));
#1324=DIRECTION('center_axis',(0.,0.,-1.));
#1325=DIRECTION('ref_axis',(0.707106781186547,0.707106781186547,0.));
#1326=DIRECTION('',(1.,-7.105427357601E-16,0.));
#1327=DIRECTION('center_axis',(0.,0.,-1.));
#1328=DIRECTION('ref_axis',(-1.,0.,0.));
#1329=DIRECTION('center_axis',(-1.,-1.97372982155583E-16,0.));
#1330=DIRECTION('ref_axis',(-1.97372982155583E-16,1.,0.));
#1331=DIRECTION('',(0.,0.,-1.));
#1332=DIRECTION('center_axis',(0.,1.,0.));
#1333=DIRECTION('ref_axis',(1.,0.,0.));
#1334=DIRECTION('',(1.,0.,0.));
#1335=DIRECTION('',(0.,0.,1.));
#1336=DIRECTION('center_axis',(0.,0.,-1.));
#1337=DIRECTION('ref_axis',(0.707106781186547,0.707106781186547,0.));
#1338=DIRECTION('',(0.,0.,1.));
#1339=DIRECTION('center_axis',(-7.105427357601E-16,-1.,0.));
#1340=DIRECTION('ref_axis',(-1.,7.105427357601E-16,0.));
#1341=DIRECTION('center_axis',(0.,0.,1.));
#1342=DIRECTION('ref_axis',(-1.,0.,0.));
#1343=DIRECTION('center_axis',(0.,0.,-1.));
#1344=DIRECTION('ref_axis',(-1.,0.,0.));
#1345=DIRECTION('center_axis',(0.,0.,1.));
#1346=DIRECTION('ref_axis',(1.,0.,0.));
#1347=DIRECTION('',(-1.,0.,0.));
#1348=DIRECTION('',(0.,1.,0.));
#1349=DIRECTION('center_axis',(1.,0.,0.));
#1350=DIRECTION('ref_axis',(0.,-1.,0.));
#1351=DIRECTION('center_axis',(1.,0.,0.));
#1352=DIRECTION('ref_axis',(0.,-1.,0.));
#1353=DIRECTION('',(1.,0.,0.));
#1354=DIRECTION('center_axis',(-1.,-1.56737368182375E-16,0.));
#1355=DIRECTION('ref_axis',(0.,-1.,0.));
#1356=DIRECTION('center_axis',(1.,0.,0.));
#1357=DIRECTION('ref_axis',(0.,-1.,0.));
#1358=DIRECTION('center_axis',(1.,2.61228946970625E-17,0.));
#1359=DIRECTION('ref_axis',(0.,-1.,0.));
#1360=DIRECTION('',(1.,0.,0.));
#1361=DIRECTION('center_axis',(1.,0.,0.));
#1362=DIRECTION('ref_axis',(0.,-1.,0.));
#1363=DIRECTION('center_axis',(1.,0.,0.));
#1364=DIRECTION('ref_axis',(0.,-1.,0.));
#1365=DIRECTION('',(1.,0.,0.));
#1366=DIRECTION('center_axis',(-1.,-1.56737368182375E-16,0.));
#1367=DIRECTION('ref_axis',(0.,-1.,0.));
#1368=DIRECTION('center_axis',(1.,0.,0.));
#1369=DIRECTION('ref_axis',(0.,-1.,0.));
#1370=DIRECTION('center_axis',(1.,2.61228946970625E-17,0.));
#1371=DIRECTION('ref_axis',(0.,-1.,0.));
#1372=DIRECTION('',(1.,0.,0.));
#1373=DIRECTION('center_axis',(0.,-1.,0.));
#1374=DIRECTION('ref_axis',(-1.,0.,0.));
#1375=DIRECTION('',(0.,0.,1.));
#1376=DIRECTION('center_axis',(-1.,0.,0.));
#1377=DIRECTION('ref_axis',(0.,1.,0.));
#1378=DIRECTION('center_axis',(1.,1.56737368182375E-16,0.));
#1379=DIRECTION('ref_axis',(1.56737368182375E-16,-1.,0.));
#1380=DIRECTION('center_axis',(-1.,-2.61228946970625E-17,0.));
#1381=DIRECTION('ref_axis',(-2.61228946970625E-17,1.,0.));
#1382=DIRECTION('center_axis',(0.,0.,1.));
#1383=DIRECTION('ref_axis',(-1.,0.,0.));
#1384=DIRECTION('center_axis',(0.,0.,1.));
#1385=DIRECTION('ref_axis',(-1.,0.,0.));
#1386=DIRECTION('',(0.,0.,-1.));
#1387=DIRECTION('center_axis',(0.,0.,1.));
#1388=DIRECTION('ref_axis',(-1.,0.,0.));
#1389=DIRECTION('center_axis',(0.,0.,1.));
#1390=DIRECTION('ref_axis',(-1.,0.,0.));
#1391=DIRECTION('center_axis',(0.,0.,1.));
#1392=DIRECTION('ref_axis',(-1.,0.,0.));
#1393=DIRECTION('',(0.,0.,-1.));
#1394=CARTESIAN_POINT('',(0.,0.,0.));
#1395=CARTESIAN_POINT('Origin',(14.2500000009572,15.8333333344401,-12.5));
#1396=CARTESIAN_POINT('',(14.2500000009572,9.16133026189888,-10.));
#1397=CARTESIAN_POINT('',(14.2500000009572,22.5053364069814,-10.));
#1398=CARTESIAN_POINT('Ctrl Pts',(14.2500000009572,9.16133026189888,-10.));
#1399=CARTESIAN_POINT('Ctrl Pts',(14.2500000009572,9.18381038616299,-9.94000501673549));
#1400=CARTESIAN_POINT('Ctrl Pts',(14.250540098792,9.20711041455069,-9.88028537466337));
#1401=CARTESIAN_POINT('Ctrl Pts',(14.2672037127242,9.58456812195221,-8.95012119866815));
#1402=CARTESIAN_POINT('Ctrl Pts',(14.4009882268903,10.1214698052524,-8.15099545156331));
#1403=CARTESIAN_POINT('Ctrl Pts',(14.7279826335054,11.369906611242,-6.87269581724054));
#1404=CARTESIAN_POINT('Ctrl Pts',(14.9454316017187,12.1711705300239,-6.31313606112915));
#1405=CARTESIAN_POINT('Ctrl Pts',(15.2783343711112,13.9407138884327,-5.56410149529392));
#1406=CARTESIAN_POINT('Ctrl Pts',(15.3838071878045,14.91101439284,-5.375));
#1407=CARTESIAN_POINT('Ctrl Pts',(15.3838071878045,16.7556522760402,-5.375));
#1408=CARTESIAN_POINT('Ctrl Pts',(15.2783343711112,17.7259527804475,-5.56410149529392));
#1409=CARTESIAN_POINT('Ctrl Pts',(14.9454316017187,19.4954961388563,-6.31313606112915));
#1410=CARTESIAN_POINT('Ctrl Pts',(14.7279826335054,20.2967600576383,-6.87269581724054));
#1411=CARTESIAN_POINT('Ctrl Pts',(14.4009882268903,21.5451968636279,-8.1509954515633));
#1412=CARTESIAN_POINT('Ctrl Pts',(14.2672037127242,22.0820985469281,-8.95012119866814));
#1413=CARTESIAN_POINT('Ctrl Pts',(14.250540098792,22.4595562543296,-9.88028537466337));
#1414=CARTESIAN_POINT('Ctrl Pts',(14.2500000009572,22.4828562827173,-9.94000501673549));
#1415=CARTESIAN_POINT('Ctrl Pts',(14.2500000009572,22.5053364069814,-10.));
#1416=CARTESIAN_POINT('Origin',(14.2500000009572,15.8333333344401,-12.5));
#1417=CARTESIAN_POINT('Origin',(14.2500000009572,-15.8333333322265,-12.5));
#1418=CARTESIAN_POINT('',(14.2500000009572,-22.5053364047678,-10.));
#1419=CARTESIAN_POINT('',(14.2500000009572,-9.16133025968528,-10.));
#1420=CARTESIAN_POINT('Ctrl Pts',(14.2500000009572,-22.5053364047678,-10.));
#1421=CARTESIAN_POINT('Ctrl Pts',(14.2500000009572,-22.4828562805037,-9.94000501673549));
#1422=CARTESIAN_POINT('Ctrl Pts',(14.250540098792,-22.459556252116,-9.88028537466337));
#1423=CARTESIAN_POINT('Ctrl Pts',(14.2672037127242,-22.0820985447145,-8.95012119866814));
#1424=CARTESIAN_POINT('Ctrl Pts',(14.4009882268903,-21.5451968614143,-8.1509954515633));
#1425=CARTESIAN_POINT('Ctrl Pts',(14.7279826335054,-20.2967600554247,-6.87269581724054));
#1426=CARTESIAN_POINT('Ctrl Pts',(14.9454316017187,-19.4954961366427,-6.31313606112915));
#1427=CARTESIAN_POINT('Ctrl Pts',(15.2783343711112,-17.7259527782339,-5.56410149529391));
#1428=CARTESIAN_POINT('Ctrl Pts',(15.3838071878046,-16.7556522738266,-5.375));
#1429=CARTESIAN_POINT('Ctrl Pts',(15.3838071878046,-14.9110143906264,-5.375));
#1430=CARTESIAN_POINT('Ctrl Pts',(15.2783343711112,-13.9407138862192,-5.56410149529391));
#1431=CARTESIAN_POINT('Ctrl Pts',(14.9454316017187,-12.1711705278103,-6.31313606112914));
#1432=CARTESIAN_POINT('Ctrl Pts',(14.7279826335054,-11.3699066090284,-6.87269581724053));
#1433=CARTESIAN_POINT('Ctrl Pts',(14.4009882268903,-10.1214698030388,-8.1509954515633));
#1434=CARTESIAN_POINT('Ctrl Pts',(14.2672037127242,-9.58456811973862,-8.95012119866814));
#1435=CARTESIAN_POINT('Ctrl Pts',(14.250540098792,-9.20711041233709,-9.88028537466337));
#1436=CARTESIAN_POINT('Ctrl Pts',(14.2500000009572,-9.18381038394939,-9.94000501673548));
#1437=CARTESIAN_POINT('Ctrl Pts',(14.2500000009572,-9.16133025968528,-10.));
#1438=CARTESIAN_POINT('Origin',(14.2500000009572,-15.8333333322265,-12.5));
#1439=CARTESIAN_POINT('Origin',(24.2500000009572,21.2500000005534,-10.));
#1440=CARTESIAN_POINT('',(14.2500000009572,40.5000000011068,-10.));
#1441=CARTESIAN_POINT('',(14.2500000009572,21.2500000005534,-10.));
#1442=CARTESIAN_POINT('',(23.5999420396755,51.7199304475688,-0.0211511361793683));
#1443=CARTESIAN_POINT('Origin',(24.2500000009572,52.5000000011068,-10.));
#1444=CARTESIAN_POINT('',(24.2500000009572,50.8839134366676,0.));
#1445=CARTESIAN_POINT('Ctrl Pts',(23.5999420396755,51.7199304475688,-0.0211511361793698));
#1446=CARTESIAN_POINT('Ctrl Pts',(23.8390257079269,51.4718887760304,-0.00557636958252261));
#1447=CARTESIAN_POINT('Ctrl Pts',(24.0602006459498,51.1901677150895,2.7656100885692E-13));
#1448=CARTESIAN_POINT('Ctrl Pts',(24.2500000009719,50.883913436644,-1.3389896830196E-15));
#1449=CARTESIAN_POINT('',(24.2500000009572,-50.8839134366733,0.));
#1450=CARTESIAN_POINT('',(24.2500000009572,21.2500000005534,0.));
#1451=CARTESIAN_POINT('',(23.5999420406674,-51.7199304465454,-0.0211511361147527));
#1452=CARTESIAN_POINT('Ctrl Pts',(24.2500000009539,-50.8839134366787,-1.24357989184087E-15));
#1453=CARTESIAN_POINT('Ctrl Pts',(24.0602236019033,-51.1901306740849,-6.4716966077145E-14));
#1454=CARTESIAN_POINT('Ctrl Pts',(23.8390558689394,-51.4718574848066,-0.00557440481003988));
#1455=CARTESIAN_POINT('Ctrl Pts',(23.5999420406692,-51.7199304465436,-0.0211511361146362));
#1456=CARTESIAN_POINT('',(14.2500000009572,-40.4999999988932,-10.));
#1457=CARTESIAN_POINT('Origin',(24.2500000009572,-52.4999999988932,-10.));
#1458=CARTESIAN_POINT('',(14.2500000009572,21.2500000005534,-10.));
#1459=CARTESIAN_POINT('',(14.2500000009572,21.2500000005534,-10.));
#1460=CARTESIAN_POINT('Origin',(-14.2499999990428,-15.8333333322265,-12.5));
#1461=CARTESIAN_POINT('',(-14.2499999990428,-9.16133025968527,-10.));
#1462=CARTESIAN_POINT('',(-15.3838071858428,-15.8333333322265,-5.375));
#1463=CARTESIAN_POINT('Ctrl Pts',(-14.2499999990428,-9.16133025968527,-10.));
#1464=CARTESIAN_POINT('Ctrl Pts',(-14.2499999990428,-9.18381038394939,-9.94000501673549));
#1465=CARTESIAN_POINT('Ctrl Pts',(-14.2505400968775,-9.20711041233709,-9.88028537466337));
#1466=CARTESIAN_POINT('Ctrl Pts',(-14.2672037108097,-9.58456811973861,-8.95012119866814));
#1467=CARTESIAN_POINT('Ctrl Pts',(-14.4009882249759,-10.1214698030388,-8.1509954515633));
#1468=CARTESIAN_POINT('Ctrl Pts',(-14.7279826315909,-11.3699066090284,-6.87269581724054));
#1469=CARTESIAN_POINT('Ctrl Pts',(-14.9454315998043,-12.1711705278103,-6.31313606112915));
#1470=CARTESIAN_POINT('Ctrl Pts',(-15.2783343691968,-13.9407138862191,-5.56410149529391));
#1471=CARTESIAN_POINT('Ctrl Pts',(-15.3838071858901,-14.9110143906264,-5.375));
#1472=CARTESIAN_POINT('Ctrl Pts',(-15.3838071858901,-15.8333333322265,-5.375));
#1473=CARTESIAN_POINT('',(-14.2499999990428,-22.5053364047678,-10.));
#1474=CARTESIAN_POINT('Origin',(-14.2499999990428,-15.8333333322265,-12.5));
#1475=CARTESIAN_POINT('Ctrl Pts',(-15.3838071858901,-15.8333333322265,-5.375));
#1476=CARTESIAN_POINT('Ctrl Pts',(-15.3838071858901,-16.7556522738266,-5.375));
#1477=CARTESIAN_POINT('Ctrl Pts',(-15.2783343691968,-17.7259527782339,-5.56410149529391));
#1478=CARTESIAN_POINT('Ctrl Pts',(-14.9454315998043,-19.4954961366427,-6.31313606112915));
#1479=CARTESIAN_POINT('Ctrl Pts',(-14.7279826315909,-20.2967600554247,-6.87269581724053));
#1480=CARTESIAN_POINT('Ctrl Pts',(-14.4009882249759,-21.5451968614143,-8.1509954515633));
#1481=CARTESIAN_POINT('Ctrl Pts',(-14.2672037108097,-22.0820985447145,-8.95012119866814));
#1482=CARTESIAN_POINT('Ctrl Pts',(-14.2505400968775,-22.459556252116,-9.88028537466337));
#1483=CARTESIAN_POINT('Ctrl Pts',(-14.2499999990428,-22.4828562805037,-9.94000501673549));
#1484=CARTESIAN_POINT('Ctrl Pts',(-14.2499999990428,-22.5053364047678,-10.));
#1485=CARTESIAN_POINT('Origin',(-14.2499999990428,15.8333333344401,-12.5));
#1486=CARTESIAN_POINT('',(-14.2499999990428,22.5053364069814,-10.));
#1487=CARTESIAN_POINT('',(-15.3838071858428,15.8333333344401,-5.375));
#1488=CARTESIAN_POINT('Ctrl Pts',(-14.2499999990428,22.5053364069814,-10.));
#1489=CARTESIAN_POINT('Ctrl Pts',(-14.2499999990428,22.4828562827173,-9.94000501673549));
#1490=CARTESIAN_POINT('Ctrl Pts',(-14.2505400968775,22.4595562543296,-9.88028537466337));
#1491=CARTESIAN_POINT('Ctrl Pts',(-14.2672037108097,22.0820985469281,-8.95012119866815));
#1492=CARTESIAN_POINT('Ctrl Pts',(-14.4009882249759,21.5451968636279,-8.15099545156331));
#1493=CARTESIAN_POINT('Ctrl Pts',(-14.7279826315909,20.2967600576383,-6.87269581724054));
#1494=CARTESIAN_POINT('Ctrl Pts',(-14.9454315998043,19.4954961388563,-6.31313606112915));
#1495=CARTESIAN_POINT('Ctrl Pts',(-15.2783343691968,17.7259527804475,-5.56410149529391));
#1496=CARTESIAN_POINT('Ctrl Pts',(-15.3838071858901,16.7556522760402,-5.375));
#1497=CARTESIAN_POINT('Ctrl Pts',(-15.3838071858901,15.8333333344401,-5.375));
#1498=CARTESIAN_POINT('',(-14.2499999990428,9.16133026189888,-10.));
#1499=CARTESIAN_POINT('Origin',(-14.2499999990428,15.8333333344401,-12.5));
#1500=CARTESIAN_POINT('Ctrl Pts',(-15.3838071858901,15.8333333344401,-5.375));
#1501=CARTESIAN_POINT('Ctrl Pts',(-15.3838071858901,14.91101439284,-5.375));
#1502=CARTESIAN_POINT('Ctrl Pts',(-15.2783343691968,13.9407138884328,-5.56410149529391));
#1503=CARTESIAN_POINT('Ctrl Pts',(-14.9454315998043,12.1711705300239,-6.31313606112915));
#1504=CARTESIAN_POINT('Ctrl Pts',(-14.7279826315909,11.369906611242,-6.87269581724054));
#1505=CARTESIAN_POINT('Ctrl Pts',(-14.4009882249759,10.1214698052524,-8.1509954515633));
#1506=CARTESIAN_POINT('Ctrl Pts',(-14.2672037108097,9.58456812195222,-8.95012119866814));
#1507=CARTESIAN_POINT('Ctrl Pts',(-14.2505400968775,9.20711041455069,-9.88028537466337));
#1508=CARTESIAN_POINT('Ctrl Pts',(-14.2499999990428,9.18381038616299,-9.94000501673548));
#1509=CARTESIAN_POINT('Ctrl Pts',(-14.2499999990428,9.16133026189888,-10.));
#1510=CARTESIAN_POINT('Origin',(-24.2499999990428,-21.2499999994466,-10.));
#1511=CARTESIAN_POINT('',(-14.2499999990428,-40.4999999988932,-10.));
#1512=CARTESIAN_POINT('',(-14.2499999990428,-21.2499999994466,-10.));
#1513=CARTESIAN_POINT('',(-23.5999420396397,-51.7199304476094,-0.0211511360569941));
#1514=CARTESIAN_POINT('Origin',(-24.2499999990428,-52.4999999988932,-10.));
#1515=CARTESIAN_POINT('',(-24.2499999990428,-50.8839134397587,0.));
#1516=CARTESIAN_POINT('Ctrl Pts',(-23.5999420396397,-51.7199304476094,-0.0211511360569952));
#1517=CARTESIAN_POINT('Ctrl Pts',(-23.8390257071021,-51.4718887768943,-0.0055763695567391));
#1518=CARTESIAN_POINT('Ctrl Pts',(-24.0602006444572,-51.1901677170034,2.76911509838598E-13));
#1519=CARTESIAN_POINT('Ctrl Pts',(-24.2499999990575,-50.8839134397351,-1.33356867215717E-15));
#1520=CARTESIAN_POINT('',(-24.2499999990428,50.8839134397531,0.));
#1521=CARTESIAN_POINT('',(-24.2499999990428,-21.2499999994466,0.));
#1522=CARTESIAN_POINT('',(-23.5999420386478,51.7199304486328,-0.0211511361216081));
#1523=CARTESIAN_POINT('Ctrl Pts',(-24.2499999990395,50.8839134397585,-9.76866157409439E-16));
#1524=CARTESIAN_POINT('Ctrl Pts',(-24.0602235998857,51.1901306768345,-6.44680735673939E-14));
#1525=CARTESIAN_POINT('Ctrl Pts',(-23.8390558668885,51.4718574872149,-0.00557440481639493));
#1526=CARTESIAN_POINT('Ctrl Pts',(-23.5999420386496,51.7199304486309,-0.021151136121491));
#1527=CARTESIAN_POINT('',(-14.2499999990428,40.5000000011068,-10.));
#1528=CARTESIAN_POINT('Origin',(-24.2499999990428,52.5000000011068,-10.));
#1529=CARTESIAN_POINT('',(-14.2499999990428,-21.2499999994466,-10.));
#1530=CARTESIAN_POINT('',(-14.2499999990428,-21.2499999994466,-10.));
#1531=CARTESIAN_POINT('Origin',(11.2499999998375,-18.7500000004677,2.));
#1532=CARTESIAN_POINT('',(11.2499999998375,-53.2500000000028,0.));
#1533=CARTESIAN_POINT('',(9.24999999983751,-53.2500000000028,2.));
#1534=CARTESIAN_POINT('Origin',(11.2499999998375,-53.2500000000028,2.));
#1535=CARTESIAN_POINT('',(9.2499999998375,-52.4999999988932,2.));
#1536=CARTESIAN_POINT('',(9.2499999998375,-18.7500000004677,2.));
#1537=CARTESIAN_POINT('',(11.2499999998375,-52.4999999988932,0.));
#1538=CARTESIAN_POINT('Origin',(11.2499999998375,-52.4999999988932,2.));
#1539=CARTESIAN_POINT('',(11.2499999998375,-18.7500000004677,0.));
#1540=CARTESIAN_POINT('Origin',(11.2499999998375,-52.4999999988932,-10.));
#1541=CARTESIAN_POINT('',(9.2499999998375,-40.4999999988932,-10.));
#1542=CARTESIAN_POINT('',(11.2499999998375,-42.4999999988932,-10.));
#1543=CARTESIAN_POINT('Origin',(11.2499999998375,-40.4999999988932,-10.));
#1544=CARTESIAN_POINT('Origin',(11.2499999998375,-52.4999999988932,-10.));
#1545=CARTESIAN_POINT('Origin',(9.2499999998375,-52.4999999988932,-10.));
#1546=CARTESIAN_POINT('Origin',(11.2499999998375,-40.4999999988932,0.));
#1547=CARTESIAN_POINT('',(9.2499999998375,-40.4999999988932,-25.));
#1548=CARTESIAN_POINT('',(11.2499999998375,-42.4999999988932,-25.));
#1549=CARTESIAN_POINT('Origin',(11.2499999998375,-40.4999999988932,-25.));
#1550=CARTESIAN_POINT('',(11.2499999998375,-42.4999999988932,0.));
#1551=CARTESIAN_POINT('',(9.2499999998375,-40.4999999988932,0.));
#1552=CARTESIAN_POINT('Origin',(0.,0.,0.));
#1553=CARTESIAN_POINT('',(22.6339134400048,-52.4999999988932,0.));
#1554=CARTESIAN_POINT('',(7.12500000047861,-52.4999999988932,0.));
#1555=CARTESIAN_POINT('',(20.0000000000011,-53.2500000000028,0.));
#1556=CARTESIAN_POINT('Origin',(20.0000000000011,-48.2500000000028,0.));
#1557=CARTESIAN_POINT('',(-12.4999999999994,-53.2500000000028,0.));
#1558=CARTESIAN_POINT('Origin',(7.12500000047861,-52.4999999988932,-10.));
#1559=CARTESIAN_POINT('',(12.2500000009572,-42.4999999988932,-10.));
#1560=CARTESIAN_POINT('',(7.12500000047861,-42.4999999988932,-10.));
#1561=CARTESIAN_POINT('',(23.469930448651,-51.849942038638,-0.0211511361124995));
#1562=CARTESIAN_POINT('Origin',(24.2500000009572,-52.4999999988932,-10.));
#1563=CARTESIAN_POINT('Ctrl Pts',(23.469930448651,-51.849942038638,-0.0211511361125012));
#1564=CARTESIAN_POINT('Ctrl Pts',(23.2218887777476,-52.0890257064206,-0.00557636957089105));
#1565=CARTESIAN_POINT('Ctrl Pts',(22.9401677175827,-52.3102006440763,2.76760450216108E-13));
#1566=CARTESIAN_POINT('Ctrl Pts',(22.6339134399811,-52.4999999989079,-1.35633691777937E-15));
#1567=CARTESIAN_POINT('Origin',(14.2500000009572,-42.4999999988932,0.));
#1568=CARTESIAN_POINT('',(12.2500000009572,-42.4999999988932,-25.));
#1569=CARTESIAN_POINT('',(14.2500000009572,-42.4999999988932,-25.));
#1570=CARTESIAN_POINT('',(12.2500000009572,-42.4999999988932,0.));
#1571=CARTESIAN_POINT('Origin',(9.57212087371317E-10,1.10680353770931E-9,
-25.));
#1572=CARTESIAN_POINT('',(9.2499999998375,37.4999999990647,-25.));
#1573=CARTESIAN_POINT('',(9.2499999998375,-18.7499999999143,-25.));
#1574=CARTESIAN_POINT('',(-9.2500000001625,37.4999999990647,-25.));
#1575=CARTESIAN_POINT('',(-9.2500000001625,37.4999999990647,-25.));
#1576=CARTESIAN_POINT('',(-9.25000000016249,-40.4999999988932,-25.));
#1577=CARTESIAN_POINT('',(-9.25000000016249,-37.5000000009353,-25.));
#1578=CARTESIAN_POINT('',(-11.2500000001625,-42.4999999988932,-25.));
#1579=CARTESIAN_POINT('Origin',(-11.2500000001625,-40.4999999988932,-25.));
#1580=CARTESIAN_POINT('',(-12.2499999990428,-42.4999999988932,-25.));
#1581=CARTESIAN_POINT('',(14.2500000009572,-42.4999999988932,-25.));
#1582=CARTESIAN_POINT('',(-14.2499999990428,-40.4999999988932,-25.));
#1583=CARTESIAN_POINT('Origin',(-12.2499999990428,-40.4999999988932,-25.));
#1584=CARTESIAN_POINT('',(-14.2499999990428,40.5000000011068,-25.));
#1585=CARTESIAN_POINT('',(-14.2499999990428,-42.4999999988932,-25.));
#1586=CARTESIAN_POINT('',(-12.2499999990428,42.5000000011068,-25.));
#1587=CARTESIAN_POINT('Origin',(-12.2499999990428,40.5000000011068,-25.));
#1588=CARTESIAN_POINT('',(12.2500000009572,42.5000000011068,-25.));
#1589=CARTESIAN_POINT('',(-14.2499999990428,42.5000000011068,-25.));
#1590=CARTESIAN_POINT('',(14.2500000009572,40.5000000011068,-25.));
#1591=CARTESIAN_POINT('Origin',(12.2500000009572,40.5000000011068,-25.));
#1592=CARTESIAN_POINT('',(14.2500000009572,-40.4999999988932,-25.));
#1593=CARTESIAN_POINT('',(14.2500000009572,42.5000000011068,-25.));
#1594=CARTESIAN_POINT('Origin',(12.2500000009572,-40.4999999988932,-25.));
#1595=CARTESIAN_POINT('Origin',(-11.2500000001625,-40.4999999988932,0.));
#1596=CARTESIAN_POINT('',(-9.25000000016249,-40.4999999988932,-10.));
#1597=CARTESIAN_POINT('',(-9.25000000016249,-40.4999999988932,0.));
#1598=CARTESIAN_POINT('',(-11.2500000001625,-42.4999999988932,-10.));
#1599=CARTESIAN_POINT('Origin',(-11.2500000001625,-40.4999999988932,-10.));
#1600=CARTESIAN_POINT('',(-11.2500000001625,-42.4999999988932,0.));
#1601=CARTESIAN_POINT('Origin',(-11.2500000001625,-52.4999999988932,-10.));
#1602=CARTESIAN_POINT('',(-9.25000000016249,-52.4999999988932,2.));
#1603=CARTESIAN_POINT('',(-11.2500000001625,-52.4999999988932,0.));
#1604=CARTESIAN_POINT('Origin',(-11.2500000001625,-52.4999999988932,2.));
#1605=CARTESIAN_POINT('Origin',(-11.2500000001625,-52.4999999988932,-10.));
#1606=CARTESIAN_POINT('Origin',(-9.25000000016249,-52.4999999988932,-10.));
#1607=CARTESIAN_POINT('Origin',(-11.2500000001625,18.7499999995323,2.));
#1608=CARTESIAN_POINT('',(-9.25000000016249,-53.2500000000028,2.));
#1609=CARTESIAN_POINT('',(-11.2500000001625,-53.2500000000028,0.));
#1610=CARTESIAN_POINT('Origin',(-11.2500000001625,-53.2500000000028,2.));
#1611=CARTESIAN_POINT('',(-11.2500000001625,18.7499999995323,0.));
#1612=CARTESIAN_POINT('',(-9.25000000016249,18.7499999995323,2.));
#1613=CARTESIAN_POINT('Origin',(-9.2500000001625,37.4999999990647,0.));
#1614=CARTESIAN_POINT('',(-9.2500000001625,37.4999999990647,7.5));
#1615=CARTESIAN_POINT('',(-9.2500000001625,37.4999999990647,0.));
#1616=CARTESIAN_POINT('',(-9.25000000016249,-53.2500000000028,7.5));
#1617=CARTESIAN_POINT('',(-9.25000000016249,-37.5000000009353,7.5));
#1618=CARTESIAN_POINT('',(-9.25000000016249,-53.2500000000028,10.));
#1619=CARTESIAN_POINT('',(-9.2500000001625,-13.7083333322265,-12.5));
#1620=CARTESIAN_POINT('Origin',(-9.2500000001625,-15.8333333322265,-12.5));
#1621=CARTESIAN_POINT('',(-9.2500000001625,17.9583333344401,-12.5));
#1622=CARTESIAN_POINT('Origin',(-9.2500000001625,15.8333333344401,-12.5));
#1623=CARTESIAN_POINT('Origin',(14.2500000009572,-42.4999999988932,0.));
#1624=CARTESIAN_POINT('',(-12.2499999990428,-42.4999999988932,-10.));
#1625=CARTESIAN_POINT('',(7.12500000047861,-42.4999999988932,-10.));
#1626=CARTESIAN_POINT('',(-12.2499999990428,-42.4999999988932,0.));
#1627=CARTESIAN_POINT('Ctrl Pts',(-23.6004229772674,-51.7205075727627,-0.0211198176959049));
#1628=CARTESIAN_POINT('Ctrl Pts',(-22.5271282279377,-50.432553873567,-0.0909861347595296));
#1629=CARTESIAN_POINT('Ctrl Pts',(-20.4039461018988,-47.8847353223204,-0.580323206947483));
#1630=CARTESIAN_POINT('Ctrl Pts',(-17.3038132817178,-44.1645759381031,-2.47461828362492));
#1631=CARTESIAN_POINT('Ctrl Pts',(-15.3183714614069,-41.7820457537301,-5.11211703870927));
#1632=CARTESIAN_POINT('Ctrl Pts',(-14.4054826329166,-40.6865791595417,-7.8493318614603));
#1633=CARTESIAN_POINT('Ctrl Pts',(-14.2499999990428,-40.4999999988932,-9.28295578279879));
#1634=CARTESIAN_POINT('Ctrl Pts',(-14.2499999990428,-40.4999999988932,-10.));
#1635=CARTESIAN_POINT('Ctrl Pts',(-23.575746884181,-51.7452882278996,-0.0227261124667879));
#1636=CARTESIAN_POINT('Ctrl Pts',(-22.461910527787,-50.4983949695892,-0.0978973578289112));
#1637=CARTESIAN_POINT('Ctrl Pts',(-20.2620816152999,-48.033731849436,-0.624566727624452));
#1638=CARTESIAN_POINT('Ctrl Pts',(-17.1128996132187,-44.4667896520503,-2.63694805863372));
#1639=CARTESIAN_POINT('Ctrl Pts',(-15.206565894535,-42.2468712553141,-5.33568948844188));
#1640=CARTESIAN_POINT('Ctrl Pts',(-14.3871328687557,-41.2637635473118,-7.97828403679622));
#1641=CARTESIAN_POINT('Ctrl Pts',(-14.2499999990428,-41.098398599577,-9.32652149091491));
#1642=CARTESIAN_POINT('Ctrl Pts',(-14.2499999990428,-41.098398599577,-10.));
#1643=CARTESIAN_POINT('Ctrl Pts',(-23.5324592124637,-51.7886543690049,-0.0239315686243609));
#1644=CARTESIAN_POINT('Ctrl Pts',(-22.3471565933392,-50.6136168032805,-0.10308524921943));
#1645=CARTESIAN_POINT('Ctrl Pts',(-20.0080950689827,-48.2952874813119,-0.658231361292687));
#1646=CARTESIAN_POINT('Ctrl Pts',(-16.6710736356125,-44.9962864819988,-2.76476535608375));
#1647=CARTESIAN_POINT('Ctrl Pts',(-14.6976581158243,-43.058898729436,-5.52406202205726));
#1648=CARTESIAN_POINT('Ctrl Pts',(-13.8804744922647,-42.2631799283459,-8.09113130978488));
#1649=CARTESIAN_POINT('Ctrl Pts',(-13.7480492509412,-42.134539210853,-9.36395421095189));
#1650=CARTESIAN_POINT('Ctrl Pts',(-13.7480492509412,-42.134539210853,-10.));
#1651=CARTESIAN_POINT('Ctrl Pts',(-23.489093064265,-51.831915907303,-0.0223245387740672));
#1652=CARTESIAN_POINT('Ctrl Pts',(-22.2319346815376,-50.7282149371868,-0.096169187553872));
#1653=CARTESIAN_POINT('Ctrl Pts',(-19.746803159365,-48.5478921455513,-0.613710168025008));
#1654=CARTESIAN_POINT('Ctrl Pts',(-16.1415527413007,-45.4109667825494,-2.59634752811538));
#1655=CARTESIAN_POINT('Ctrl Pts',(-13.881587768962,-43.485499154777,-5.27875333108846));
#1656=CARTESIAN_POINT('Ctrl Pts',(-12.8691219650289,-42.6413493571757,-7.94529859351192));
#1657=CARTESIAN_POINT('Ctrl Pts',(-12.6987989495556,-42.4999999988932,-9.3151667364855));
#1658=CARTESIAN_POINT('Ctrl Pts',(-12.6987989495556,-42.4999999988932,-10.));
#1659=CARTESIAN_POINT('Ctrl Pts',(-23.4705075729123,-51.8504229771178,-0.0211198176959049));
#1660=CARTESIAN_POINT('Ctrl Pts',(-22.1825538737166,-50.7771282277881,-0.0909861347595294));
#1661=CARTESIAN_POINT('Ctrl Pts',(-19.63473532247,-48.6539461017492,-0.580323206947483));
#1662=CARTESIAN_POINT('Ctrl Pts',(-15.9145759382527,-45.5538132815682,-2.47461828362492));
#1663=CARTESIAN_POINT('Ctrl Pts',(-13.5320457538797,-43.5683714612572,-5.11211703870927));
#1664=CARTESIAN_POINT('Ctrl Pts',(-12.4365791596913,-42.6554826327669,-7.8493318614603));
#1665=CARTESIAN_POINT('Ctrl Pts',(-12.2499999990428,-42.4999999988932,-9.28295578279879));
#1666=CARTESIAN_POINT('Ctrl Pts',(-12.2499999990428,-42.4999999988932,-10.));
#1667=CARTESIAN_POINT('',(-23.4699304477621,-51.8499420394926,-0.0211511360568266));
#1668=CARTESIAN_POINT('Ctrl Pts',(-23.4699304477968,-51.8499420395215,-0.0211511361667123));
#1669=CARTESIAN_POINT('Ctrl Pts',(-23.4888341957868,-51.8317209986961,-0.0223381199478639));
#1670=CARTESIAN_POINT('Ctrl Pts',(-23.5076069698293,-51.8133388483938,-0.0230166145014959));
#1671=CARTESIAN_POINT('Ctrl Pts',(-23.52623870379,-51.7948047260399,-0.0231861149658991));
#1672=CARTESIAN_POINT('Ctrl Pts',(-23.5293410293746,-51.7917186535311,-0.023214338083964));
#1673=CARTESIAN_POINT('Ctrl Pts',(-23.5324394451314,-51.78862836651,-0.023228447121317));
#1674=CARTESIAN_POINT('Ctrl Pts',(-23.535533905153,-51.7855339061152,-0.0232284413797297));
#1675=CARTESIAN_POINT('Ctrl Pts',(-23.557212861004,-51.7638549476502,-0.0232284011557108));
#1676=CARTESIAN_POINT('Ctrl Pts',(-23.578687056468,-51.7419818139544,-0.0225357619895338));
#1677=CARTESIAN_POINT('Ctrl Pts',(-23.5999420396685,-51.7199304476441,-0.0211511361668797));
#1678=CARTESIAN_POINT('Origin',(-12.2499999990428,-40.4999999988932,-10.));
#1679=CARTESIAN_POINT('Origin',(-24.2499999990428,-52.4999999988932,-10.));
#1680=CARTESIAN_POINT('Origin',(-12.2499999990428,-40.4999999988932,0.));
#1681=CARTESIAN_POINT('',(-14.2499999990428,-40.4999999988932,0.));
#1682=CARTESIAN_POINT('Origin',(7.12500000047861,-52.4999999988932,-10.));
#1683=CARTESIAN_POINT('',(-22.6339134400025,-52.4999999988932,0.));
#1684=CARTESIAN_POINT('',(7.12500000047861,-52.4999999988932,0.));
#1685=CARTESIAN_POINT('Ctrl Pts',(-22.6339134400079,-52.4999999988898,-1.20996962449382E-15));
#1686=CARTESIAN_POINT('Ctrl Pts',(-22.9401306766294,-52.3102235999932,-6.47427598818375E-14));
#1687=CARTESIAN_POINT('Ctrl Pts',(-23.221857486624,-52.0890558673477,-0.00557440480066558));
#1688=CARTESIAN_POINT('Ctrl Pts',(-23.4699304477602,-51.8499420394944,-0.0211511360567101));
#1689=CARTESIAN_POINT('Ctrl Pts',(-14.2499999990428,40.5000000011068,-10.));
#1690=CARTESIAN_POINT('Ctrl Pts',(-14.2499999990428,40.5000000011068,-9.28295578284688));
#1691=CARTESIAN_POINT('Ctrl Pts',(-14.480387479135,40.7764649772174,-7.13139664367089));
#1692=CARTESIAN_POINT('Ctrl Pts',(-16.0099814696567,42.6119777658434,-3.79665606593971));
#1693=CARTESIAN_POINT('Ctrl Pts',(-19.3488890972608,46.6186669189684,-0.925857491067558));
#1694=CARTESIAN_POINT('Ctrl Pts',(-22.1693633105921,50.003235974966,-0.114274907317937));
#1695=CARTESIAN_POINT('Ctrl Pts',(-23.6004229762597,51.7205075737671,-0.0211198177615035));
#1696=CARTESIAN_POINT('Ctrl Pts',(-14.2499999990428,41.0983986017906,-10.));
#1697=CARTESIAN_POINT('Ctrl Pts',(-14.2499999990428,41.0983986017906,-9.32652149096008));
#1698=CARTESIAN_POINT('Ctrl Pts',(-14.4502184480363,41.3411422901547,-7.30933418625321));
#1699=CARTESIAN_POINT('Ctrl Pts',(-15.8403310276384,43.001208429013,-4.02125288911489));
#1700=CARTESIAN_POINT('Ctrl Pts',(-19.1688340382273,46.8085896075942,-0.997402779894228));
#1701=CARTESIAN_POINT('Ctrl Pts',(-22.0906317413874,50.0827638846519,-0.122954439835554));
#1702=CARTESIAN_POINT('Ctrl Pts',(-23.5757468831352,51.7452882289425,-0.0227261125373666));
#1703=CARTESIAN_POINT('Ctrl Pts',(-13.7480492509412,42.1345392130666,-10.));
#1704=CARTESIAN_POINT('Ctrl Pts',(-13.7480492509412,42.1345392130666,-9.36395421099455));
#1705=CARTESIAN_POINT('Ctrl Pts',(-13.9393976315342,42.3201142710441,-7.46431674445816));
#1706=CARTESIAN_POINT('Ctrl Pts',(-15.3378609598207,43.6836738517864,-4.20407193336665));
#1707=CARTESIAN_POINT('Ctrl Pts',(-18.8447863303055,47.1423494926668,-1.05066122649123));
#1708=CARTESIAN_POINT('Ctrl Pts',(-21.9520557193031,50.2219376159335,-0.129469809648633));
#1709=CARTESIAN_POINT('Ctrl Pts',(-23.5324592113508,51.7886543701153,-0.023931568698679));
#1710=CARTESIAN_POINT('Ctrl Pts',(-12.6987989495556,42.5000000011068,-10.));
#1711=CARTESIAN_POINT('Ctrl Pts',(-12.6987989495556,42.5000000011068,-9.31516673653142));
#1712=CARTESIAN_POINT('Ctrl Pts',(-12.9497699107627,42.7075390340103,-7.26349630374898));
#1713=CARTESIAN_POINT('Ctrl Pts',(-14.6547667206342,44.1336656852087,-3.96443749363559));
#1714=CARTESIAN_POINT('Ctrl Pts',(-18.5116175193741,47.4643957503493,-0.97993215613902));
#1715=CARTESIAN_POINT('Ctrl Pts',(-21.8128818862387,50.3603146151015,-0.120784070695888));
#1716=CARTESIAN_POINT('Ctrl Pts',(-23.4890930630846,51.8319159084804,-0.0223245388434004));
#1717=CARTESIAN_POINT('Ctrl Pts',(-12.2499999990428,42.5000000011068,-10.));
#1718=CARTESIAN_POINT('Ctrl Pts',(-12.2499999990428,42.5000000011068,-9.28295578284688));
#1719=CARTESIAN_POINT('Ctrl Pts',(-12.5264649751534,42.730387481199,-7.13139664367089));
#1720=CARTESIAN_POINT('Ctrl Pts',(-14.3619777637794,44.2599814717207,-3.79665606593971));
#1721=CARTESIAN_POINT('Ctrl Pts',(-18.3686669169043,47.5988890993248,-0.925857491067558));
#1722=CARTESIAN_POINT('Ctrl Pts',(-21.753235972902,50.4193633126561,-0.114274907317935));
#1723=CARTESIAN_POINT('Ctrl Pts',(-23.4705075717031,51.8504229783237,-0.021119817761503));
#1724=CARTESIAN_POINT('',(-23.4699304465272,51.8499420406772,-0.0211511361238609));
#1725=CARTESIAN_POINT('Ctrl Pts',(-23.5999420386773,51.7199304486682,-0.021151136302141));
#1726=CARTESIAN_POINT('Ctrl Pts',(-23.5786870557397,51.7419818146571,-0.0225357620343859));
#1727=CARTESIAN_POINT('Ctrl Pts',(-23.5572128605816,51.7638549480686,-0.0232284012066184));
#1728=CARTESIAN_POINT('Ctrl Pts',(-23.5355339050236,51.785533906239,-0.0232284414519617));
#1729=CARTESIAN_POINT('Ctrl Pts',(-23.5324394446703,51.7886283669652,-0.0232284471965936));
#1730=CARTESIAN_POINT('Ctrl Pts',(-23.5293410285809,51.7917186543169,-0.0232143381592486));
#1731=CARTESIAN_POINT('Ctrl Pts',(-23.5262387026629,51.7948047271554,-0.0231861150382288));
#1732=CARTESIAN_POINT('Ctrl Pts',(-23.5076069686666,51.8133388495327,-0.0230166145739718));
#1733=CARTESIAN_POINT('Ctrl Pts',(-23.4888341945738,51.8317209998414,-0.0223381200262898));
#1734=CARTESIAN_POINT('Ctrl Pts',(-23.4699304465627,51.8499420407067,-0.0211511363043938));
#1735=CARTESIAN_POINT('',(-12.2499999990428,42.5000000011068,-10.));
#1736=CARTESIAN_POINT('Origin',(-24.2499999990428,52.5000000011068,-10.));
#1737=CARTESIAN_POINT('Origin',(-12.2499999990428,40.5000000011068,-10.));
#1738=CARTESIAN_POINT('Origin',(-12.2499999990428,40.5000000011068,0.));
#1739=CARTESIAN_POINT('',(-14.2499999990428,40.5000000011068,0.));
#1740=CARTESIAN_POINT('',(-12.2499999990428,42.5000000011068,0.));
#1741=CARTESIAN_POINT('Origin',(-7.1249999995214,52.5000000011068,-10.));
#1742=CARTESIAN_POINT('',(-22.6339134364216,52.5000000011068,0.));
#1743=CARTESIAN_POINT('Ctrl Pts',(-23.4699304465272,51.8499420406772,-0.0211511361238616));
#1744=CARTESIAN_POINT('Ctrl Pts',(-23.2218887751771,52.0890257086084,-0.00557636956837053));
#1745=CARTESIAN_POINT('Ctrl Pts',(-22.9401677145102,52.3102006463306,2.76625256782409E-13));
#1746=CARTESIAN_POINT('Ctrl Pts',(-22.633913436398,52.5000000011214,-1.40837862205867E-15));
#1747=CARTESIAN_POINT('',(22.6339134364238,52.5000000011068,0.));
#1748=CARTESIAN_POINT('',(-7.1249999995214,52.5000000011068,0.));
#1749=CARTESIAN_POINT('',(23.4699304474161,51.8499420398226,-0.0211511361795353));
#1750=CARTESIAN_POINT('Ctrl Pts',(22.6339134364292,52.5000000011034,-1.08094956596805E-15));
#1751=CARTESIAN_POINT('Ctrl Pts',(22.94013067429,52.3102236017958,-6.46077996216167E-14));
#1752=CARTESIAN_POINT('Ctrl Pts',(23.2218574853974,52.0890558684801,-0.00557440482576885));
#1753=CARTESIAN_POINT('Ctrl Pts',(23.4699304474142,51.8499420398244,-0.0211511361794187));
#1754=CARTESIAN_POINT('',(12.2500000009572,42.5000000011068,-10.));
#1755=CARTESIAN_POINT('Origin',(24.2500000009572,52.5000000011068,-10.));
#1756=CARTESIAN_POINT('',(-7.1249999995214,42.5000000011068,-10.));
#1757=CARTESIAN_POINT('Origin',(-19.9999999999989,48.2499999999972,20.));
#1758=CARTESIAN_POINT('',(-24.9999999999989,48.2499999999972,0.));
#1759=CARTESIAN_POINT('Origin',(-19.9999999999989,48.2499999999972,0.));
#1760=CARTESIAN_POINT('',(-24.9999999999989,48.2499999999972,20.));
#1761=CARTESIAN_POINT('',(-24.9999999999989,48.2499999999972,20.));
#1762=CARTESIAN_POINT('',(-19.9999999999989,53.2499999999972,20.));
#1763=CARTESIAN_POINT('Origin',(-19.9999999999989,48.2499999999972,20.));
#1764=CARTESIAN_POINT('',(-19.9999999999989,53.2499999999972,0.));
#1765=CARTESIAN_POINT('',(-19.9999999999989,53.2499999999972,20.));
#1766=CARTESIAN_POINT('Origin',(-19.9999999999989,48.2499999999972,0.));
#1767=CARTESIAN_POINT('Ctrl Pts',(12.2500000009572,42.5000000011068,-10.));
#1768=CARTESIAN_POINT('Ctrl Pts',(12.2500000009572,42.5000000011068,-8.56591156577679));
#1769=CARTESIAN_POINT('Ctrl Pts',(12.815875098491,42.971562582385,-6.41679978796348));
#1770=CARTESIAN_POINT('Ctrl Pts',(15.0319957654558,44.8183298048556,-3.31872769448222));
#1771=CARTESIAN_POINT('Ctrl Pts',(18.3676135073785,47.5980112564578,-0.925649167675086));
#1772=CARTESIAN_POINT('Ctrl Pts',(21.7532359738816,50.4193633118771,-0.11427490749393));
#1773=CARTESIAN_POINT('Ctrl Pts',(23.4705075725736,51.8504229774538,-0.0211198178181338));
#1774=CARTESIAN_POINT('Ctrl Pts',(12.848398601641,42.5000000011068,-10.));
#1775=CARTESIAN_POINT('Ctrl Pts',(12.848398601641,42.5000000011068,-8.65304298199814));
#1776=CARTESIAN_POINT('Ctrl Pts',(13.3447362614186,42.9072424939382,-6.61802344245447));
#1777=CARTESIAN_POINT('Ctrl Pts',(15.3879677486599,44.6465444548331,-3.51354966010231));
#1778=CARTESIAN_POINT('Ctrl Pts',(18.5573750418198,47.4179652912246,-0.999511026343438));
#1779=CARTESIAN_POINT('Ctrl Pts',(21.8327638835979,50.3406317426442,-0.122954440024845));
#1780=CARTESIAN_POINT('Ctrl Pts',(23.4952882277823,51.8257468842965,-0.0227261125982963));
#1781=CARTESIAN_POINT('Ctrl Pts',(13.884539212917,41.9980492530052,-10.));
#1782=CARTESIAN_POINT('Ctrl Pts',(13.884539212917,41.9980492530052,-8.72790842206274));
#1783=CARTESIAN_POINT('Ctrl Pts',(14.2629745145534,42.3888004246698,-6.79124711416044));
#1784=CARTESIAN_POINT('Ctrl Pts',(16.012593632581,44.1749532122716,-3.67067029506498));
#1785=CARTESIAN_POINT('Ctrl Pts',(18.8907324563736,47.0931081901326,-1.05520467828347));
#1786=CARTESIAN_POINT('Ctrl Pts',(21.9719376149328,50.2020557205084,-0.129469809847922));
#1787=CARTESIAN_POINT('Ctrl Pts',(23.5386543690133,51.7824592124541,-0.0239315687628373));
#1788=CARTESIAN_POINT('Ctrl Pts',(14.2500000009572,40.9487989516196,-10.));
#1789=CARTESIAN_POINT('Ctrl Pts',(14.2500000009572,40.9487989516196,-8.63033347314215));
#1790=CARTESIAN_POINT('Ctrl Pts',(14.673042772792,41.4622646990616,-6.56663677274123));
#1791=CARTESIAN_POINT('Ctrl Pts',(16.4405382322851,43.5499555816208,-3.46444289707662));
#1792=CARTESIAN_POINT('Ctrl Pts',(19.2134370104001,46.7603617200749,-0.98147535764903));
#1793=CARTESIAN_POINT('Ctrl Pts',(22.1103146141518,50.0628818873908,-0.120784070881854));
#1794=CARTESIAN_POINT('Ctrl Pts',(23.5819159074362,51.7390930641297,-0.0223245389032554));
#1795=CARTESIAN_POINT('Ctrl Pts',(14.2500000009572,40.5000000011068,-10.));
#1796=CARTESIAN_POINT('Ctrl Pts',(14.2500000009572,40.5000000011068,-8.56591156577679));
#1797=CARTESIAN_POINT('Ctrl Pts',(14.7215625822354,41.0658750986406,-6.41679978796348));
#1798=CARTESIAN_POINT('Ctrl Pts',(16.568329804706,43.2819957656054,-3.31872769448222));
#1799=CARTESIAN_POINT('Ctrl Pts',(19.3480112563083,46.617613507528,-0.925649167675086));
#1800=CARTESIAN_POINT('Ctrl Pts',(22.1693633117275,50.0032359740312,-0.11427490749393));
#1801=CARTESIAN_POINT('Ctrl Pts',(23.6004229773042,51.7205075727232,-0.0211198178181335));
#1802=CARTESIAN_POINT('Ctrl Pts',(23.4699304474317,51.8499420398355,-0.0211511363561492));
#1803=CARTESIAN_POINT('Ctrl Pts',(23.4919818134818,51.8286870568984,-0.0225357621350269));
#1804=CARTESIAN_POINT('Ctrl Pts',(23.5138549469263,51.8072128617124,-0.0232284012693011));
#1805=CARTESIAN_POINT('Ctrl Pts',(23.5355339051333,51.7855339061315,-0.0232284415142016));
#1806=CARTESIAN_POINT('Ctrl Pts',(23.5386283658646,51.782439445775,-0.0232284472587703));
#1807=CARTESIAN_POINT('Ctrl Pts',(23.5417186532214,51.7793410296825,-0.023214338221317));
#1808=CARTESIAN_POINT('Ctrl Pts',(23.5448047260649,51.7762387037612,-0.0231861151001914));
#1809=CARTESIAN_POINT('Ctrl Pts',(23.5633388484721,51.7576069697463,-0.0230166146353044));
#1810=CARTESIAN_POINT('Ctrl Pts',(23.5817209988113,51.7388341956337,-0.0223381201187468));
#1811=CARTESIAN_POINT('Ctrl Pts',(23.5999420396885,51.7199304475844,-0.0211511363559811));
#1812=CARTESIAN_POINT('Origin',(12.2500000009572,40.5000000011068,-10.));
#1813=CARTESIAN_POINT('Origin',(12.2500000009572,40.5000000011068,0.));
#1814=CARTESIAN_POINT('',(12.2500000009572,42.5000000011068,0.));
#1815=CARTESIAN_POINT('',(14.2500000009572,40.5000000011068,0.));
#1816=CARTESIAN_POINT('Origin',(-14.2499999990428,42.5000000011068,0.));
#1817=CARTESIAN_POINT('Ctrl Pts',(14.2500000009572,-40.4999999988932,-10.));
#1818=CARTESIAN_POINT('Ctrl Pts',(14.2500000009572,-40.4999999988932,-9.28295578283999));
#1819=CARTESIAN_POINT('Ctrl Pts',(14.405482634813,-40.6865791595201,-7.84933186158377));
#1820=CARTESIAN_POINT('Ctrl Pts',(15.3183714631998,-41.7820457535843,-5.11211703897513));
#1821=CARTESIAN_POINT('Ctrl Pts',(17.3038132832937,-44.164575937697,-2.47461828397555));
#1822=CARTESIAN_POINT('Ctrl Pts',(20.4039461031805,-47.8847353215612,-0.580323207227639));
#1823=CARTESIAN_POINT('Ctrl Pts',(22.5271282290566,-50.4325538726124,-0.0909861349045581));
#1824=CARTESIAN_POINT('Ctrl Pts',(23.6004229783186,-51.7205075717268,-0.0211198177520999));
#1825=CARTESIAN_POINT('Ctrl Pts',(14.2500000009572,-41.098398599577,-10.));
#1826=CARTESIAN_POINT('Ctrl Pts',(14.2500000009572,-41.098398599577,-9.32652149095361));
#1827=CARTESIAN_POINT('Ctrl Pts',(14.3871328706544,-41.2637635472928,-7.97828403691233));
#1828=CARTESIAN_POINT('Ctrl Pts',(15.2065658963386,-42.2468712551821,-5.33568948870351));
#1829=CARTESIAN_POINT('Ctrl Pts',(17.1128996148005,-44.4667896516671,-2.6369480589995));
#1830=CARTESIAN_POINT('Ctrl Pts',(20.2620816165644,-48.0337318487043,-0.624566727924707));
#1831=CARTESIAN_POINT('Ctrl Pts',(22.4619105288768,-50.4983949686655,-0.0978973579849035));
#1832=CARTESIAN_POINT('Ctrl Pts',(23.5757468851996,-51.7452882268967,-0.0227261125272495));
#1833=CARTESIAN_POINT('Ctrl Pts',(13.7480492528556,-42.134539210853,-10.));
#1834=CARTESIAN_POINT('Ctrl Pts',(13.7480492528556,-42.134539210853,-9.36395421098844));
#1835=CARTESIAN_POINT('Ctrl Pts',(13.880474494164,-42.2631799283312,-8.09113130989451));
#1836=CARTESIAN_POINT('Ctrl Pts',(14.6976581176272,-43.0588987293272,-5.5240620223161));
#1837=CARTESIAN_POINT('Ctrl Pts',(16.6710736371782,-44.9962864816555,-2.76476535646287));
#1838=CARTESIAN_POINT('Ctrl Pts',(20.0080950702069,-48.2952874806286,-0.658231361608371));
#1839=CARTESIAN_POINT('Ctrl Pts',(22.3471565943763,-50.6136168024109,-0.103085249383663));
#1840=CARTESIAN_POINT('Ctrl Pts',(23.5324592134248,-51.7886543680598,-0.0239315686880264));
#1841=CARTESIAN_POINT('Ctrl Pts',(12.69879895147,-42.4999999988932,-10.));
#1842=CARTESIAN_POINT('Ctrl Pts',(12.69879895147,-42.4999999988932,-9.31516673652484));
#1843=CARTESIAN_POINT('Ctrl Pts',(12.8691219669236,-42.6413493571594,-7.9452985936299));
#1844=CARTESIAN_POINT('Ctrl Pts',(13.8815877707409,-43.4854991546635,-5.27875333135107));
#1845=CARTESIAN_POINT('Ctrl Pts',(16.1415527428262,-45.4109667822153,-2.59634752847725));
#1846=CARTESIAN_POINT('Ctrl Pts',(19.7468031605409,-48.5478921449058,-0.613710168320261));
#1847=CARTESIAN_POINT('Ctrl Pts',(22.2319346825205,-50.7282149363694,-0.0961691877071231));
#1848=CARTESIAN_POINT('Ctrl Pts',(23.4890930651683,-51.8319159064153,-0.0223245388334625));
#1849=CARTESIAN_POINT('Ctrl Pts',(12.2500000009572,-42.4999999988932,-10.));
#1850=CARTESIAN_POINT('Ctrl Pts',(12.2500000009572,-42.4999999988932,-9.28295578283999));
#1851=CARTESIAN_POINT('Ctrl Pts',(12.4365791615842,-42.655482632749,-7.84933186158376));
#1852=CARTESIAN_POINT('Ctrl Pts',(13.5320457556483,-43.5683714611358,-5.11211703897513));
#1853=CARTESIAN_POINT('Ctrl Pts',(15.914575939761,-45.5538132812297,-2.47461828397555));
#1854=CARTESIAN_POINT('Ctrl Pts',(19.6347353236252,-48.6539461011165,-0.580323207227641));
#1855=CARTESIAN_POINT('Ctrl Pts',(22.1825538746764,-50.7771282269925,-0.0909861349045595));
#1856=CARTESIAN_POINT('Ctrl Pts',(23.4705075737909,-51.8504229762546,-0.0211198177521005));
#1857=CARTESIAN_POINT('Ctrl Pts',(23.5999420406963,-51.7199304465801,-0.021151136224641));
#1858=CARTESIAN_POINT('Ctrl Pts',(23.5786870577937,-51.7419818125944,-0.0225357620297859));
#1859=CARTESIAN_POINT('Ctrl Pts',(23.5572128626335,-51.7638549459993,-0.023228401197449));
#1860=CARTESIAN_POINT('Ctrl Pts',(23.5355339070916,-51.7855339041789,-0.0232284414419678));
#1861=CARTESIAN_POINT('Ctrl Pts',(23.5324394467407,-51.7886283649062,-0.023228447186482));
#1862=CARTESIAN_POINT('Ctrl Pts',(23.5293410306539,-51.7917186522591,-0.0232143381490379));
#1863=CARTESIAN_POINT('Ctrl Pts',(23.5262387047384,-51.7948047250987,-0.0231861150278637));
#1864=CARTESIAN_POINT('Ctrl Pts',(23.5076069707583,-51.8133388474818,-0.0230166145626896));
#1865=CARTESIAN_POINT('Ctrl Pts',(23.488834196696,-51.831720997813,-0.0223381200069653));
#1866=CARTESIAN_POINT('Ctrl Pts',(23.4699304486856,-51.8499420386669,-0.0211511362223878));
#1867=CARTESIAN_POINT('Origin',(12.2500000009572,-40.4999999988932,-10.));
#1868=CARTESIAN_POINT('Origin',(12.2500000009572,-40.4999999988932,0.));
#1869=CARTESIAN_POINT('',(14.2500000009572,-40.4999999988932,0.));
#1870=CARTESIAN_POINT('Origin',(20.0000000000011,-48.2500000000028,20.));
#1871=CARTESIAN_POINT('',(25.0000000000011,-48.2500000000028,0.));
#1872=CARTESIAN_POINT('Origin',(20.0000000000011,-48.2500000000028,0.));
#1873=CARTESIAN_POINT('',(25.0000000000011,-48.2500000000028,20.));
#1874=CARTESIAN_POINT('',(25.0000000000011,-48.2500000000028,20.));
#1875=CARTESIAN_POINT('',(20.0000000000011,-53.2500000000028,20.));
#1876=CARTESIAN_POINT('Origin',(20.0000000000011,-48.2500000000028,20.));
#1877=CARTESIAN_POINT('',(20.0000000000011,-53.2500000000028,20.));
#1878=CARTESIAN_POINT('Origin',(0.,0.,0.));
#1879=CARTESIAN_POINT('',(25.0000000000011,48.2499999999971,0.));
#1880=CARTESIAN_POINT('Origin',(20.0000000000011,48.2499999999971,0.));
#1881=CARTESIAN_POINT('',(25.0000000000011,-22.5000000000014,0.));
#1882=CARTESIAN_POINT('Origin',(0.,0.,0.));
#1883=CARTESIAN_POINT('',(20.0000000000011,53.2499999999971,0.));
#1884=CARTESIAN_POINT('',(12.5000000000006,53.2499999999971,0.));
#1885=CARTESIAN_POINT('Origin',(20.0000000000011,48.2499999999971,0.));
#1886=CARTESIAN_POINT('Origin',(0.,0.,0.));
#1887=CARTESIAN_POINT('',(-24.9999999999989,-48.2500000000028,0.));
#1888=CARTESIAN_POINT('Origin',(-19.9999999999989,-48.2500000000028,0.));
#1889=CARTESIAN_POINT('',(-24.9999999999989,22.4999999999986,0.));
#1890=CARTESIAN_POINT('Origin',(0.,0.,0.));
#1891=CARTESIAN_POINT('',(-19.9999999999989,-53.2500000000028,0.));
#1892=CARTESIAN_POINT('',(-12.4999999999994,-53.2500000000028,0.));
#1893=CARTESIAN_POINT('Origin',(-19.9999999999989,-48.2500000000028,0.));
#1894=CARTESIAN_POINT('Origin',(-19.9999999999989,-48.2500000000028,20.));
#1895=CARTESIAN_POINT('',(-19.9999999999989,-53.2500000000028,20.));
#1896=CARTESIAN_POINT('',(-19.9999999999989,-53.2500000000028,20.));
#1897=CARTESIAN_POINT('',(-24.9999999999989,-48.2500000000028,20.));
#1898=CARTESIAN_POINT('Origin',(-19.9999999999989,-48.2500000000028,20.));
#1899=CARTESIAN_POINT('',(-24.9999999999989,-48.2500000000028,20.));
#1900=CARTESIAN_POINT('Origin',(-24.9999999999989,44.9999999999972,20.));
#1901=CARTESIAN_POINT('',(-24.9999999999989,22.4999999999986,20.));
#1902=CARTESIAN_POINT('Origin',(0.,0.,20.));
#1903=CARTESIAN_POINT('',(-12.4999999999994,-53.2500000000028,20.));
#1904=CARTESIAN_POINT('',(25.0000000000011,48.2499999999971,20.));
#1905=CARTESIAN_POINT('',(25.0000000000011,-22.5000000000014,20.));
#1906=CARTESIAN_POINT('',(20.0000000000011,53.2499999999971,20.));
#1907=CARTESIAN_POINT('Origin',(20.0000000000011,48.2499999999971,20.));
#1908=CARTESIAN_POINT('',(12.5000000000006,53.2499999999971,20.));
#1909=CARTESIAN_POINT('',(22.5,2.75545529808154E-15,20.));
#1910=CARTESIAN_POINT('Origin',(0.,0.,20.));
#1911=CARTESIAN_POINT('Origin',(25.0000000000011,-45.0000000000028,20.));
#1912=CARTESIAN_POINT('',(25.0000000000011,48.2499999999971,20.));
#1913=CARTESIAN_POINT('Origin',(-24.9999999999989,-53.2500000000028,20.));
#1914=CARTESIAN_POINT('',(9.24999999983751,-53.2500000000028,7.5));
#1915=CARTESIAN_POINT('',(-12.4999999999994,-53.2500000000028,7.5));
#1916=CARTESIAN_POINT('',(9.24999999983751,-53.2500000000028,10.));
#1917=CARTESIAN_POINT('Origin',(20.0000000000011,48.2499999999971,20.));
#1918=CARTESIAN_POINT('',(20.0000000000011,53.2499999999971,20.));
#1919=CARTESIAN_POINT('Origin',(25.0000000000011,53.2499999999971,20.));
#1920=CARTESIAN_POINT('Origin',(0.,0.,42.25));
#1921=CARTESIAN_POINT('',(20.,2.44929359829471E-15,42.25));
#1922=CARTESIAN_POINT('Origin',(0.,0.,42.25));
#1923=CARTESIAN_POINT('Origin',(0.,0.,7.5));
#1924=CARTESIAN_POINT('',(9.2499999998375,37.4999999990647,7.5));
#1925=CARTESIAN_POINT('',(4.62499999991875,37.4999999990647,7.5));
#1926=CARTESIAN_POINT('',(9.2499999998375,-18.7500000004677,7.5));
#1927=CARTESIAN_POINT('Origin',(-14.2499999990428,15.8333333344401,-12.5));
#1928=CARTESIAN_POINT('',(9.24999999983751,17.9583333344401,-12.5));
#1929=CARTESIAN_POINT('Origin',(9.24999999983751,15.8333333344401,-12.5));
#1930=CARTESIAN_POINT('',(14.2500000009572,17.9583333344401,-12.5));
#1931=CARTESIAN_POINT('',(-14.2499999990428,17.9583333344401,-12.5));
#1932=CARTESIAN_POINT('Origin',(14.2500000009572,15.8333333344401,-12.5));
#1933=CARTESIAN_POINT('Origin',(-14.2499999990428,15.8333333344401,-12.5));
#1934=CARTESIAN_POINT('',(-14.2499999990428,17.9583333344401,-12.5));
#1935=CARTESIAN_POINT('Origin',(-14.2499999990428,15.8333333344401,-12.5));
#1936=CARTESIAN_POINT('',(-14.2499999990428,17.9583333344401,-12.5));
#1937=CARTESIAN_POINT('Origin',(-14.2499999990428,-15.8333333322265,-12.5));
#1938=CARTESIAN_POINT('',(9.24999999983751,-13.7083333322265,-12.5));
#1939=CARTESIAN_POINT('Origin',(9.24999999983751,-15.8333333322265,-12.5));
#1940=CARTESIAN_POINT('',(14.2500000009572,-13.7083333322265,-12.5));
#1941=CARTESIAN_POINT('',(-14.2499999990428,-13.7083333322265,-12.5));
#1942=CARTESIAN_POINT('Origin',(14.2500000009572,-15.8333333322265,-12.5));
#1943=CARTESIAN_POINT('Origin',(-14.2499999990428,-15.8333333322265,-12.5));
#1944=CARTESIAN_POINT('',(-14.2499999990428,-13.7083333322265,-12.5));
#1945=CARTESIAN_POINT('Origin',(-14.2499999990428,-15.8333333322265,-12.5));
#1946=CARTESIAN_POINT('',(-14.2499999990428,-13.7083333322265,-12.5));
#1947=CARTESIAN_POINT('Origin',(9.2499999998375,37.4999999990647,0.));
#1948=CARTESIAN_POINT('',(9.2499999998375,37.4999999990647,0.));
#1949=CARTESIAN_POINT('Origin',(9.2499999998375,-37.5000000009353,0.));
#1950=CARTESIAN_POINT('Origin',(14.2500000009572,42.5000000011068,0.));
#1951=CARTESIAN_POINT('Origin',(-14.2499999990428,-42.4999999988932,0.));
#1952=CARTESIAN_POINT('Origin',(0.,0.,20.));
#1953=CARTESIAN_POINT('',(22.5,2.75545529808154E-15,27.75));
#1954=CARTESIAN_POINT('Origin',(0.,0.,27.75));
#1955=CARTESIAN_POINT('',(22.5,2.75545529808154E-15,20.));
#1956=CARTESIAN_POINT('Origin',(0.,0.,27.75));
#1957=CARTESIAN_POINT('',(20.,2.44929359829471E-15,27.75));
#1958=CARTESIAN_POINT('Origin',(0.,0.,27.75));
#1959=CARTESIAN_POINT('Origin',(0.,0.,20.));
#1960=CARTESIAN_POINT('',(20.,2.44929359829471E-15,20.));
#1961=UNCERTAINTY_MEASURE_WITH_UNIT(LENGTH_MEASURE(0.01),#1965,
'DISTANCE_ACCURACY_VALUE',
'Maximum model space distance between geometric entities at asserted c
onnectivities');
#1962=UNCERTAINTY_MEASURE_WITH_UNIT(LENGTH_MEASURE(0.01),#1965,
'DISTANCE_ACCURACY_VALUE',
'Maximum model space distance between geometric entities at asserted c
onnectivities');
#1963=(
GEOMETRIC_REPRESENTATION_CONTEXT(3)
GLOBAL_UNCERTAINTY_ASSIGNED_CONTEXT((#1961))
GLOBAL_UNIT_ASSIGNED_CONTEXT((#1965,#1967,#1968))
REPRESENTATION_CONTEXT('','3D')
);
#1964=(
GEOMETRIC_REPRESENTATION_CONTEXT(3)
GLOBAL_UNCERTAINTY_ASSIGNED_CONTEXT((#1962))
GLOBAL_UNIT_ASSIGNED_CONTEXT((#1965,#1967,#1968))
REPRESENTATION_CONTEXT('','3D')
);
#1965=(
LENGTH_UNIT()
NAMED_UNIT(*)
SI_UNIT(.MILLI.,.METRE.)
);
#1966=(
LENGTH_UNIT()
NAMED_UNIT(*)
SI_UNIT($,.METRE.)
);
#1967=(
NAMED_UNIT(*)
PLANE_ANGLE_UNIT()
SI_UNIT($,.RADIAN.)
);
#1968=(
NAMED_UNIT(*)
SI_UNIT($,.STERADIAN.)
SOLID_ANGLE_UNIT()
);
#1969=SHAPE_DEFINITION_REPRESENTATION(#1970,#1971);
#1970=PRODUCT_DEFINITION_SHAPE('',$,#1973);
#1971=SHAPE_REPRESENTATION('',(#1001),#1963);
#1972=PRODUCT_DEFINITION_CONTEXT('part definition',#1977,'design');
#1973=PRODUCT_DEFINITION('2026-04-13-22-22-46-411',
'Altitude Bearing to plank connector',#1974,#1972);
#1974=PRODUCT_DEFINITION_FORMATION('',$,#1979);
#1975=PRODUCT_RELATED_PRODUCT_CATEGORY(
'Altitude Bearing to plank connector',
'Altitude Bearing to plank connector',(#1979));
#1976=APPLICATION_PROTOCOL_DEFINITION('international standard',
'automotive_design',2009,#1977);
#1977=APPLICATION_CONTEXT(
'Core Data for Automotive Mechanical Design Process');
#1978=PRODUCT_CONTEXT('part definition',#1977,'mechanical');
#1979=PRODUCT('2026-04-13-22-22-46-411',
'Altitude Bearing to plank connector',$,(#1978));
#1980=PRESENTATION_STYLE_ASSIGNMENT((#1982));
#1981=PRESENTATION_STYLE_ASSIGNMENT((#1983));
#1982=SURFACE_STYLE_USAGE(.BOTH.,#1984);
#1983=SURFACE_STYLE_USAGE(.BOTH.,#1985);
#1984=SURFACE_SIDE_STYLE('',(#1986));
#1985=SURFACE_SIDE_STYLE('',(#1987));
#1986=SURFACE_STYLE_FILL_AREA(#1988);
#1987=SURFACE_STYLE_FILL_AREA(#1989);
#1988=FILL_AREA_STYLE('Steel - Satin',(#1990));
#1989=FILL_AREA_STYLE('ABS (White)',(#1991));
#1990=FILL_AREA_STYLE_COLOUR('Steel - Satin',#1992);
#1991=FILL_AREA_STYLE_COLOUR('ABS (White)',#1993);
#1992=COLOUR_RGB('Steel - Satin',0.627450980392157,0.627450980392157,0.627450980392157);
#1993=COLOUR_RGB('ABS (White)',0.964705882352941,0.964705882352941,0.952941176470588);
ENDSEC;
END-ISO-10303-21;
